OverTime,MonthlyIncome,Age,TotalWorkingYears,YearsAtCompany,JobSatisfaction,MaritalStatus_Married,MaritalStatus_Single,Attrition
0,2.026752327274747,1.0901940236181409,2.2614821417371727,-0.6657058719069946,-0.6479968271994002,False,False,0
0,-0.8644084008911711,-1.634827596376192,-1.0726746626292767,-0.8300707901019612,1.1535262668585071,True,False,0
0,2.3477057786207,0.9811931588183676,1.4920613407295304,0.8135783918477043,0.25276471982955345,True,False,0
0,-0.9562015179204555,-1.307825001976872,-0.5597274619575152,-0.008246199127128446,0.25276471982955345,True,False,0
1,-0.18595622912437518,0.6541905644190477,-0.1750170614536942,0.1561187190678381,0.25276471982955345,False,False,0
1,-0.6621195879530991,-0.9808224075775521,-0.816201062293396,-0.6657058719069946,1.1535262668585071,True,False,1
0,-0.8214139666854172,1.5261974828172342,-1.3291482629651574,-0.9944357082969277,1.1535262668585071,True,False,0
0,0.9192157021345277,0.6541905644190477,0.8508773398898287,0.1561187190678381,-1.5487583742283537,True,False,0
0,-0.40952728699429525,0.32718797001972766,-0.816201062293396,-0.33697603551706157,-1.5487583742283537,True,False,0
1,-0.16660873373178595,-1.0898232723773253,-0.6879642621254556,-0.172611117322095,1.1535262668585071,True,False,0
0,-0.674373001701739,-0.10881548917936558,-0.1750170614536942,-0.33697603551706157,-1.5487583742283537,False,True,1
0,2.05942809727112,-0.8718215427777788,-0.30325386162163454,-0.008246199127128446,1.1535262668585071,False,False,0
0,-0.6120310721033959,0.8721922940185942,0.08145653888218654,0.4848485554577712,1.1535262668585071,True,False,0
0,-0.9183664158193922,-1.5258267315764187,-0.816201062293396,-0.5013409537120281,0.25276471982955345,False,True,0
0,-0.25818687859004164,-0.3268172187789122,0.33793013921806725,0.9779433100426709,-1.5487583742283537,False,True,0
0,-1.1698838559230522,-1.9618301907755118,-1.3291482629651574,-0.9944357082969277,1.1535262668585071,False,True,1
0,0.3082647920707654,0.7631914292188209,-0.1750170614536942,0.4848485554577712,1.1535262668585071,True,False,1
0,-0.23153032938247428,1.0901940236181409,0.594403739553948,0.1561187190678381,-0.6479968271994002,True,False,0
0,0.08275898466158643,-0.6538198131782321,-0.1750170614536942,0.1561187190678381,1.1535262668585071,True,False,0
1,0.8876147929932986,0.9811931588183676,1.2355877403936497,0.4848485554577712,-1.5487583742283537,True,False,0
0,-0.8089455807657486,-0.4358180835786855,0.4661669393860076,1.1423082282376373,1.1535262668585071,True,False,0
0,0.4604650891591341,0.10918624042018105,0.08145653888218654,0.1561187190678381,1.1535262668585071,False,True,0
0,-0.1354377689326144,-0.10881548917936558,0.594403739553948,0.9779433100426709,-0.6479968271994002,False,True,0
0,-0.6709334469652787,0.9811931588183676,-0.1750170614536942,-0.008246199127128446,-1.5487583742283537,False,True,0
0,0.07007562657088905,0.436188834819501,-0.04678026128575383,-0.6657058719069946,-0.6479968271994002,False,True,0
0,-0.8310877143817118,-1.8528293259757387,-1.200911462797217,-0.8300707901019612,1.1535262668585071,False,True,0
0,0.38737455100935253,-0.6538198131782321,-0.6879642621254556,-0.33697603551706157,0.25276471982955345,True,False,0
1,-0.7478934841935782,-0.6538198131782321,-0.9444378624613363,-0.5013409537120281,-1.5487583742283537,False,False,0
0,2.258062383301703,0.9811931588183676,2.133245341569232,3.114687246577236,-1.5487583742283537,True,False,0
1,2.373287466973123,1.7441992124167807,1.2355877403936497,-0.33697603551706157,0.25276471982955345,True,False,0
0,-0.9132070837147017,-1.4168258667766453,-1.200911462797217,-0.9944357082969277,-1.5487583742283537,False,False,0
0,-0.7298358218271614,1.6351983476170073,-0.30325386162163454,-0.33697603551706157,0.25276471982955345,True,False,0
0,-0.9579212952886857,-0.10881548917936558,0.2096933390501269,0.1561187190678381,-0.6479968271994002,False,True,0
1,-0.5415202000059596,-0.8718215427777788,-0.1750170614536942,-0.5013409537120281,-0.6479968271994002,True,False,0
0,-0.42694003284762555,-0.9808224075775521,-0.1750170614536942,0.4848485554577712,-1.5487583742283537,False,False,0
0,2.651891400626408,0.5451896996192743,1.6202981408974708,2.45722757379737,0.25276471982955345,True,False,0
1,-0.895149421348285,-1.7438284611759653,-1.200911462797217,-0.8300707901019612,-1.5487583742283537,False,True,0
0,-0.3446056913436069,1.6351983476170073,-0.04678026128575383,0.1561187190678381,-0.6479968271994002,True,False,1
0,-0.8106653581339788,-1.634827596376192,-1.0726746626292767,-0.8300707901019612,0.25276471982955345,True,False,0
0,-0.7663810909020523,-0.3268172187789122,-0.6879642621254556,-1.1588006264918942,1.1535262668585071,True,False,0
0,-0.1928353385972958,-0.10881548917936558,-0.04678026128575383,-0.6657058719069946,-1.5487583742283537,True,False,0
1,1.518988059304794,-0.4358180835786855,0.4661669393860076,-0.008246199127128446,0.25276471982955345,True,False,1
0,-0.3802910717343826,-1.634827596376192,-0.9444378624613363,-0.8300707901019612,1.1535262668585071,True,False,0
0,2.88040681842999,2.071201806816101,2.133245341569232,-0.33697603551706157,-1.5487583742283537,False,False,0
1,0.016977500326783027,-0.8718215427777788,-0.6879642621254556,-0.172611117322095,1.1535262668585071,False,False,0
0,0.058252157164306734,-0.10881548917936558,0.4661669393860076,-0.9944357082969277,0.25276471982955345,False,True,0
0,0.44799670323946544,-0.3268172187789122,-0.30325386162163454,0.1561187190678381,0.25276471982955345,False,False,0
0,-0.37298201791940444,-0.3268172187789122,0.594403739553948,1.4710380646275707,0.25276471982955345,False,True,0
1,2.6217952966823805,1.4171966180174609,2.2614821417371727,3.2790521647722026,0.25276471982955345,False,False,0
0,-0.36309329805208107,0.10918624042018105,-0.5597274619575152,-0.33697603551706157,-0.6479968271994002,True,False,1
0,0.6814564809767089,-0.7628206779780055,-0.1750170614536942,0.4848485554577712,-1.5487583742283537,True,False,1
0,2.508504962550219,0.7631914292188209,1.8767717412333516,2.45722757379737,-0.6479968271994002,True,False,0
0,1.8612237555825948,1.1991948884179142,1.4920613407295304,-0.8300707901019612,1.1535262668585071,True,False,0
1,-0.687486304134494,2.289203536415647,-0.30325386162163454,-0.9944357082969277,-0.6479968271994002,True,False,0
0,-0.40737756528400754,-0.8718215427777788,-0.9444378624613363,-0.5013409537120281,0.25276471982955345,True,False,0
0,-0.2594767116162143,-0.3268172187789122,-0.1750170614536942,0.4848485554577712,1.1535262668585071,False,True,0
0,-0.4133967860728131,-1.0898232723773253,-1.0726746626292767,-0.6657058719069946,0.25276471982955345,True,False,0
0,-0.06449695249312053,0.5451896996192743,-0.1750170614536942,-0.33697603551706157,0.25276471982955345,False,True,0
1,-0.23153032938247428,0.436188834819501,0.08145653888218654,-0.172611117322095,1.1535262668585071,False,False,0
0,0.1900300980049423,0.0001853756204077356,0.08145653888218654,-0.33697603551706157,1.1535262668585071,False,True,0
1,-0.6133209051295685,-1.307825001976872,-0.5597274619575152,-0.008246199127128446,1.1535262668585071,True,False,1
0,-0.4310245040971722,-0.4358180835786855,-0.1750170614536942,0.4848485554577712,0.25276471982955345,True,False,0
0,-0.32977261154262183,-0.5448189483784588,0.08145653888218654,0.6492134736527377,0.25276471982955345,False,True,0
1,-0.6717933356493938,-0.10881548917936558,-0.6879642621254556,-0.9944357082969277,-1.5487583742283537,True,False,0
1,-0.8966542265454864,-1.1988241371770987,-0.816201062293396,-0.6657058719069946,-0.6479968271994002,False,False,1
0,0.8364514162884515,0.32718797001972766,0.8508773398898287,1.7997679010175038,0.25276471982955345,True,False,0
1,0.9321140323962539,0.21818710521995435,1.2355877403936497,2.2928626556024034,-1.5487583742283537,False,True,0
0,2.2230219194240135,1.1991948884179142,2.005008541401292,-0.33697603551706157,1.1535262668585071,False,True,0
0,-0.9093375846361839,-0.5448189483784588,-0.9444378624613363,-0.6657058719069946,1.1535262668585071,False,False,0
1,-0.5294817584283485,0.6541905644190477,1.1073509402257093,2.1284977374074368,0.25276471982955345,False,True,0
0,1.2092131608523375,0.21818710521995435,1.2355877403936497,1.7997679010175038,1.1535262668585071,False,False,1
1,-0.777774615966577,-1.8528293259757387,-1.3291482629651574,-0.9944357082969277,1.1535262668585071,False,True,1
0,-0.9583512396307432,0.21818710521995435,0.9791141400577691,-0.9944357082969277,1.1535262668585071,True,False,1
0,-0.8510801262873874,-0.3268172187789122,-1.200911462797217,-0.9944357082969277,0.25276471982955345,True,False,0
1,-0.12124960564471562,0.10918624042018105,0.7226405397218884,1.306673146432604,-1.5487583742283537,False,True,0
1,-0.3794311830502675,-0.9808224075775521,-0.4314906617895749,0.1561187190678381,-0.6479968271994002,True,False,0
0,-0.897944059571659,-0.9808224075775521,-0.6879642621254556,-0.5013409537120281,1.1535262668585071,False,False,1
0,-0.20444383583284934,0.8721922940185942,0.4661669393860076,1.306673146432604,0.25276471982955345,True,False,0
0,-0.48369268599922066,-1.1988241371770987,-0.5597274619575152,-0.008246199127128446,-1.5487583742283537,False,True,0
1,-0.24378374313111412,-0.10881548917936558,0.8508773398898287,1.4710380646275707,-0.6479968271994002,False,True,0
0,0.33879084035685064,1.1991948884179142,0.08145653888218654,-0.8300707901019612,-0.6479968271994002,True,False,0
1,-0.43467903100466126,0.6541905644190477,-0.4314906617895749,-0.33697603551706157,0.25276471982955345,False,False,0
1,0.008378613485632257,-0.6538198131782321,-0.4314906617895749,-0.33697603551706157,1.1535262668585071,False,False,0
1,-0.17133812149441888,-0.3268172187789122,0.594403739553948,1.306673146432604,1.1535262668585071,True,False,0
0,-0.671578363478365,1.0901940236181409,0.7226405397218884,-0.172611117322095,1.1535262668585071,True,False,0
0,-0.2396992718815675,-0.3268172187789122,-0.1750170614536942,0.1561187190678381,0.25276471982955345,True,False,0
0,-0.9738292359448146,-0.2178163539791389,-1.200911462797217,-0.8300707901019612,1.1535262668585071,True,False,0
0,-0.06084242558563145,0.10918624042018105,-0.30325386162163454,-0.008246199127128446,1.1535262668585071,True,False,0
0,-1.1438722232285712,-1.5258267315764187,-1.3291482629651574,-0.9944357082969277,0.25276471982955345,True,False,0
1,-0.7272561557748163,0.7631914292188209,0.9791141400577691,-0.9944357082969277,0.25276471982955345,False,False,1
0,-0.5931135210528642,-0.8718215427777788,-0.816201062293396,-0.33697603551706157,-1.5487583742283537,False,True,0
1,0.1158646990000169,-0.3268172187789122,-0.1750170614536942,0.4848485554577712,0.25276471982955345,True,False,0
0,-0.18703108997951903,-0.10881548917936558,-0.04678026128575383,0.32048363726280465,-0.6479968271994002,True,False,0
1,1.5118939776608447,1.9622009420163273,2.9026661425768743,4.265241673942002,-0.6479968271994002,False,False,0
0,2.281924294285896,0.6541905644190477,1.36382454056159,-0.5013409537120281,-1.5487583742283537,True,False,0
1,-0.33235227759496705,-0.5448189483784588,-0.1750170614536942,0.1561187190678381,0.25276471982955345,False,True,0
0,-0.4075925374550363,-0.5448189483784588,-0.9444378624613363,-1.1588006264918942,1.1535262668585071,False,True,0
0,-0.07825517143896177,-1.307825001976872,-0.6879642621254556,-0.172611117322095,1.1535262668585071,False,True,0
0,-0.4856274355384796,0.0001853756204077356,-0.1750170614536942,0.4848485554577712,1.1535262668585071,True,False,0
0,0.018912249866041952,0.8721922940185942,-0.30325386162163454,0.1561187190678381,0.25276471982955345,False,True,0
1,-0.8050760816872308,-0.4358180835786855,-0.6879642621254556,-0.6657058719069946,-1.5487583742283537,False,True,0
0,-0.5516238920443117,-0.6538198131782321,-0.9444378624613363,-0.8300707901019612,0.25276471982955345,False,False,0
0,-0.4811130199468754,-1.1988241371770987,-0.4314906617895749,-1.1588006264918942,0.25276471982955345,False,False,0
0,0.3110594302941394,0.9811931588183676,-0.6879642621254556,-0.8300707901019612,-0.6479968271994002,False,True,0
0,0.17025265827029554,-0.8718215427777788,-0.04678026128575383,0.6492134736527377,-1.5487583742283537,True,False,1
0,-1.1419374736893122,-1.7438284611759653,-1.4573850631330978,-1.1588006264918942,1.1535262668585071,False,True,0
0,2.8593395456691706,1.6351983476170073,2.7744293424089337,4.100876755747035,1.1535262668585071,True,False,1
0,-0.5640922779639803,0.0001853756204077356,0.7226405397218884,-0.6657058719069946,-1.5487583742283537,True,False,0
0,-0.2994615354275654,0.21818710521995435,-0.1750170614536942,0.4848485554577712,-1.5487583742283537,True,False,0
0,-0.8620437070098546,-1.0898232723773253,-0.816201062293396,-0.9944357082969277,1.1535262668585071,True,False,0
1,0.009023529998718565,-0.10881548917936558,0.7226405397218884,1.4710380646275707,1.1535262668585071,True,False,0
0,0.004939058749171948,1.3081957532176876,0.594403739553948,1.306673146432604,-1.5487583742283537,True,False,0
1,-0.6257892910492372,0.8721922940185942,-0.30325386162163454,0.32048363726280465,-1.5487583742283537,True,False,0
0,2.1841119564678064,0.8721922940185942,1.2355877403936497,2.2928626556024034,-0.6479968271994002,False,True,0
1,-0.5866643559220012,-0.3268172187789122,-0.816201062293396,-0.33697603551706157,0.25276471982955345,False,False,0
1,-0.3774964335110086,-0.2178163539791389,-0.9444378624613363,-0.6657058719069946,-0.6479968271994002,True,False,0
0,-0.6328833726931865,-0.4358180835786855,-0.816201062293396,-0.33697603551706157,0.25276471982955345,True,False,0
0,0.8289273903024447,-0.5448189483784588,0.33793013921806725,1.1423082282376373,1.1535262668585071,True,False,1
0,-0.26657079326016364,-0.7628206779780055,-0.1750170614536942,0.1561187190678381,1.1535262668585071,False,False,0
0,0.4464918980422641,-0.3268172187789122,-0.30325386162163454,0.1561187190678381,-0.6479968271994002,False,True,0
0,-0.9076178072679537,-1.5258267315764187,-1.0726746626292767,-1.1588006264918942,-1.5487583742283537,False,False,0
1,-0.23711960582922226,1.5261974828172342,-0.04678026128575383,0.4848485554577712,1.1535262668585071,False,True,0
1,-0.9437331320007869,-0.9808224075775521,-0.816201062293396,-0.5013409537120281,0.25276471982955345,False,True,0
1,-0.1481211270233118,-0.6538198131782321,-0.1750170614536942,0.32048363726280465,1.1535262668585071,True,False,0
0,0.18659054326848198,-1.0898232723773253,-0.30325386162163454,0.32048363726280465,-1.5487583742283537,True,False,0
0,-0.34568055219875077,-0.9808224075775521,-0.6879642621254556,-0.33697603551706157,1.1535262668585071,False,False,0
0,-0.2988166189144791,0.8721922940185942,-0.1750170614536942,0.1561187190678381,0.25276471982955345,True,False,0
1,-0.015483297498561133,0.21818710521995435,-0.30325386162163454,0.32048363726280465,1.1535262668585071,True,False,0
1,-0.8661281782594012,0.5451896996192743,-0.4314906617895749,-0.8300707901019612,1.1535262668585071,False,True,0
0,-0.40028348364005817,-0.4358180835786855,-0.30325386162163454,-0.008246199127128446,1.1535262668585071,False,True,0
0,0.23646408694715648,-0.10881548917936558,-0.1750170614536942,0.32048363726280465,1.1535262668585071,True,False,0
1,-0.24485860398625797,0.10918624042018105,1.1073509402257093,-0.5013409537120281,1.1535262668585071,True,False,0
1,1.5439248311441314,2.3982044012154207,2.389718941905113,-0.33697603551706157,1.1535262668585071,False,True,0
0,0.08318892900364397,-0.8718215427777788,-0.1750170614536942,-0.6657058719069946,1.1535262668585071,False,False,0
0,2.7122985806854922,1.3081957532176876,2.133245341569232,-0.33697603551706157,1.1535262668585071,True,False,0
0,-0.042354818877157294,1.4171966180174609,0.9791141400577691,1.7997679010175038,0.25276471982955345,True,False,0
1,-0.04192487453509976,-1.0898232723773253,-0.6879642621254556,-0.33697603551706157,-0.6479968271994002,True,False,0
0,-0.7756248942562893,0.5451896996192743,-0.1750170614536942,-0.172611117322095,0.25276471982955345,True,False,0
0,-0.7571372875478152,0.0001853756204077356,-0.4314906617895749,-0.9944357082969277,-0.6479968271994002,True,False,0
0,-0.6131059329585398,-0.10881548917936558,0.08145653888218654,0.6492134736527377,-0.6479968271994002,True,False,0
0,-0.3168742812808957,1.0901940236181409,1.1073509402257093,-0.33697603551706157,1.1535262668585071,False,False,0
0,1.4611605452980552,0.21818710521995435,1.2355877403936497,2.1284977374074368,-1.5487583742283537,False,True,0
0,-0.024512128681769444,0.436188834819501,-0.1750170614536942,-0.6657058719069946,-0.6479968271994002,True,False,0
1,0.21690161938353847,-0.8718215427777788,-0.30325386162163454,0.1561187190678381,1.1535262668585071,False,True,1
1,-0.47874832606555895,0.10918624042018105,0.9791141400577691,-0.6657058719069946,0.25276471982955345,False,True,0
0,-0.8972991430585727,-0.5448189483784588,-0.4314906617895749,0.1561187190678381,-0.6479968271994002,True,False,0
0,0.19389959708346016,-0.6538198131782321,-0.1750170614536942,0.4848485554577712,-0.6479968271994002,False,True,1
0,-0.7367149313000821,-1.7438284611759653,-1.0726746626292767,-0.8300707901019612,1.1535262668585071,False,True,0
0,-0.2111079731347412,0.6541905644190477,0.08145653888218654,-0.33697603551706157,1.1535262668585071,True,False,0
0,-0.6960851909756447,0.10918624042018105,-0.5597274619575152,-1.1588006264918942,0.25276471982955345,True,False,0
0,1.4456825489839837,1.4171966180174609,0.9791141400577691,1.1423082282376373,-1.5487583742283537,False,False,0
0,0.8822404887175794,-0.6538198131782321,0.2096933390501269,0.9779433100426709,-0.6479968271994002,False,False,0
1,-0.15714995820652009,-0.2178163539791389,-0.1750170614536942,0.4848485554577712,1.1535262668585071,False,True,1
1,-0.5045449865890113,0.0001853756204077356,0.8508773398898287,-0.9944357082969277,-0.6479968271994002,False,True,0
0,-0.0709461176239836,-1.0898232723773253,-0.4314906617895749,0.1561187190678381,-0.6479968271994002,True,False,0
0,0.9576957207486775,1.1991948884179142,2.005008541401292,1.306673146432604,0.25276471982955345,False,True,0
1,-0.948247547592391,0.10918624042018105,1.1073509402257093,2.1284977374074368,-0.6479968271994002,False,False,0
0,-0.4664949123169191,-0.10881548917936558,-0.9444378624613363,-0.6657058719069946,0.25276471982955345,True,False,0
0,-0.9555566014073692,-1.0898232723773253,-0.6879642621254556,-0.33697603551706157,-1.5487583742283537,True,False,0
0,-0.9706046533793831,-0.3268172187789122,-0.816201062293396,-0.33697603551706157,0.25276471982955345,False,False,0
1,1.5533836066693971,1.0901940236181409,2.133245341569232,2.45722757379737,0.25276471982955345,False,False,0
1,-0.8506501819453298,1.3081957532176876,0.7226405397218884,-0.8300707901019612,-1.5487583742283537,False,False,0
1,2.435844368742495,2.289203536415647,2.2614821417371727,-0.9944357082969277,1.1535262668585071,True,False,0
1,-0.7184422967626367,-1.4168258667766453,-0.6879642621254556,-0.33697603551706157,-0.6479968271994002,False,True,1
0,-0.7231716845252696,-0.8718215427777788,-0.9444378624613363,-0.6657058719069946,-0.6479968271994002,True,False,0
0,0.021921860260444723,-0.2178163539791389,0.7226405397218884,1.6354029828225372,1.1535262668585071,False,True,0
0,-0.8977290874006303,-1.1988241371770987,-0.816201062293396,-0.33697603551706157,-0.6479968271994002,True,False,0
1,2.7305712152229376,2.289203536415647,3.6720869435845165,3.936511837552069,-0.6479968271994002,False,True,1
0,2.4758291925538463,0.8721922940185942,1.36382454056159,-1.1588006264918942,-0.6479968271994002,False,True,0
0,1.1859961663812304,0.10918624042018105,0.9791141400577691,0.4848485554577712,-0.6479968271994002,True,False,0
0,-0.9243856366081977,-1.634827596376192,-1.200911462797217,-0.8300707901019612,-0.6479968271994002,True,False,0
1,-0.9095525568072126,-0.4358180835786855,-0.816201062293396,-0.8300707901019612,-0.6479968271994002,False,True,1
0,0.40156271429725127,-0.7628206779780055,-0.1750170614536942,0.32048363726280465,-1.5487583742283537,True,False,0
0,-0.7835788645843538,0.10918624042018105,-1.0726746626292767,-0.8300707901019612,-0.6479968271994002,True,False,0
0,-0.8960093100324001,-0.2178163539791389,-1.200911462797217,-0.8300707901019612,1.1535262668585071,True,False,0
0,-0.41210695304664047,-0.7628206779780055,-0.1750170614536942,0.32048363726280465,1.1535262668585071,True,False,0
1,-0.4078075096260651,-1.0898232723773253,-0.6879642621254556,-0.172611117322095,1.1535262668585071,False,False,0
0,-0.8377518516836037,-1.5258267315764187,-0.816201062293396,-0.33697603551706157,1.1535262668585071,False,True,0
1,2.7481989332472967,0.9811931588183676,1.6202981408974708,-0.8300707901019612,1.1535262668585071,False,False,0
0,0.057392268480191654,-1.0898232723773253,-0.30325386162163454,-0.008246199127128446,-1.5487583742283537,False,True,0
0,-0.6741580295307102,-0.4358180835786855,-0.4314906617895749,-0.5013409537120281,1.1535262668585071,False,False,1
0,-0.022577379142510522,1.1991948884179142,0.8508773398898287,0.1561187190678381,0.25276471982955345,False,False,0
1,-0.15757990254857762,0.10918624042018105,0.4661669393860076,-0.9944357082969277,1.1535262668585071,True,False,0
0,-0.857959235760308,-0.3268172187789122,-0.6879642621254556,-0.33697603551706157,1.1535262668585071,False,True,0
0,-0.4733740217898397,-1.0898232723773253,-0.816201062293396,-0.5013409537120281,1.1535262668585071,True,False,0
0,-0.9589961561438295,-0.7628206779780055,-1.3291482629651574,-0.9944357082969277,0.25276471982955345,False,False,0
1,-0.2528125743143224,-0.4358180835786855,-0.5597274619575152,-0.172611117322095,1.1535262668585071,False,False,0
0,-0.848715432406071,-0.9808224075775521,-1.3291482629651574,-0.9944357082969277,-0.6479968271994002,False,False,1
0,-1.021983002255259,-1.5258267315764187,-1.3291482629651574,-0.9944357082969277,-1.5487583742283537,True,False,1
1,-0.31751919779398197,1.0901940236181409,1.1073509402257093,1.9641328192124703,0.25276471982955345,False,False,0
0,-0.9607159335120597,1.5261974828172342,-0.1750170614536942,-0.5013409537120281,1.1535262668585071,True,False,0
0,-0.674373001701739,-0.2178163539791389,-0.1750170614536942,0.4848485554577712,0.25276471982955345,True,False,0
1,-0.835602129973316,-0.7628206779780055,-0.4314906617895749,-0.33697603551706157,-1.5487583742283537,False,True,1
0,-0.055038176967854686,0.10918624042018105,0.2096933390501269,-0.5013409537120281,-1.5487583742283537,False,False,0
0,-0.540230366979787,-1.307825001976872,-0.6879642621254556,-0.8300707901019612,-1.5487583742283537,True,False,1
1,-0.5118540404039894,1.0901940236181409,-0.30325386162163454,0.32048363726280465,1.1535262668585071,False,True,0
0,2.8206445548839922,1.1991948884179142,2.2614821417371727,2.45722757379737,-0.6479968271994002,True,False,0
0,0.9370583923299156,-0.2178163539791389,0.594403739553948,0.9779433100426709,-0.6479968271994002,True,False,0
1,-0.8175444676068994,-1.1988241371770987,-0.4314906617895749,-0.008246199127128446,0.25276471982955345,False,False,1
0,0.9920912681132805,-0.5448189483784588,-0.1750170614536942,-0.008246199127128446,1.1535262668585071,False,True,0
0,-0.4774584930393863,-0.2178163539791389,-0.6879642621254556,-0.33697603551706157,0.25276471982955345,False,True,0
1,-0.6229946528258632,0.21818710521995435,-0.04678026128575383,-0.9944357082969277,-1.5487583742283537,False,True,1
0,-0.4944412945506591,0.32718797001972766,-0.4314906617895749,0.1561187190678381,-0.6479968271994002,True,False,0
1,-0.6373977882847907,-0.7628206779780055,0.08145653888218654,0.6492134736527377,-0.6479968271994002,True,False,0
0,0.06620612749237119,0.32718797001972766,-0.5597274619575152,-0.33697603551706157,-0.6479968271994002,False,False,0
0,-0.5565682519779734,-1.1988241371770987,-0.6879642621254556,-0.33697603551706157,-1.5487583742283537,True,False,0
0,-0.8457058220116681,-1.7438284611759653,-1.0726746626292767,-0.6657058719069946,1.1535262668585071,False,True,0
1,0.4950756086947659,-0.10881548917936558,0.2096933390501269,-0.6657058719069946,-0.6479968271994002,False,False,0
0,-0.9458828537110746,-0.9808224075775521,-0.816201062293396,-0.33697603551706157,0.25276471982955345,False,True,0
0,-0.8562394583920778,-0.9808224075775521,-0.4314906617895749,-1.1588006264918942,-1.5487583742283537,False,True,1
0,-0.8308727422106831,-1.7438284611759653,-1.3291482629651574,-0.9944357082969277,-0.6479968271994002,False,True,1
0,-0.6655591426895595,0.32718797001972766,1.1073509402257093,-0.9944357082969277,0.25276471982955345,True,False,0
0,-0.4819729086309905,-0.4358180835786855,-0.9444378624613363,-0.6657058719069946,-0.6479968271994002,True,False,0
0,-0.5537736137545994,0.5451896996192743,-0.4314906617895749,-1.1588006264918942,0.25276471982955345,False,True,0
0,0.5726805624361516,1.4171966180174609,0.594403739553948,-0.8300707901019612,1.1535262668585071,False,True,0
0,0.6130953305895602,0.9811931588183676,0.7226405397218884,-0.5013409537120281,-1.5487583742283537,False,False,0
1,-1.1898762678287278,-1.8528293259757387,-1.3291482629651574,-0.9944357082969277,0.25276471982955345,False,True,1
0,-0.3641681589072249,0.8721922940185942,-0.4314906617895749,-0.33697603551706157,0.25276471982955345,False,True,0
1,-0.9048231690445797,-0.8718215427777788,-0.9444378624613363,-0.8300707901019612,-1.5487583742283537,False,False,1
0,-0.32009886384632724,-0.5448189483784588,-0.1750170614536942,-0.008246199127128446,1.1535262668585071,False,True,0
0,-0.39275945765405124,-0.2178163539791389,0.4661669393860076,0.6492134736527377,0.25276471982955345,True,False,0
0,-0.5277619810601184,0.5451896996192743,-0.1750170614536942,0.4848485554577712,1.1535262668585071,True,False,0
0,0.7532571861003179,0.0001853756204077356,0.7226405397218884,-0.9944357082969277,0.25276471982955345,False,False,1
0,-0.45058697166079015,0.32718797001972766,0.4661669393860076,-0.008246199127128446,-1.5487583742283537,False,False,0
0,-0.8506501819453298,2.071201806816101,-0.816201062293396,-0.5013409537120281,1.1535262668585071,False,True,1
0,0.6455561284149044,-0.3268172187789122,-0.1750170614536942,0.4848485554577712,0.25276471982955345,True,False,0
0,-0.4811130199468754,-0.6538198131782321,0.2096933390501269,0.9779433100426709,-1.5487583742283537,True,False,0
1,2.720037578842528,0.21818710521995435,1.2355877403936497,2.2928626556024034,0.25276471982955345,False,False,0
0,-0.7678858960992536,-0.3268172187789122,-1.3291482629651574,-0.9944357082969277,1.1535262668585071,False,True,0
1,1.0473391160676742,-0.7628206779780055,-0.30325386162163454,0.1561187190678381,-1.5487583742283537,True,False,0
1,1.4409531612213509,1.6351983476170073,1.6202981408974708,-0.33697603551706157,0.25276471982955345,True,False,0
0,0.6212642730886535,0.0001853756204077356,-0.1750170614536942,0.4848485554577712,0.25276471982955345,True,False,0
0,-0.2943022033228749,-0.5448189483784588,-0.30325386162163454,-0.33697603551706157,0.25276471982955345,True,False,0
0,-0.22336138688338103,-0.4358180835786855,-0.6879642621254556,-0.172611117322095,1.1535262668585071,False,False,0
0,-0.9974761747579792,-2.0708310555752854,-1.4573850631330978,-1.1588006264918942,0.25276471982955345,False,True,1
0,-0.8248535214218775,-0.4358180835786855,0.2096933390501269,0.32048363726280465,-1.5487583742283537,True,False,1
0,-0.9751190689709872,-0.4358180835786855,-1.3291482629651574,-0.9944357082969277,0.25276471982955345,False,False,0
0,-0.5982728531575546,-0.7628206779780055,-0.1750170614536942,-0.33697603551706157,1.1535262668585071,False,False,0
0,0.22614542273777555,-0.10881548917936558,-0.1750170614536942,0.4848485554577712,0.25276471982955345,True,False,0
0,-0.04751415098184776,0.32718797001972766,-0.1750170614536942,0.4848485554577712,0.25276471982955345,True,False,0
0,-0.9716795142345269,-1.0898232723773253,-0.6879642621254556,-0.8300707901019612,-0.6479968271994002,False,False,0
0,2.519683515443715,1.1991948884179142,1.7485349410654112,-0.9944357082969277,1.1535262668585071,False,True,0
0,-0.5062647639572414,0.0001853756204077356,-0.816201062293396,-0.33697603551706157,-0.6479968271994002,True,False,0
0,-0.6135358773005973,1.4171966180174609,-0.816201062293396,-0.6657058719069946,0.25276471982955345,True,False,0
1,-0.8351721856312584,-1.1988241371770987,-1.0726746626292767,-0.6657058719069946,1.1535262668585071,True,False,0
0,-0.8530148758266463,0.5451896996192743,-0.4314906617895749,-0.33697603551706157,-1.5487583742283537,False,False,0
0,-0.23045546852733043,-1.1988241371770987,-0.4314906617895749,0.1561187190678381,1.1535262668585071,True,False,0
0,-0.7857285862946415,-1.307825001976872,-1.200911462797217,-0.8300707901019612,1.1535262668585071,True,False,0
1,0.054167685914760115,1.4171966180174609,0.8508773398898287,-0.5013409537120281,0.25276471982955345,True,False,1
1,-0.6292288457856975,0.32718797001972766,-1.0726746626292767,-0.9944357082969277,-0.6479968271994002,False,False,0
1,2.126714386803125,0.32718797001972766,1.2355877403936497,2.2928626556024034,1.1535262668585071,False,True,0
0,0.20206853958255339,1.5261974828172342,1.4920613407295304,0.9779433100426709,-1.5487583742283537,False,True,0
1,-0.9304048573970032,-0.9808224075775521,-0.1750170614536942,-0.008246199127128446,-0.6479968271994002,False,True,1
0,-0.47659860435527124,0.32718797001972766,-0.816201062293396,-1.1588006264918942,-0.6479968271994002,True,False,0
1,-0.4146866190989857,0.9811931588183676,0.9791141400577691,1.4710380646275707,-1.5487583742283537,False,False,0
0,-0.4047978992316623,0.32718797001972766,-0.30325386162163454,0.32048363726280465,1.1535262668585071,False,True,0
0,0.08705842808216181,-0.4358180835786855,-0.6879642621254556,-0.33697603551706157,1.1535262668585071,False,True,0
0,1.9095924940640678,1.7441992124167807,2.517955742073053,2.9503223283822697,1.1535262668585071,True,False,0
0,-0.8745120929295233,-0.7628206779780055,-1.3291482629651574,-0.9944357082969277,-0.6479968271994002,True,False,0
0,-0.23024049635630164,0.32718797001972766,-0.30325386162163454,0.1561187190678381,-1.5487583742283537,True,False,0
0,0.9445824183159225,0.21818710521995435,1.1073509402257093,1.9641328192124703,0.25276471982955345,False,True,0
0,-0.7904579740572745,-1.1988241371770987,-0.4314906617895749,-0.008246199127128446,-1.5487583742283537,False,True,0
0,-0.716292575052349,1.6351983476170073,-0.6879642621254556,-0.8300707901019612,1.1535262668585071,False,True,0
0,0.9645748302215981,-0.6538198131782321,0.2096933390501269,0.6492134736527377,0.25276471982955345,True,False,0
0,-0.2809739287190912,-0.10881548917936558,0.7226405397218884,-0.008246199127128446,0.25276471982955345,True,False,0
0,-0.8457058220116681,0.10918624042018105,-0.9444378624613363,-0.5013409537120281,0.25276471982955345,False,False,0
1,2.4328347583480925,0.5451896996192743,1.2355877403936497,2.1284977374074368,0.25276471982955345,True,False,0
0,-0.7954023339909361,0.10918624042018105,-0.5597274619575152,-0.008246199127128446,0.25276471982955345,True,False,0
0,-0.2880680103630406,0.21818710521995435,0.2096933390501269,-0.33697603551706157,1.1535262668585071,True,False,0
1,-0.8753719816136383,-1.634827596376192,-1.3291482629651574,-0.9944357082969277,-0.6479968271994002,False,True,1
0,-1.0725014624470197,-1.4168258667766453,-1.3291482629651574,-0.9944357082969277,0.25276471982955345,True,False,1
1,2.194430620677187,1.0901940236181409,1.8767717412333516,3.114687246577236,1.1535262668585071,True,False,0
1,-0.8566694027341354,0.7631914292188209,-0.4314906617895749,0.1561187190678381,-1.5487583742283537,True,False,0
0,0.9245900064102469,0.9811931588183676,0.2096933390501269,0.1561187190678381,0.25276471982955345,False,False,0
1,0.7321899133394985,-0.3268172187789122,-0.04678026128575383,-0.6657058719069946,-1.5487583742283537,False,False,1
1,1.4295596361568261,0.32718797001972766,1.36382454056159,-0.9944357082969277,-0.6479968271994002,False,True,1
0,0.5817093936193599,-0.7628206779780055,-0.30325386162163454,-0.5013409537120281,-0.6479968271994002,True,False,0
0,0.18465579372922308,1.3081957532176876,2.2614821417371727,3.114687246577236,-0.6479968271994002,True,False,0
0,2.8036617533727193,1.9622009420163273,3.159139742912755,4.758336428526902,1.1535262668585071,True,False,0
0,0.03267046881188319,-0.7628206779780055,-0.30325386162163454,-0.172611117322095,-1.5487583742283537,False,True,1
0,-0.20186416978050412,0.32718797001972766,1.1073509402257093,2.1284977374074368,-0.6479968271994002,False,False,0
1,-0.855164597536934,-1.0898232723773253,-1.3291482629651574,-0.9944357082969277,0.25276471982955345,False,False,0
0,-0.069656284597811,-0.5448189483784588,-0.1750170614536942,0.4848485554577712,-0.6479968271994002,True,False,0
1,0.9437225296318075,1.7441992124167807,3.0309029427448144,-0.33697603551706157,1.1535262668585071,True,False,0
0,-0.9282551356867156,-1.0898232723773253,-0.6879642621254556,-0.33697603551706157,-0.6479968271994002,True,False,0
1,0.008163641314603488,-0.6538198131782321,-0.1750170614536942,-0.172611117322095,1.1535262668585071,False,True,0
0,0.11822939288133337,-0.10881548917936558,-0.1750170614536942,-0.008246199127128446,0.25276471982955345,True,False,0
1,-0.23733457800025104,-0.2178163539791389,-0.5597274619575152,-0.8300707901019612,1.1535262668585071,False,False,1
1,-0.24378374313111412,0.5451896996192743,-0.30325386162163454,-0.5013409537120281,-1.5487583742283537,False,False,0
0,0.579774644080101,0.436188834819501,-0.1750170614536942,0.4848485554577712,0.25276471982955345,False,True,0
0,-0.4854124633674508,0.8721922940185942,-0.816201062293396,-0.9944357082969277,-1.5487583742283537,True,False,1
0,-0.100397305054925,0.10918624042018105,-0.1750170614536942,-0.172611117322095,0.25276471982955345,True,False,0
0,-0.004304744605065131,-0.5448189483784588,-0.1750170614536942,0.4848485554577712,-0.6479968271994002,True,False,0
0,-0.6109562112482521,0.10918624042018105,-0.816201062293396,-0.33697603551706157,0.25276471982955345,True,False,0
0,-0.3998535392980006,-1.1988241371770987,-0.816201062293396,-0.33697603551706157,1.1535262668585071,False,True,0
1,-0.11845496742134162,0.436188834819501,-0.4314906617895749,-0.172611117322095,1.1535262668585071,False,True,1
0,-0.045149457100531296,0.0001853756204077356,-0.30325386162163454,-0.9944357082969277,0.25276471982955345,False,False,0
0,0.3104145137810531,-0.8718215427777788,-0.1750170614536942,0.4848485554577712,-1.5487583742283537,False,True,0
1,2.787968784887619,0.7631914292188209,1.8767717412333516,-0.8300707901019612,1.1535262668585071,True,False,0
0,0.3476046993690302,-0.6538198131782321,-0.1750170614536942,-0.9944357082969277,0.25276471982955345,True,False,1
1,-0.2500179360909484,1.1991948884179142,1.4920613407295304,-0.9944357082969277,0.25276471982955345,False,True,1
0,-0.2467933535255169,-0.5448189483784588,-0.1750170614536942,0.4848485554577712,1.1535262668585071,False,True,0
0,-0.051168677889336836,2.071201806816101,0.2096933390501269,0.9779433100426709,0.25276471982955345,False,False,0
1,0.7971115089901868,-0.10881548917936558,0.7226405397218884,-0.008246199127128446,-1.5487583742283537,False,False,0
1,-1.007149922454274,-1.9618301907755118,-1.3291482629651574,-0.9944357082969277,-0.6479968271994002,False,True,1
0,-0.46069066369914236,-1.4168258667766453,-0.816201062293396,-0.33697603551706157,0.25276471982955345,True,False,0
0,0.22421067319851662,-0.10881548917936558,-0.1750170614536942,0.4848485554577712,-1.5487583742283537,False,True,0
0,-0.06707661854546576,-1.307825001976872,-0.6879642621254556,-0.6657058719069946,0.25276471982955345,True,False,0
0,-0.8040012208320869,-0.8718215427777788,-1.3291482629651574,-0.9944357082969277,-0.6479968271994002,True,False,0
0,-0.7536977328113549,-0.10881548917936558,-0.816201062293396,-0.9944357082969277,1.1535262668585071,True,False,0
0,-0.9129921115436729,-0.8718215427777788,-1.200911462797217,-0.8300707901019612,-0.6479968271994002,False,False,0
0,-0.3321373054239383,-1.4168258667766453,-0.9444378624613363,-0.6657058719069946,0.25276471982955345,True,False,0
0,-0.7969071391881375,-0.5448189483784588,-0.6879642621254556,-0.172611117322095,-0.6479968271994002,False,True,0
0,2.77034106686326,0.21818710521995435,1.2355877403936497,-0.172611117322095,1.1535262668585071,False,True,0
1,0.11564972682898814,0.436188834819501,1.2355877403936497,-0.8300707901019612,0.25276471982955345,False,True,0
0,2.695100807003191,0.9811931588183676,1.7485349410654112,-0.5013409537120281,-0.6479968271994002,True,False,0
1,-0.9512571579867939,-0.8718215427777788,-0.5597274619575152,-0.008246199127128446,-1.5487583742283537,True,False,1
0,0.7051034197898736,-0.6538198131782321,0.08145653888218654,-0.9944357082969277,0.25276471982955345,True,False,1
1,-0.4198459512036762,1.0901940236181409,-0.04678026128575383,-0.33697603551706157,0.25276471982955345,True,False,0
0,-0.46477513494868894,-0.9808224075775521,-0.816201062293396,-0.8300707901019612,0.25276471982955345,False,True,1
0,-0.9678100151560091,0.7631914292188209,0.7226405397218884,-0.6657058719069946,-0.6479968271994002,True,False,0
1,-0.8899900892435946,0.21818710521995435,-0.4314906617895749,-0.8300707901019612,-1.5487583742283537,True,False,1
0,0.414890988901035,-0.7628206779780055,0.08145653888218654,0.6492134736527377,0.25276471982955345,False,True,0
0,-0.919441276674536,2.3982044012154207,-0.5597274619575152,-0.8300707901019612,0.25276471982955345,True,False,0
0,-0.9323396069362622,-0.9808224075775521,-0.9444378624613363,-0.5013409537120281,0.25276471982955345,False,False,0
0,0.051158075520357345,0.21818710521995435,-0.30325386162163454,-0.33697603551706157,-0.6479968271994002,False,True,0
0,-0.573766025660275,1.4171966180174609,-0.9444378624613363,-0.8300707901019612,-0.6479968271994002,True,False,0
1,1.456646129706451,0.7631914292188209,1.4920613407295304,0.8135783918477043,1.1535262668585071,True,False,0
0,-0.437688641399064,-0.4358180835786855,0.33793013921806725,0.9779433100426709,0.25276471982955345,False,True,1
0,2.876752291522501,1.4171966180174609,1.2355877403936497,-0.33697603551706157,-0.6479968271994002,False,True,0
0,-0.9069728907548674,-1.9618301907755118,-1.3291482629651574,-1.1588006264918942,-1.5487583742283537,False,True,1
1,0.18530071024230937,0.5451896996192743,-0.1750170614536942,0.4848485554577712,-1.5487583742283537,True,False,0
0,0.7266006368927505,0.10918624042018105,-0.1750170614536942,0.32048363726280465,-0.6479968271994002,True,False,0
0,2.788828673571734,1.4171966180174609,2.6461925422409935,-0.008246199127128446,1.1535262668585071,False,False,0
0,-0.8693527608248327,-1.5258267315764187,-0.816201062293396,-0.5013409537120281,-1.5487583742283537,True,False,0
0,-0.21132294530576995,-0.8718215427777788,-0.6879642621254556,-0.172611117322095,0.25276471982955345,True,False,0
0,-0.7474635398515206,-0.6538198131782321,-1.0726746626292767,-0.8300707901019612,0.25276471982955345,True,False,0
0,-0.8702126495089478,-0.4358180835786855,-0.5597274619575152,-0.9944357082969277,1.1535262668585071,False,True,0
0,-0.5873092724350875,-0.8718215427777788,-0.04678026128575383,0.6492134736527377,1.1535262668585071,True,False,0
0,-0.145111516628909,-0.8718215427777788,-0.4314906617895749,-0.33697603551706157,0.25276471982955345,False,True,0
0,-0.6646992540054444,0.8721922940185942,-0.30325386162163454,-0.172611117322095,1.1535262668585071,False,True,0
0,2.721112439697672,0.8721922940185942,1.7485349410654112,2.785957410187303,1.1535262668585071,True,False,0
1,-0.2111079731347412,-0.10881548917936558,-0.30325386162163454,-0.6657058719069946,-1.5487583742283537,True,False,0
0,-0.11845496742134162,0.0001853756204077356,-0.5597274619575152,-0.008246199127128446,0.25276471982955345,False,False,0
0,-1.1073269541536803,-0.5448189483784588,-1.3291482629651574,-0.9944357082969277,-0.6479968271994002,False,True,1
1,-0.7248914618934997,-1.4168258667766453,-0.9444378624613363,-1.1588006264918942,-1.5487583742283537,False,True,1
0,-0.6952253022915297,-0.9808224075775521,-0.816201062293396,-0.33697603551706157,1.1535262668585071,False,True,0
1,-0.9108423898333852,-0.3268172187789122,-0.816201062293396,-0.33697603551706157,-1.5487583742283537,True,False,1
0,-0.8798863972052424,-0.8718215427777788,-0.816201062293396,-0.9944357082969277,0.25276471982955345,True,False,0
0,-0.9387887720671252,0.8721922940185942,-0.6879642621254556,-0.172611117322095,-0.6479968271994002,False,True,0
1,-0.39748884541668417,-0.7628206779780055,-0.1750170614536942,0.1561187190678381,0.25276471982955345,False,True,0
1,-0.913852000227788,-1.4168258667766453,-0.6879642621254556,-0.8300707901019612,1.1535262668585071,True,False,1
1,-0.835602129973316,-0.6538198131782321,-1.0726746626292767,-0.8300707901019612,-0.6479968271994002,False,True,0
0,-0.12984849248586638,1.853200077216554,0.594403739553948,-0.172611117322095,-1.5487583742283537,True,False,0
0,-0.009034132367698056,0.0001853756204077356,-0.5597274619575152,-0.33697603551706157,1.1535262668585071,True,False,0
0,-0.9873724827196271,-0.2178163539791389,-1.3291482629651574,-0.9944357082969277,1.1535262668585071,False,False,0
0,0.9327589489093402,2.507205266015194,0.9791141400577691,-0.9944357082969277,1.1535262668585071,False,False,0
0,-0.8175444676068994,-0.10881548917936558,-0.5597274619575152,-0.008246199127128446,0.25276471982955345,False,False,0
0,1.1795470012503673,0.21818710521995435,1.2355877403936497,2.1284977374074368,1.1535262668585071,True,False,0
1,-0.5054048752731264,-0.8718215427777788,-0.1750170614536942,0.32048363726280465,0.25276471982955345,False,True,0
0,-0.9671650986429228,-1.0898232723773253,-0.816201062293396,-0.5013409537120281,1.1535262668585071,False,True,0
1,0.4720735863946876,0.10918624042018105,-0.30325386162163454,0.1561187190678381,0.25276471982955345,False,False,0
1,1.4289147196437397,0.5451896996192743,1.1073509402257093,-0.9944357082969277,-1.5487583742283537,True,False,0
1,-0.832807491749942,2.3982044012154207,0.08145653888218654,-0.9944357082969277,-1.5487583742283537,True,False,0
0,2.3907002128264536,0.5451896996192743,1.4920613407295304,2.45722757379737,-1.5487583742283537,True,False,0
0,-0.8957943378613714,-1.1988241371770987,-1.3291482629651574,-0.9944357082969277,0.25276471982955345,False,False,1
1,-0.11007105275121962,0.436188834819501,-0.4314906617895749,-0.33697603551706157,-0.6479968271994002,False,True,0
0,-0.4974509049450619,-0.2178163539791389,-0.6879642621254556,-0.33697603551706157,0.25276471982955345,False,True,0
0,0.04535382690258057,2.180202671615874,0.4661669393860076,-0.6657058719069946,0.25276471982955345,True,False,0
0,0.05760724065122042,-0.6538198131782321,-0.1750170614536942,0.4848485554577712,-1.5487583742283537,False,True,0
0,2.6441524024693726,2.3982044012154207,2.389718941905113,-0.6657058719069946,1.1535262668585071,True,False,0
0,0.420480265347783,-0.3268172187789122,-0.1750170614536942,0.32048363726280465,1.1535262668585071,False,False,0
1,-0.8175444676068994,0.32718797001972766,0.4661669393860076,-0.008246199127128446,1.1535262668585071,True,False,0
0,0.26054097010237864,-0.3268172187789122,-0.5597274619575152,-0.172611117322095,1.1535262668585071,False,True,0
0,2.767761400810915,0.436188834819501,1.2355877403936497,1.7997679010175038,0.25276471982955345,False,False,0
1,0.6530801544009114,-0.2178163539791389,-0.30325386162163454,0.1561187190678381,-1.5487583742283537,False,True,1
0,1.1720229752643605,-0.2178163539791389,-0.1750170614536942,-0.008246199127128446,-0.6479968271994002,False,False,0
0,-0.41769622949338847,-0.2178163539791389,-0.816201062293396,-0.33697603551706157,0.25276471982955345,True,False,0
0,-0.5468945042816789,-1.307825001976872,-0.6879642621254556,-0.172611117322095,-1.5487583742283537,False,False,0
0,0.022996721115588568,1.3081957532176876,1.1073509402257093,-0.6657058719069946,0.25276471982955345,True,False,0
1,-0.1872460621505478,-0.10881548917936558,-0.1750170614536942,0.4848485554577712,0.25276471982955345,True,False,0
1,-0.9037483081894359,-1.1988241371770987,-1.3291482629651574,-0.9944357082969277,1.1535262668585071,False,True,1
0,1.5753107681143317,2.289203536415647,3.4156133432486357,4.922701346721868,0.25276471982955345,False,True,0
0,0.7388540506413903,-1.0898232723773253,-0.5597274619575152,-0.008246199127128446,0.25276471982955345,False,True,0
1,-0.8968691987165153,0.5451896996192743,0.8508773398898287,-0.9944357082969277,-0.6479968271994002,True,False,0
0,0.021491915918387183,-0.8718215427777788,-0.1750170614536942,-1.1588006264918942,-0.6479968271994002,True,False,0
0,-0.4980958214581482,-1.0898232723773253,-0.9444378624613363,-0.6657058719069946,1.1535262668585071,True,False,0
0,-0.21626730523943166,0.5451896996192743,-0.1750170614536942,-1.1588006264918942,-1.5487583742283537,True,False,0
0,-0.7655212022179372,-0.7628206779780055,-0.9444378624613363,-0.6657058719069946,-0.6479968271994002,False,True,0
0,-0.7971221113591662,-1.8528293259757387,-1.3291482629651574,-0.9944357082969277,-0.6479968271994002,False,True,0
0,-0.7472485676804917,-0.5448189483784588,-0.4314906617895749,-0.008246199127128446,1.1535262668585071,False,True,0
0,-0.8424812394462365,-1.7438284611759653,-1.200911462797217,-0.8300707901019612,0.25276471982955345,False,True,1
0,-0.3166593091098669,-1.0898232723773253,-0.4314906617895749,-0.172611117322095,1.1535262668585071,False,True,0
1,-1.0030654512047272,-2.0708310555752854,-1.4573850631330978,-1.1588006264918942,-0.6479968271994002,False,True,1
0,-1.1015227055359036,-2.0708310555752854,-1.4573850631330978,-1.1588006264918942,0.25276471982955345,False,True,1
1,-0.2869931495078967,-0.7628206779780055,-0.04678026128575383,0.6492134736527377,-0.6479968271994002,False,False,0
0,-0.914711888911903,0.436188834819501,-0.816201062293396,-0.33697603551706157,-1.5487583742283537,False,False,0
0,-0.7814291428740661,-0.9808224075775521,-0.816201062293396,-0.6657058719069946,0.25276471982955345,True,False,1
1,-0.3048358397032846,-0.7628206779780055,-0.1750170614536942,0.4848485554577712,1.1535262668585071,True,False,0
0,-1.1023825942200187,-1.7438284611759653,-1.3291482629651574,-0.9944357082969277,-1.5487583742283537,False,True,1
0,-0.3676077136436852,-0.10881548917936558,-0.30325386162163454,-0.9944357082969277,0.25276471982955345,False,False,1
0,0.5275364065201101,-0.5448189483784588,-0.30325386162163454,0.32048363726280465,1.1535262668585071,False,True,0
0,-0.8297978813555392,0.10918624042018105,-1.0726746626292767,-0.8300707901019612,0.25276471982955345,True,False,0
0,0.8336567780650775,-0.5448189483784588,0.33793013921806725,1.1423082282376373,1.1535262668585071,True,False,0
1,-0.8953643935193139,-1.0898232723773253,-0.6879642621254556,-0.33697603551706157,1.1535262668585071,False,True,0
1,0.3706067216691085,-0.8718215427777788,-0.5597274619575152,-0.008246199127128446,-0.6479968271994002,False,False,0
0,-0.8257134101059925,-0.8718215427777788,-0.6879642621254556,-0.33697603551706157,-0.6479968271994002,True,False,0
0,1.1064564631005858,-0.4358180835786855,0.33793013921806725,0.9779433100426709,0.25276471982955345,True,False,0
1,2.7488438497603833,1.4171966180174609,2.005008541401292,-0.9944357082969277,0.25276471982955345,True,False,0
1,-0.08212467051747961,-0.5448189483784588,-0.30325386162163454,0.32048363726280465,1.1535262668585071,True,False,0
1,0.38200024673363325,-0.10881548917936558,0.4661669393860076,0.8135783918477043,-1.5487583742283537,True,False,0
0,-0.25732698990592656,-0.10881548917936558,-0.1750170614536942,-0.6657058719069946,0.25276471982955345,True,False,0
1,-0.20186416978050412,0.10918624042018105,-0.4314906617895749,0.1561187190678381,-1.5487583742283537,False,False,0
1,1.5372606938422395,1.9622009420163273,1.6202981408974708,1.9641328192124703,0.25276471982955345,False,True,1
0,-0.7180123524205791,-0.7628206779780055,-0.4314906617895749,-0.6657058719069946,-1.5487583742283537,False,False,0
0,2.203029507518338,0.8721922940185942,1.36382454056159,2.1284977374074368,1.1535262668585071,True,False,0
0,-0.7545576214954699,0.0001853756204077356,0.8508773398898287,1.7997679010175038,-1.5487583742283537,False,False,0
0,-0.22830574681704274,1.5261974828172342,0.2096933390501269,-0.5013409537120281,-0.6479968271994002,False,False,0
0,-0.5221727046133704,-0.7628206779780055,-0.4314906617895749,-0.5013409537120281,-1.5487583742283537,False,False,0
0,0.23538922609201263,-0.8718215427777788,-0.1750170614536942,0.4848485554577712,1.1535262668585071,True,False,1
1,-0.5301266749414348,-0.5448189483784588,-0.9444378624613363,-0.6657058719069946,-0.6479968271994002,True,False,0
0,-0.5679617770424982,0.21818710521995435,-0.5597274619575152,-0.8300707901019612,1.1535262668585071,False,False,0
1,-0.7627265639945632,0.0001853756204077356,-0.4314906617895749,-0.172611117322095,0.25276471982955345,True,False,0
0,-0.40114337232417324,-0.10881548917936558,-0.4314906617895749,-0.172611117322095,1.1535262668585071,False,True,0
0,1.5129688385159885,0.10918624042018105,0.4661669393860076,1.306673146432604,-1.5487583742283537,True,False,0
0,-0.22744585813292764,1.1991948884179142,0.4661669393860076,-0.8300707901019612,-1.5487583742283537,False,False,0
0,-0.4686446340272068,-1.1988241371770987,-0.816201062293396,-0.8300707901019612,1.1535262668585071,False,False,0
0,-0.8143198850414678,-0.4358180835786855,-0.4314906617895749,0.1561187190678381,-0.6479968271994002,True,False,0
1,0.6223391339437974,2.180202671615874,0.08145653888218654,-0.33697603551706157,1.1535262668585071,False,False,0
0,-0.8822510910865589,0.10918624042018105,-0.9444378624613363,-0.5013409537120281,-0.6479968271994002,False,True,0
0,2.2045343127155395,0.5451896996192743,1.2355877403936497,2.1284977374074368,-1.5487583742283537,True,False,0
0,0.6782318984112774,-0.10881548917936558,0.594403739553948,0.9779433100426709,1.1535262668585071,True,False,0
1,2.859769490011228,1.5261974828172342,2.517955742073053,3.607782001162136,-0.6479968271994002,False,False,0
0,-0.286778177336868,0.8721922940185942,1.6202981408974708,2.785957410187303,-1.5487583742283537,False,False,0
0,-0.8029263599769431,0.32718797001972766,-0.4314906617895749,-0.8300707901019612,0.25276471982955345,False,True,0
0,-0.25754196207695534,0.6541905644190477,-0.5597274619575152,-0.5013409537120281,0.25276471982955345,False,True,1
1,-0.543884893887276,-0.2178163539791389,-0.9444378624613363,-0.8300707901019612,-1.5487583742283537,True,False,0
1,-0.7887381966890442,-1.1988241371770987,-0.4314906617895749,0.1561187190678381,1.1535262668585071,False,True,0
0,-0.28075895654806243,-0.6538198131782321,-0.30325386162163454,-0.33697603551706157,1.1535262668585071,False,True,0
1,1.5477943302226491,0.0001853756204077356,0.594403739553948,1.4710380646275707,1.1535262668585071,True,False,0
0,-0.09007864084554408,-0.3268172187789122,-0.1750170614536942,0.4848485554577712,-1.5487583742283537,False,True,0
0,1.7778145532234322,1.7441992124167807,2.6461925422409935,-0.33697603551706157,0.25276471982955345,True,False,0
0,2.8567598796168254,0.32718797001972766,1.2355877403936497,2.2928626556024034,-0.6479968271994002,False,True,0
0,1.3740968160314035,1.0901940236181409,1.7485349410654112,2.6215924919923363,0.25276471982955345,True,False,1
1,-0.3886749864045046,-0.7628206779780055,-0.9444378624613363,-0.8300707901019612,0.25276471982955345,True,False,0
0,-0.9061130020707523,-0.6538198131782321,0.2096933390501269,-0.008246199127128446,0.25276471982955345,True,False,0
0,2.216787726464179,1.6351983476170073,2.9026661425768743,4.4296065921369685,-1.5487583742283537,True,False,0
0,-0.03160621032571883,-1.1988241371770987,-0.6879642621254556,-0.172611117322095,-0.6479968271994002,False,False,0
1,-0.17219801017853395,0.7631914292188209,0.33793013921806725,0.4848485554577712,1.1535262668585071,True,False,0
1,0.9065323440438303,0.8721922940185942,0.8508773398898287,-0.33697603551706157,-1.5487583742283537,False,False,0
1,-0.8478555437219558,-1.8528293259757387,-1.3291482629651574,-0.9944357082969277,-1.5487583742283537,False,True,1
0,-0.8235636883957049,-0.9808224075775521,-0.816201062293396,-0.33697603551706157,1.1535262668585071,True,False,0
1,-0.09115350170068792,0.21818710521995435,-0.4314906617895749,-0.33697603551706157,1.1535262668585071,True,False,0
0,-0.1668237059028147,0.0001853756204077356,-0.30325386162163454,-0.5013409537120281,0.25276471982955345,True,False,0
0,-0.22959557984321535,-0.6538198131782321,-0.1750170614536942,0.4848485554577712,1.1535262668585071,True,False,0
0,-0.4649901071197177,-0.3268172187789122,-0.6879642621254556,-0.172611117322095,-1.5487583742283537,False,True,0
0,-0.020857601774280365,0.0001853756204077356,-0.4314906617895749,-0.172611117322095,-0.6479968271994002,True,False,0
0,-0.9596410726569159,-0.9808224075775521,-0.816201062293396,-0.6657058719069946,-1.5487583742283537,False,True,0
1,-0.3704023518670592,-0.6538198131782321,-0.6879642621254556,-0.33697603551706157,1.1535262668585071,True,False,0
1,2.2219470585688694,1.4171966180174609,1.7485349410654112,-0.6657058719069946,-1.5487583742283537,True,False,0
1,-0.8828960075996453,0.6541905644190477,-0.6879642621254556,-0.9944357082969277,0.25276471982955345,True,False,1
0,-0.7530528162982686,-1.0898232723773253,-0.816201062293396,-0.5013409537120281,-1.5487583742283537,False,False,1
1,-0.3306325002267369,0.8721922940185942,-0.30325386162163454,-0.33697603551706157,-1.5487583742283537,False,False,0
1,2.318254591189758,1.853200077216554,1.4920613407295304,-0.33697603551706157,1.1535262668585071,False,True,0
1,-0.8349572134602297,-0.2178163539791389,-0.816201062293396,-0.8300707901019612,0.25276471982955345,True,False,0
0,0.15477466195622414,-0.7628206779780055,-0.1750170614536942,0.1561187190678381,0.25276471982955345,False,False,0
1,-0.8018514991217992,-1.634827596376192,-0.9444378624613363,-0.5013409537120281,0.25276471982955345,True,False,0
1,2.814410361924158,1.9622009420163273,3.0309029427448144,0.4848485554577712,-0.6479968271994002,True,False,0
0,0.06663607183442874,1.853200077216554,0.33793013921806725,-0.008246199127128446,1.1535262668585071,True,False,0
0,-0.47272910527675344,-0.6538198131782321,-0.6879642621254556,-0.33697603551706157,0.25276471982955345,True,False,0
0,-0.9673800708139515,-1.8528293259757387,-1.200911462797217,-0.8300707901019612,0.25276471982955345,False,True,1
0,-0.3039759510191695,1.3081957532176876,-0.1750170614536942,0.4848485554577712,-0.6479968271994002,True,False,0
1,-0.4503719994897614,0.0001853756204077356,0.4661669393860076,0.9779433100426709,0.25276471982955345,True,False,0
1,-0.5518388642153406,-1.307825001976872,-0.5597274619575152,-0.8300707901019612,0.25276471982955345,False,False,0
1,-0.3914696246278786,-0.8718215427777788,-0.1750170614536942,0.4848485554577712,-1.5487583742283537,False,True,0
0,-0.7928226679385909,-0.9808224075775521,-1.3291482629651574,-0.9944357082969277,-0.6479968271994002,True,False,0
0,-0.8798863972052424,0.436188834819501,0.2096933390501269,0.32048363726280465,0.25276471982955345,False,False,0
0,0.08340390117467274,-0.6538198131782321,-0.30325386162163454,0.32048363726280465,0.25276471982955345,True,False,0
0,-0.26721570977325,-0.7628206779780055,-0.9444378624613363,-0.8300707901019612,0.25276471982955345,True,False,0
0,-0.9439481041718157,-0.10881548917936558,-0.4314906617895749,0.1561187190678381,1.1535262668585071,False,True,0
0,2.4152070403237333,1.853200077216554,3.159139742912755,0.4848485554577712,1.1535262668585071,True,False,0
0,0.17347724083572708,0.10918624042018105,-0.1750170614536942,-0.9944357082969277,-0.6479968271994002,False,True,0
0,0.001929448354769178,0.10918624042018105,0.33793013921806725,-0.9944357082969277,0.25276471982955345,True,False,0
0,0.6410417128233002,0.10918624042018105,-0.1750170614536942,0.32048363726280465,0.25276471982955345,False,True,0
0,-0.7197321297888093,-0.9808224075775521,-0.6879642621254556,-0.172611117322095,-1.5487583742283537,True,False,0
0,0.6838211748580254,-0.3268172187789122,0.594403739553948,1.306673146432604,1.1535262668585071,False,False,0
0,0.023426665457646108,-0.10881548917936558,-0.5597274619575152,-0.9944357082969277,1.1535262668585071,False,True,0
1,-0.8824660632575877,-0.8718215427777788,-1.3291482629651574,-0.9944357082969277,1.1535262668585071,False,True,1
0,-0.3600836876576783,1.853200077216554,1.1073509402257093,-0.5013409537120281,0.25276471982955345,False,True,0
0,-0.6139658216426548,-0.10881548917936558,-0.9444378624613363,-0.9944357082969277,1.1535262668585071,True,False,0
0,0.023211693286617336,-0.10881548917936558,-0.4314906617895749,-0.172611117322095,1.1535262668585071,True,False,0
0,-0.5281919254021759,-0.5448189483784588,-0.30325386162163454,-0.172611117322095,-1.5487583742283537,True,False,0
0,-0.24485860398625797,2.507205266015194,-0.1750170614536942,-0.8300707901019612,-1.5487583742283537,False,True,0
0,-0.7311256548533341,-0.4358180835786855,0.33793013921806725,0.4848485554577712,-1.5487583742283537,True,False,0
0,-0.3888899585755334,0.10918624042018105,0.9791141400577691,0.9779433100426709,1.1535262668585071,True,False,0
1,-0.9407235216063842,-0.8718215427777788,-0.6879642621254556,-0.33697603551706157,1.1535262668585071,True,False,0
0,0.39489857699535946,1.7441992124167807,0.8508773398898287,1.1423082282376373,-1.5487583742283537,False,True,0
1,-0.24270888227597026,1.9622009420163273,0.08145653888218654,0.4848485554577712,1.1535262668585071,True,False,0
0,0.8495647187212065,1.4171966180174609,1.1073509402257093,-0.5013409537120281,1.1535262668585071,False,True,0
0,-0.9190113323324784,-0.2178163539791389,-1.3291482629651574,-0.9944357082969277,1.1535262668585071,True,False,0
0,0.1655232705076626,0.9811931588183676,0.33793013921806725,0.1561187190678381,-0.6479968271994002,True,False,1
1,-0.5492591981629953,-1.5258267315764187,-0.816201062293396,-0.33697603551706157,0.25276471982955345,False,True,1
0,1.5058747568720392,1.853200077216554,0.594403739553948,-0.5013409537120281,0.25276471982955345,True,False,0
1,-0.8880553397043357,-1.307825001976872,-1.3291482629651574,-0.9944357082969277,-0.6479968271994002,True,False,1
0,-0.9617907943672035,-0.9808224075775521,-0.816201062293396,-0.33697603551706157,1.1535262668585071,True,False,0
0,0.15391477327210906,2.071201806816101,3.287376543080695,-0.172611117322095,1.1535262668585071,False,True,0
1,-0.7756248942562893,0.7631914292188209,-0.6879642621254556,-0.172611117322095,0.25276471982955345,False,True,1
0,-0.023652239997654367,0.8721922940185942,-0.30325386162163454,-0.6657058719069946,0.25276471982955345,True,False,0
1,-0.18875086734774918,0.10918624042018105,-0.6879642621254556,-0.33697603551706157,1.1535262668585071,False,True,0
0,-0.897944059571659,1.1991948884179142,-0.1750170614536942,0.1561187190678381,-1.5487583742283537,True,False,0
0,0.12037911459162105,-0.4358180835786855,-0.6879642621254556,-0.33697603551706157,0.25276471982955345,False,False,0
1,0.8450503031296023,0.32718797001972766,1.1073509402257093,1.7997679010175038,-1.5487583742283537,True,False,0
1,0.02772610887822149,0.10918624042018105,0.7226405397218884,-0.9944357082969277,-1.5487583742283537,True,False,1
0,0.514638076258384,0.436188834819501,0.33793013921806725,-0.33697603551706157,-0.6479968271994002,False,False,0
0,-0.747033595509463,0.21818710521995435,-0.04678026128575383,0.4848485554577712,0.25276471982955345,False,False,0
0,-0.08448936439879608,0.436188834819501,0.9791141400577691,1.9641328192124703,-0.6479968271994002,False,True,0
0,2.3431913630290957,-0.4358180835786855,-0.1750170614536942,0.4848485554577712,0.25276471982955345,False,True,0
1,-0.7863735028077278,-1.4168258667766453,-0.6879642621254556,-0.172611117322095,0.25276471982955345,True,False,1
1,0.2831130480603994,0.10918624042018105,-0.1750170614536942,-0.9944357082969277,0.25276471982955345,False,True,0
0,-0.9033183638473783,-0.10881548917936558,-0.6879642621254556,-0.33697603551706157,-1.5487583742283537,True,False,0
0,0.29536646180903925,-0.8718215427777788,-0.04678026128575383,0.6492134736527377,1.1535262668585071,True,False,0
0,-0.6646992540054444,-0.4358180835786855,-0.816201062293396,-0.6657058719069946,1.1535262668585071,False,True,0
0,1.1589096728316055,-0.8718215427777788,-0.1750170614536942,0.4848485554577712,0.25276471982955345,True,False,0
1,-0.9611458778541172,0.0001853756204077356,-0.5597274619575152,-0.6657058719069946,-1.5487583742283537,False,False,1
1,1.0675465001443785,0.10918624042018105,0.08145653888218654,0.6492134736527377,1.1535262668585071,False,False,0
0,0.9037377058204563,0.8721922940185942,1.7485349410654112,2.6215924919923363,0.25276471982955345,True,False,0
0,-0.8276481596452515,-1.4168258667766453,-1.3291482629651574,-0.9944357082969277,-0.6479968271994002,False,False,0
0,-0.8652682895752861,-0.10881548917936558,0.594403739553948,0.6492134736527377,0.25276471982955345,False,True,0
0,-0.5445298104003623,-1.4168258667766453,-0.816201062293396,-0.5013409537120281,0.25276471982955345,False,False,0
1,0.8901944590456439,-0.2178163539791389,0.7226405397218884,1.6354029828225372,0.25276471982955345,True,False,0
0,1.5654220482470083,1.6351983476170073,2.517955742073053,0.32048363726280465,1.1535262668585071,True,False,0
1,-0.22766083030395642,1.853200077216554,-0.30325386162163454,-0.33697603551706157,-1.5487583742283537,False,False,0
0,0.6836062026869966,0.8721922940185942,1.7485349410654112,-0.9944357082969277,-1.5487583742283537,False,False,0
0,-0.2508778247750635,0.21818710521995435,-0.1750170614536942,-0.008246199127128446,-1.5487583742283537,True,False,0
0,-0.3738419066035195,0.8721922940185942,-0.30325386162163454,0.1561187190678381,-0.6479968271994002,True,False,0
1,-0.9721094585765845,-0.2178163539791389,-0.1750170614536942,0.4848485554577712,-0.6479968271994002,False,False,1
1,2.262361826722278,0.21818710521995435,1.2355877403936497,2.2928626556024034,-1.5487583742283537,True,False,0
1,-0.6281539849305536,-0.3268172187789122,-0.6879642621254556,-0.172611117322095,1.1535262668585071,True,False,0
0,0.49894510777328377,0.8721922940185942,1.4920613407295304,1.9641328192124703,1.1535262668585071,False,True,0
0,-0.9366390503568376,-1.307825001976872,-0.6879642621254556,-0.8300707901019612,-0.6479968271994002,True,False,0
1,1.5174832541075927,0.0001853756204077356,0.4661669393860076,-0.33697603551706157,1.1535262668585071,False,False,0
1,-0.8912799222697673,-1.634827596376192,-1.3291482629651574,-0.9944357082969277,-1.5487583742283537,True,False,1
1,-0.16660873373178595,0.8721922940185942,-0.1750170614536942,0.4848485554577712,-1.5487583742283537,False,True,0
1,0.7695950710985043,0.5451896996192743,1.6202981408974708,2.1284977374074368,1.1535262668585071,True,False,0
0,-0.9099825011492702,-0.3268172187789122,-0.30325386162163454,-0.6657058719069946,-0.6479968271994002,False,True,0
0,-0.30591070055842845,-0.3268172187789122,-0.5597274619575152,-1.1588006264918942,-1.5487583742283537,False,False,0
0,1.899273829854687,1.3081957532176876,1.4920613407295304,0.1561187190678381,0.25276471982955345,False,True,0
0,0.7635758503096988,-0.10881548917936558,0.7226405397218884,1.6354029828225372,0.25276471982955345,False,False,0
0,-0.9037483081894359,-0.8718215427777788,-0.6879642621254556,-0.172611117322095,1.1535262668585071,False,True,0
0,-0.8609688461547107,-1.0898232723773253,-0.9444378624613363,-0.5013409537120281,0.25276471982955345,True,False,0
0,-0.5714013317789585,-0.10881548917936558,-0.1750170614536942,0.4848485554577712,1.1535262668585071,False,True,0
0,-0.8899900892435946,-0.2178163539791389,-1.3291482629651574,-0.9944357082969277,0.25276471982955345,True,False,0
0,-0.9213760262137949,0.6541905644190477,-0.4314906617895749,-0.6657058719069946,1.1535262668585071,True,False,0
0,-0.8801013693762713,-0.2178163539791389,-1.0726746626292767,-0.6657058719069946,-1.5487583742283537,False,True,0
0,0.21088239859473293,1.7441992124167807,2.389718941905113,1.306673146432604,-0.6479968271994002,True,False,0
0,-0.23303513457967565,-0.6538198131782321,0.2096933390501269,-0.008246199127128446,1.1535262668585071,False,False,0
1,1.6911807682988382,1.4171966180174609,2.6461925422409935,4.100876755747035,1.1535262668585071,False,True,0
0,-0.71263804814486,-1.307825001976872,-0.5597274619575152,-0.6657058719069946,1.1535262668585071,True,False,0
0,0.741003772351678,0.21818710521995435,-0.30325386162163454,-0.008246199127128446,-1.5487583742283537,True,False,0
0,1.1715930309223028,-0.3268172187789122,0.2096933390501269,0.8135783918477043,-0.6479968271994002,False,True,0
0,0.7904473716882949,-0.2178163539791389,0.7226405397218884,0.1561187190678381,0.25276471982955345,False,True,0
0,-0.7547725936664987,-1.8528293259757387,-1.200911462797217,-0.8300707901019612,0.25276471982955345,False,True,0
0,-0.6612596992689841,-1.0898232723773253,-0.6879642621254556,-0.8300707901019612,-0.6479968271994002,True,False,0
1,-0.44413780652992707,-1.0898232723773253,-0.816201062293396,-0.33697603551706157,0.25276471982955345,False,True,0
0,2.26902596402417,1.6351983476170073,1.8767717412333516,0.32048363726280465,1.1535262668585071,True,False,0
0,-0.8171145232648418,-0.5448189483784588,-1.200911462797217,-0.8300707901019612,-0.6479968271994002,True,False,0
0,2.257632438959645,1.4171966180174609,2.133245341569232,3.2790521647722026,0.25276471982955345,True,False,0
1,2.605672383855223,1.3081957532176876,1.36382454056159,-0.6657058719069946,-1.5487583742283537,False,True,0
1,-0.8059359703713458,-0.5448189483784588,-1.3291482629651574,-0.9944357082969277,1.1535262668585071,False,True,1
0,-0.4514468603449053,-0.3268172187789122,0.4661669393860076,0.6492134736527377,-0.6479968271994002,False,False,0
0,-0.7973370835301951,-0.10881548917936558,-0.5597274619575152,-0.9944357082969277,1.1535262668585071,False,False,0
0,0.8386011379987393,1.6351983476170073,0.8508773398898287,0.1561187190678381,-0.6479968271994002,False,True,0
0,-0.8220588831985035,-0.7628206779780055,-0.6879642621254556,-0.33697603551706157,1.1535262668585071,False,True,0
0,2.0953284498329245,2.289203536415647,3.287376543080695,1.4710380646275707,-0.6479968271994002,False,False,0
0,2.555153923663462,0.5451896996192743,1.6202981408974708,2.785957410187303,1.1535262668585071,False,False,0
0,-0.4379036135700928,1.3081957532176876,-0.4314906617895749,-0.33697603551706157,1.1535262668585071,False,True,0
0,0.9144863143718948,0.6541905644190477,0.8508773398898287,-0.9944357082969277,1.1535262668585071,False,False,0
0,-0.902673447334292,0.32718797001972766,-0.4314906617895749,-0.6657058719069946,0.25276471982955345,False,False,0
1,2.687361808846155,1.9622009420163273,3.287376543080695,4.758336428526902,-1.5487583742283537,False,True,0
0,-0.8061509425423746,-0.5448189483784588,-0.816201062293396,-0.33697603551706157,-0.6479968271994002,True,False,0
0,2.1952905093613024,1.9622009420163273,2.517955742073053,0.32048363726280465,-1.5487583742283537,False,True,0
1,-0.8274331874742228,-0.6538198131782321,-1.0726746626292767,-0.8300707901019612,1.1535262668585071,False,False,0
0,-0.3585788824604769,0.6541905644190477,-0.4314906617895749,-0.172611117322095,-0.6479968271994002,False,False,0
0,0.03073571927262426,-0.3268172187789122,0.33793013921806725,1.1423082282376373,1.1535262668585071,False,True,0
1,-0.9033183638473783,0.32718797001972766,-0.816201062293396,-0.5013409537120281,1.1535262668585071,False,True,0
0,-0.47552374350012744,0.5451896996192743,1.1073509402257093,2.1284977374074368,0.25276471982955345,False,True,0
0,-0.35836391028944814,-0.9808224075775521,-0.6879642621254556,-0.33697603551706157,-1.5487583742283537,False,False,0
0,-0.31171494917620524,0.32718797001972766,-0.1750170614536942,-0.9944357082969277,0.25276471982955345,False,True,0
0,-0.8566694027341354,-0.2178163539791389,-0.6879642621254556,-0.172611117322095,-1.5487583742283537,False,True,0
0,-0.35707407726327556,-0.5448189483784588,-0.1750170614536942,0.4848485554577712,0.25276471982955345,True,False,1
0,-0.4770285486973288,-0.3268172187789122,-0.816201062293396,-0.33697603551706157,-0.6479968271994002,True,False,0
1,-0.9609309056830885,-0.2178163539791389,-1.3291482629651574,-0.9944357082969277,-1.5487583742283537,False,False,1
0,-0.8085156364236911,-1.8528293259757387,-1.200911462797217,-0.8300707901019612,0.25276471982955345,False,True,0
0,2.1520811029845195,1.6351983476170073,2.517955742073053,-0.33697603551706157,1.1535262668585071,True,False,0
0,-0.37728146133997986,1.3081957532176876,-0.1750170614536942,-0.6657058719069946,-1.5487583742283537,True,False,0
0,-0.7270411836037874,0.7631914292188209,-0.5597274619575152,-0.33697603551706157,0.25276471982955345,False,True,0
0,-0.31493953174163675,-0.10881548917936558,0.08145653888218654,-0.008246199127128446,1.1535262668585071,False,False,0
0,-0.6947953579494721,-0.5448189483784588,-0.6879642621254556,-0.6657058719069946,1.1535262668585071,True,False,0
0,-0.6812521111746597,-1.634827596376192,-0.9444378624613363,-0.6657058719069946,0.25276471982955345,False,True,0
0,-0.17477767623087917,0.0001853756204077356,-0.30325386162163454,-0.172611117322095,1.1535262668585071,False,False,0
0,-0.8555945418789915,-0.7628206779780055,0.08145653888218654,0.6492134736527377,1.1535262668585071,False,True,0
1,-0.2874230938499543,-0.4358180835786855,0.4661669393860076,1.306673146432604,0.25276471982955345,True,False,0
0,-0.4624104410673725,0.436188834819501,0.33793013921806725,-0.33697603551706157,-0.6479968271994002,True,False,0
0,1.5103891724636433,0.436188834819501,1.2355877403936497,2.1284977374074368,-0.6479968271994002,True,False,0
0,-0.6993097735410763,-0.8718215427777788,-0.4314906617895749,-0.008246199127128446,-0.6479968271994002,False,False,0
0,-0.34568055219875077,1.5261974828172342,0.8508773398898287,-0.008246199127128446,1.1535262668585071,True,False,0
1,0.8392460545118255,1.7441992124167807,0.4661669393860076,-0.8300707901019612,-1.5487583742283537,False,True,1
0,-0.3824407934446703,0.6541905644190477,-0.9444378624613363,-0.9944357082969277,-0.6479968271994002,False,False,0
0,-1.1722485498043687,-0.8718215427777788,-1.3291482629651574,-0.9944357082969277,-1.5487583742283537,False,True,1
0,-0.26549593240501984,-0.5448189483784588,-0.1750170614536942,0.4848485554577712,1.1535262668585071,True,False,0
1,-0.6670639478867608,-0.9808224075775521,-1.200911462797217,-0.8300707901019612,0.25276471982955345,False,True,1
1,-0.8921398109538823,-1.0898232723773253,-0.4314906617895749,0.1561187190678381,0.25276471982955345,False,True,1
0,0.4826072227750973,-0.2178163539791389,-0.1750170614536942,0.4848485554577712,0.25276471982955345,False,True,0
1,-0.10362188762035654,0.5451896996192743,-0.4314906617895749,-0.5013409537120281,1.1535262668585071,True,False,0
0,1.0935581328388597,-0.3268172187789122,0.33793013921806725,0.6492134736527377,-1.5487583742283537,False,True,0
1,-0.5051899031020975,-1.307825001976872,-0.816201062293396,-0.33697603551706157,-1.5487583742283537,True,False,0
0,-0.8347422412892009,-0.3268172187789122,-1.0726746626292767,-0.8300707901019612,1.1535262668585071,False,False,0
0,-0.9366390503568376,-1.0898232723773253,-0.6879642621254556,-0.33697603551706157,0.25276471982955345,False,False,0
0,-0.25754196207695534,-0.3268172187789122,-0.04678026128575383,-0.008246199127128446,-1.5487583742283537,True,False,1
1,-0.883110979770674,-0.4358180835786855,-0.4314906617895749,-0.33697603551706157,1.1535262668585071,True,False,1
0,-0.53270634099378,-1.0898232723773253,-0.5597274619575152,-0.008246199127128446,-1.5487583742283537,False,False,0
0,-0.9213760262137949,-0.2178163539791389,-0.1750170614536942,0.1561187190678381,0.25276471982955345,True,False,0
0,0.161438799258116,-0.2178163539791389,-0.1750170614536942,0.4848485554577712,-0.6479968271994002,True,False,0
0,-0.9611458778541172,-1.5258267315764187,-0.9444378624613363,-0.8300707901019612,0.25276471982955345,True,False,0
0,0.1928247362283163,0.8721922940185942,-0.1750170614536942,0.4848485554577712,-0.6479968271994002,False,False,0
0,-0.6588950053876677,-0.6538198131782321,-0.6879642621254556,-0.33697603551706157,-0.6479968271994002,False,True,1
0,1.1636390605942384,1.0901940236181409,0.33793013921806725,0.9779433100426709,-0.6479968271994002,True,False,0
1,2.2202272812006396,0.9811931588183676,2.133245341569232,-0.008246199127128446,-0.6479968271994002,True,False,0
1,0.00020967098653902383,0.5451896996192743,-0.1750170614536942,-0.6657058719069946,-1.5487583742283537,False,True,0
1,-0.41490159127001447,-0.2178163539791389,-0.816201062293396,-0.5013409537120281,0.25276471982955345,True,False,1
1,2.1744382087715115,1.9622009420163273,2.389718941905113,-0.33697603551706157,1.1535262668585071,False,True,0
0,-0.44155814047758185,-0.3268172187789122,0.33793013921806725,0.4848485554577712,-0.6479968271994002,True,False,0
1,1.4405232168792932,0.8721922940185942,0.7226405397218884,-1.1588006264918942,-1.5487583742283537,True,False,0
0,0.026436275852048878,-0.5448189483784588,-0.30325386162163454,-0.33697603551706157,1.1535262668585071,False,False,0
1,1.608416482452762,1.5261974828172342,2.7744293424089337,4.265241673942002,-0.6479968271994002,False,False,0
0,-0.9559865457494268,-0.7628206779780055,-0.30325386162163454,-0.33697603551706157,1.1535262668585071,True,False,0
1,0.23603414260509895,0.0001853756204077356,-0.1750170614536942,0.4848485554577712,-0.6479968271994002,False,True,0
0,-0.5398004226377294,-0.3268172187789122,-0.816201062293396,-0.6657058719069946,0.25276471982955345,False,True,0
1,-0.45230674902902035,1.853200077216554,-0.30325386162163454,-0.33697603551706157,-1.5487583742283537,False,True,0
0,-0.4858424077095083,1.3081957532176876,1.1073509402257093,-0.5013409537120281,-1.5487583742283537,False,True,1
1,-0.8257134101059925,-0.9808224075775521,-1.0726746626292767,-0.6657058719069946,0.25276471982955345,False,False,0
0,-0.5043300144179825,0.10918624042018105,-0.4314906617895749,-0.6657058719069946,-0.6479968271994002,False,True,0
0,-0.913852000227788,-1.1988241371770987,-1.3291482629651574,-0.9944357082969277,0.25276471982955345,False,True,1
0,-0.854304708852819,-1.1988241371770987,-0.5597274619575152,-0.008246199127128446,1.1535262668585071,False,True,0
0,-0.5288368419152621,-0.6538198131782321,-0.5597274619575152,-0.008246199127128446,0.25276471982955345,False,True,1
0,1.0103639026507258,-0.5448189483784588,-0.1750170614536942,-0.33697603551706157,1.1535262668585071,False,True,0
0,-0.1782172309673395,0.32718797001972766,-0.4314906617895749,-0.33697603551706157,-0.6479968271994002,False,False,0
0,-0.8968691987165153,2.289203536415647,-1.200911462797217,-0.8300707901019612,0.25276471982955345,False,False,0
0,2.0310517706953224,0.5451896996192743,0.594403739553948,-0.9944357082969277,1.1535262668585071,False,True,0
0,-0.8173294954358706,-0.3268172187789122,-1.200911462797217,-0.8300707901019612,0.25276471982955345,True,False,1
0,0.9267397281205346,0.32718797001972766,0.4661669393860076,0.8135783918477043,1.1535262668585071,True,False,0
0,-0.11071596926430594,-0.3268172187789122,-0.6879642621254556,-0.8300707901019612,1.1535262668585071,False,True,0
0,-0.8250684935929062,-0.9808224075775521,-1.0726746626292767,-0.6657058719069946,1.1535262668585071,False,False,0
0,1.4959860370047158,0.32718797001972766,1.36382454056159,2.45722757379737,-0.6479968271994002,True,False,0
1,-0.28290867825835014,-0.5448189483784588,0.2096933390501269,0.9779433100426709,-0.6479968271994002,True,False,0
0,1.9042181897883486,1.1991948884179142,1.2355877403936497,-0.6657058719069946,-1.5487583742283537,True,False,0
0,-0.40952728699429525,-0.10881548917936558,0.7226405397218884,1.306673146432604,-1.5487583742283537,True,False,0
0,-0.27495470793028565,0.5451896996192743,-0.04678026128575383,-0.33697603551706157,0.25276471982955345,False,False,0
1,-0.895149421348285,2.289203536415647,-1.0726746626292767,-0.9944357082969277,1.1535262668585071,False,False,1
0,-0.0012951342106623611,-0.3268172187789122,-0.6879642621254556,-0.6657058719069946,0.25276471982955345,True,False,0
0,-0.5499041146760816,-0.3268172187789122,0.4661669393860076,1.306673146432604,1.1535262668585071,True,False,0
0,-0.8087306085947198,0.436188834819501,0.08145653888218654,-0.33697603551706157,1.1535262668585071,True,False,0
1,-0.6530907567698908,-0.2178163539791389,-0.9444378624613363,-0.6657058719069946,0.25276471982955345,True,False,0
0,-0.16531890070561334,-0.7628206779780055,-0.04678026128575383,0.4848485554577712,1.1535262668585071,True,False,0
0,-0.6376127604558195,-1.1988241371770987,-0.4314906617895749,-0.008246199127128446,-1.5487583742283537,False,True,0
0,-0.86634315043043,-0.8718215427777788,-0.04678026128575383,-0.008246199127128446,1.1535262668585071,False,False,0
0,-0.6810371390036308,0.436188834819501,-0.1750170614536942,0.4848485554577712,0.25276471982955345,True,False,0
0,-0.8345272691181721,1.9622009420163273,0.9791141400577691,-0.33697603551706157,1.1535262668585071,True,False,0
0,2.764966762587541,1.853200077216554,1.6202981408974708,-0.5013409537120281,-1.5487583742283537,True,False,0
0,1.3323922148518224,0.21818710521995435,1.2355877403936497,2.2928626556024034,1.1535262668585071,True,False,0
1,-0.6066567678276766,-0.6538198131782321,-0.5597274619575152,-0.8300707901019612,1.1535262668585071,True,False,1
1,0.28698254713891724,0.7631914292188209,-0.30325386162163454,0.1561187190678381,1.1535262668585071,True,False,0
1,0.812804477475287,-0.10881548917936558,0.594403739553948,1.4710380646275707,1.1535262668585071,True,False,1
0,-0.7337053209056793,-0.8718215427777788,-0.1750170614536942,0.4848485554577712,1.1535262668585071,True,False,0
1,0.3536239201578357,0.436188834819501,0.08145653888218654,0.32048363726280465,0.25276471982955345,False,False,0
1,-0.20788339056930966,1.6351983476170073,0.8508773398898287,0.4848485554577712,-1.5487583742283537,False,False,0
1,-0.9708196255504119,-0.9808224075775521,-0.6879642621254556,-0.5013409537120281,0.25276471982955345,False,True,1
0,-0.9729693472606995,0.32718797001972766,0.4661669393860076,-0.33697603551706157,-1.5487583742283537,False,True,1
0,0.2349592817499551,2.3982044012154207,2.133245341569232,2.2928626556024034,-1.5487583742283537,False,True,0
0,-0.8362470464864022,0.8721922940185942,-0.4314906617895749,-0.8300707901019612,1.1535262668585071,True,False,0
1,-0.911057362004414,1.7441992124167807,0.2096933390501269,-0.008246199127128446,0.25276471982955345,True,False,0
0,0.7635758503096988,0.9811931588183676,2.133245341569232,-0.008246199127128446,1.1535262668585071,False,False,1
1,-0.9310497739100896,0.32718797001972766,-0.1750170614536942,-0.008246199127128446,0.25276471982955345,True,False,0
0,2.123489804237693,-0.6538198131782321,-0.30325386162163454,-0.6657058719069946,-0.6479968271994002,False,True,0
0,1.5007154247673486,0.5451896996192743,1.4920613407295304,2.1284977374074368,-0.6479968271994002,True,False,0
1,-0.2846284556265803,2.507205266015194,0.08145653888218654,0.6492134736527377,1.1535262668585071,False,False,0
1,0.19626429096477663,0.32718797001972766,-0.6879642621254556,-0.5013409537120281,1.1535262668585071,True,False,0
0,-1.0879794587610911,-1.9618301907755118,-1.3291482629651574,-0.9944357082969277,-0.6479968271994002,False,True,0
0,-0.7863735028077278,-1.1988241371770987,-1.0726746626292767,-0.6657058719069946,1.1535262668585071,False,False,0
0,-0.45080194383181893,0.8721922940185942,-0.30325386162163454,0.32048363726280465,-0.6479968271994002,True,False,0
1,-0.7143578255130901,1.4171966180174609,1.1073509402257093,2.1284977374074368,0.25276471982955345,True,False,0
0,-0.16746862241590102,-0.8718215427777788,-0.5597274619575152,-0.33697603551706157,-0.6479968271994002,False,True,1
0,-0.18982572820289303,-0.9808224075775521,-0.30325386162163454,0.1561187190678381,-1.5487583742283537,False,True,0
1,-0.45617624810753815,0.32718797001972766,0.594403739553948,-0.9944357082969277,1.1535262668585071,True,False,0
0,-0.905468085557666,-0.5448189483784588,-0.816201062293396,-0.6657058719069946,-0.6479968271994002,True,False,0
1,1.1522455355297136,2.3982044012154207,0.33793013921806725,-0.172611117322095,1.1535262668585071,True,False,0
0,0.673932454990702,-0.5448189483784588,-0.4314906617895749,-0.9944357082969277,1.1535262668585071,False,True,0
0,0.398123159560791,0.32718797001972766,-0.4314906617895749,-0.008246199127128446,-1.5487583742283537,True,False,0
0,-0.7500432059038658,-0.4358180835786855,-0.04678026128575383,0.32048363726280465,-0.6479968271994002,False,False,0
0,0.7386390784703615,-0.10881548917936558,-0.1750170614536942,0.4848485554577712,1.1535262668585071,False,True,0
0,-0.8581742079313367,-1.9618301907755118,-1.3291482629651574,-0.9944357082969277,-1.5487583742283537,False,True,0
0,-0.56065272322752,0.0001853756204077356,-0.4314906617895749,0.1561187190678381,-0.6479968271994002,True,False,0
1,2.2741852961288607,0.21818710521995435,1.2355877403936497,1.9641328192124703,-0.6479968271994002,False,False,0
0,1.1466562590829656,-0.4358180835786855,0.08145653888218654,0.4848485554577712,-0.6479968271994002,True,False,0
0,-0.3794311830502675,-0.7628206779780055,-0.4314906617895749,-0.6657058719069946,-1.5487583742283537,False,False,0
0,-1.1357032807294778,-0.6538198131782321,-1.3291482629651574,-0.9944357082969277,-0.6479968271994002,False,True,1
0,-0.975334041142016,-1.1988241371770987,-0.816201062293396,-0.33697603551706157,0.25276471982955345,False,False,0
0,-0.9766238741681886,0.32718797001972766,1.1073509402257093,-0.33697603551706157,0.25276471982955345,True,False,0
0,0.3147139572016285,-0.10881548917936558,-0.30325386162163454,-0.6657058719069946,-1.5487583742283537,True,False,0
0,-0.342670941804348,-1.307825001976872,-0.816201062293396,-0.5013409537120281,1.1535262668585071,False,True,0
0,-0.25109279694609227,-0.4358180835786855,-0.1750170614536942,-0.33697603551706157,-1.5487583742283537,True,False,0
0,2.37737193822267,0.6541905644190477,0.33793013921806725,1.1423082282376373,0.25276471982955345,True,False,0
0,1.4951261483206006,0.32718797001972766,1.1073509402257093,1.7997679010175038,0.25276471982955345,False,True,0
0,-0.46413021843560265,0.8721922940185942,-0.1750170614536942,0.4848485554577712,-1.5487583742283537,True,False,0
0,-0.39490917936433895,-0.5448189483784588,-0.6879642621254556,-0.5013409537120281,0.25276471982955345,True,False,1
0,0.4462769258712353,-0.8718215427777788,-0.1750170614536942,0.4848485554577712,0.25276471982955345,False,False,0
1,-0.763801424849707,0.10918624042018105,-0.5597274619575152,-0.172611117322095,-0.6479968271994002,True,False,0
0,-0.9316946904231759,-1.4168258667766453,-1.3291482629651574,-0.9944357082969277,-0.6479968271994002,True,False,1
1,-0.17198303800750517,-1.307825001976872,-0.6879642621254556,-0.172611117322095,0.25276471982955345,False,True,1
0,-0.26872051497045135,-0.7628206779780055,-0.1750170614536942,-0.008246199127128446,0.25276471982955345,True,False,0
0,-0.31085506049209016,-0.2178163539791389,-0.1750170614536942,0.4848485554577712,0.25276471982955345,False,True,0
0,-0.29752678588830644,1.9622009420163273,0.08145653888218654,0.32048363726280465,1.1535262668585071,False,True,1
0,0.5427994306631527,-0.2178163539791389,-0.30325386162163454,0.32048363726280465,-1.5487583742283537,True,False,0
1,-0.7938975287937348,-0.4358180835786855,-1.3291482629651574,-0.9944357082969277,0.25276471982955345,False,True,1
1,-0.03354095986497775,-0.4358180835786855,0.33793013921806725,-1.1588006264918942,0.25276471982955345,False,True,0
0,0.8087200062257404,-0.2178163539791389,0.4661669393860076,0.9779433100426709,-1.5487583742283537,True,False,1
0,-0.5415202000059596,-0.5448189483784588,-0.1750170614536942,0.1561187190678381,0.25276471982955345,False,True,0
1,0.8616031602988176,2.289203536415647,1.6202981408974708,-0.172611117322095,-0.6479968271994002,False,False,0
0,-0.9013836143081194,-0.3268172187789122,-1.0726746626292767,-0.8300707901019612,0.25276471982955345,False,False,1
0,-0.6371828161137619,1.3081957532176876,-0.5597274619575152,-0.5013409537120281,-1.5487583742283537,True,False,0
1,1.5970229573882373,1.4171966180174609,1.36382454056159,0.8135783918477043,0.25276471982955345,True,False,0
0,-0.09158344604274546,-0.7628206779780055,-0.1750170614536942,0.4848485554577712,0.25276471982955345,False,False,0
0,-0.4344640588336325,0.5451896996192743,-0.5597274619575152,-0.172611117322095,1.1535262668585071,True,False,0
1,1.380331008991238,1.7441992124167807,2.005008541401292,-0.6657058719069946,0.25276471982955345,True,False,0
0,0.6816714531477377,-0.8718215427777788,-0.30325386162163454,-0.008246199127128446,-1.5487583742283537,True,False,0
0,-0.8656982339173437,-1.0898232723773253,-0.816201062293396,-0.33697603551706157,0.25276471982955345,False,False,0
1,-0.2880680103630406,-0.2178163539791389,-0.1750170614536942,0.4848485554577712,1.1535262668585071,True,False,0
0,-0.8555945418789915,-1.9618301907755118,-1.3291482629651574,-0.9944357082969277,1.1535262668585071,False,True,1
0,0.8121595609622007,0.32718797001972766,0.33793013921806725,0.6492134736527377,1.1535262668585071,True,False,0
0,-0.3388014427258301,-0.2178163539791389,-0.816201062293396,-0.33697603551706157,1.1535262668585071,False,False,0
1,-0.3274079176613054,0.9811931588183676,0.594403739553948,-0.5013409537120281,-0.6479968271994002,False,False,0
0,-0.4273699771896831,0.5451896996192743,0.9791141400577691,-0.33697603551706157,0.25276471982955345,False,False,0
0,-0.16639376156075716,0.8721922940185942,-0.1750170614536942,0.4848485554577712,1.1535262668585071,False,False,0
0,-0.8134599963573528,-0.8718215427777788,-1.200911462797217,-0.8300707901019612,-0.6479968271994002,False,True,1
0,-0.7627265639945632,-0.3268172187789122,-0.1750170614536942,-0.5013409537120281,-1.5487583742283537,False,False,0
1,1.5950882078489783,1.3081957532176876,1.7485349410654112,-0.008246199127128446,0.25276471982955345,False,True,0
1,-0.4910017398141988,-1.4168258667766453,-0.816201062293396,-0.33697603551706157,0.25276471982955345,False,False,0
0,-0.5696815544107283,-1.634827596376192,-0.9444378624613363,-0.8300707901019612,0.25276471982955345,False,True,1
0,-1.132908642506104,-0.7628206779780055,-1.3291482629651574,-0.9944357082969277,0.25276471982955345,False,False,0
0,-0.4305945597551146,0.7631914292188209,1.1073509402257093,2.1284977374074368,1.1535262668585071,False,True,0
0,-0.8278631318162802,-0.7628206779780055,-1.3291482629651574,-0.9944357082969277,0.25276471982955345,False,False,0
0,0.4690639760002848,-1.0898232723773253,-0.30325386162163454,0.32048363726280465,0.25276471982955345,False,True,0
0,0.007303752630488411,-0.7628206779780055,-0.1750170614536942,0.4848485554577712,0.25276471982955345,True,False,0
0,-0.4142566747569282,-1.4168258667766453,-0.9444378624613363,-0.5013409537120281,0.25276471982955345,False,True,0
1,-0.35814893811841936,-0.4358180835786855,-0.1750170614536942,0.32048363726280465,1.1535262668585071,True,False,0
0,-0.8790265085211274,0.6541905644190477,-0.30325386162163454,0.1561187190678381,1.1535262668585071,False,True,0
0,-0.009464076709755595,-0.3268172187789122,-0.6879642621254556,-0.6657058719069946,-1.5487583742283537,True,False,0
1,-0.16596381721869963,0.9811931588183676,0.33793013921806725,0.32048363726280465,1.1535262668585071,False,True,0
1,2.4996911035380394,1.4171966180174609,2.133245341569232,0.1561187190678381,-0.6479968271994002,True,False,0
0,0.8738565740474574,0.0001853756204077356,0.7226405397218884,1.1423082282376373,0.25276471982955345,True,False,1
0,-0.4277999215317406,-0.8718215427777788,-0.1750170614536942,0.4848485554577712,1.1535262668585071,False,True,0
0,-0.381795876931584,0.7631914292188209,-0.04678026128575383,-0.9944357082969277,0.25276471982955345,True,False,0
0,-0.671578363478365,0.7631914292188209,-0.6879642621254556,-0.33697603551706157,-0.6479968271994002,False,True,0
0,-1.1314038373089026,-0.2178163539791389,-1.3291482629651574,-0.9944357082969277,0.25276471982955345,True,False,0
0,0.8508545517473791,1.853200077216554,2.7744293424089337,-0.33697603551706157,0.25276471982955345,False,False,0
0,1.2812288381469752,1.1991948884179142,0.4661669393860076,-1.1588006264918942,0.25276471982955345,True,False,0
0,-0.515078622969421,-0.6538198131782321,-0.9444378624613363,-0.5013409537120281,-1.5487583742283537,True,False,0
0,-0.1431767670896501,-0.5448189483784588,0.08145653888218654,-0.008246199127128446,-0.6479968271994002,True,False,0
0,-0.35191474515858506,0.5451896996192743,1.1073509402257093,2.1284977374074368,0.25276471982955345,True,False,0
0,-0.8457058220116681,-0.6538198131782321,-1.200911462797217,-0.8300707901019612,0.25276471982955345,True,False,1
0,-0.8171145232648418,-0.10881548917936558,0.8508773398898287,1.6354029828225372,-1.5487583742283537,False,True,1
0,-0.5236775098105717,0.21818710521995435,0.8508773398898287,-0.008246199127128446,1.1535262668585071,False,True,0
0,-0.8990189204268029,-0.8718215427777788,-0.04678026128575383,0.32048363726280465,-1.5487583742283537,False,True,1
0,-0.7691757291254263,-1.1988241371770987,-0.816201062293396,-0.5013409537120281,0.25276471982955345,False,True,0
1,-0.26657079326016364,-0.3268172187789122,-0.30325386162163454,-0.33697603551706157,1.1535262668585071,False,True,1
0,1.4362237734587178,0.9811931588183676,1.7485349410654112,1.9641328192124703,-1.5487583742283537,False,False,0
0,-0.8762318702977534,0.10918624042018105,-0.30325386162163454,-0.172611117322095,-0.6479968271994002,True,False,0
0,1.7601868351990733,1.9622009420163273,2.517955742073053,-0.008246199127128446,1.1535262668585071,False,False,0
0,0.287197519309946,0.21818710521995435,-0.30325386162163454,0.1561187190678381,0.25276471982955345,False,True,0
0,0.9432925852897499,0.32718797001972766,1.1073509402257093,-0.9944357082969277,-1.5487583742283537,False,False,0
0,-0.9271802748315717,-0.3268172187789122,-0.6879642621254556,-0.5013409537120281,0.25276471982955345,True,False,0
0,-0.8594640409575094,-0.8718215427777788,-0.6879642621254556,-0.8300707901019612,-0.6479968271994002,True,False,1
0,-0.9039632803604646,2.071201806816101,0.33793013921806725,0.4848485554577712,0.25276471982955345,True,False,1
0,-0.9190113323324784,-0.5448189483784588,-1.0726746626292767,-0.8300707901019612,-0.6479968271994002,True,False,0
0,0.0990968696597729,1.7441992124167807,-0.04678026128575383,-0.5013409537120281,1.1535262668585071,True,False,0
1,-1.0626127425796963,-1.5258267315764187,-1.3291482629651574,-1.1588006264918942,-1.5487583742283537,True,False,1
1,0.823983030368783,-0.2178163539791389,0.594403739553948,0.9779433100426709,1.1535262668585071,True,False,0
0,-0.4953011832347742,1.1991948884179142,0.9791141400577691,-0.8300707901019612,0.25276471982955345,False,True,0
0,-0.3385864705548014,-1.1988241371770987,-0.5597274619575152,-0.8300707901019612,-1.5487583742283537,False,True,1
0,-0.9351342451596362,-0.2178163539791389,-0.816201062293396,-0.6657058719069946,-1.5487583742283537,True,False,0
1,-0.1838065074140875,-0.2178163539791389,-0.1750170614536942,0.4848485554577712,0.25276471982955345,True,False,0
0,-0.8437710724724092,0.10918624042018105,-0.4314906617895749,-1.1588006264918942,-1.5487583742283537,False,True,0
0,2.212273310872575,1.9622009420163273,3.287376543080695,0.4848485554577712,-0.6479968271994002,False,True,0
1,0.6573795978214867,0.0001853756204077356,0.7226405397218884,-0.6657058719069946,0.25276471982955345,True,False,0
0,-1.1743982715146564,-0.7628206779780055,-1.3291482629651574,-0.9944357082969277,1.1535262668585071,False,True,1
0,2.0987680045693846,1.5261974828172342,2.2614821417371727,2.1284977374074368,0.25276471982955345,True,False,0
0,0.5157129371135277,-0.6538198131782321,-0.1750170614536942,0.4848485554577712,0.25276471982955345,True,False,0
0,1.6281939221874089,2.180202671615874,2.6461925422409935,-0.9944357082969277,1.1535262668585071,False,False,0
1,-0.04772912315287653,-0.5448189483784588,-0.6879642621254556,-0.172611117322095,1.1535262668585071,True,False,0
1,-0.3822258212736415,0.436188834819501,-0.6879642621254556,-0.9944357082969277,1.1535262668585071,True,False,0
1,-1.0409005533057907,0.10918624042018105,-1.3291482629651574,-0.9944357082969277,1.1535262668585071,True,False,0
0,-0.8521549871425312,-1.0898232723773253,-0.6879642621254556,-0.5013409537120281,1.1535262668585071,False,True,0
0,0.4922809704713919,0.0001853756204077356,-0.30325386162163454,0.32048363726280465,-0.6479968271994002,False,False,0
1,-0.23432496760584828,0.7631914292188209,-0.30325386162163454,-0.5013409537120281,-1.5487583742283537,False,False,0
0,0.7386390784703615,-0.8718215427777788,-0.1750170614536942,0.4848485554577712,-1.5487583742283537,False,False,0
0,-0.4798231869207028,-0.2178163539791389,0.594403739553948,1.306673146432604,-1.5487583742283537,False,True,0
0,-0.7915328349124182,-0.7628206779780055,-0.1750170614536942,0.4848485554577712,1.1535262668585071,True,False,0
1,0.26054097010237864,0.10918624042018105,-0.1750170614536942,-0.33697603551706157,0.25276471982955345,True,False,0
0,-0.17843220313836824,-0.3268172187789122,-0.6879642621254556,-0.172611117322095,0.25276471982955345,True,False,0
0,2.5278524579428083,0.5451896996192743,1.2355877403936497,-0.9944357082969277,0.25276471982955345,True,False,0
0,0.2910670183884639,1.1991948884179142,-0.04678026128575383,0.4848485554577712,1.1535262668585071,False,True,0
0,-0.4280148937027694,0.21818710521995435,1.1073509402257093,2.1284977374074368,0.25276471982955345,False,True,0
1,0.05588746328299027,1.3081957532176876,-0.5597274619575152,-0.008246199127128446,1.1535262668585071,False,False,0
1,1.5149035880552475,0.436188834819501,0.594403739553948,-0.9944357082969277,1.1535262668585071,False,True,0
1,-0.042354818877157294,-0.7628206779780055,0.08145653888218654,0.6492134736527377,1.1535262668585071,True,False,0
0,-0.6449218142707976,0.32718797001972766,-0.6879642621254556,-0.5013409537120281,0.25276471982955345,False,False,0
0,-1.1146360079686586,-0.6538198131782321,-1.3291482629651574,-0.9944357082969277,0.25276471982955345,False,True,1
0,-0.12017474478957178,0.7631914292188209,-0.1750170614536942,-0.8300707901019612,0.25276471982955345,False,True,0
0,-0.8624736513519121,-0.8718215427777788,-0.4314906617895749,-0.5013409537120281,1.1535262668585071,False,False,0
0,-0.26291626635267457,0.10918624042018105,-0.1750170614536942,0.1561187190678381,0.25276471982955345,True,False,0
0,-0.5247523706657156,0.436188834819501,-0.1750170614536942,0.32048363726280465,-1.5487583742283537,False,False,0
0,-0.5389405339536143,-0.4358180835786855,-0.30325386162163454,0.32048363726280465,-1.5487583742283537,False,False,0
1,2.6882216975302704,0.7631914292188209,1.4920613407295304,2.45722757379737,1.1535262668585071,False,False,0
0,1.1111858508632186,-0.10881548917936558,-0.1750170614536942,0.1561187190678381,-1.5487583742283537,True,False,0
0,-0.05804778736225746,-0.3268172187789122,-0.6879642621254556,-0.172611117322095,1.1535262668585071,False,True,0
0,2.666294536085336,0.9811931588183676,1.36382454056159,-0.8300707901019612,-1.5487583742283537,False,True,0
0,-0.9144969167408743,0.7631914292188209,-0.6879642621254556,-1.1588006264918942,0.25276471982955345,False,True,0
0,-0.515078622969421,-0.2178163539791389,0.4661669393860076,1.1423082282376373,0.25276471982955345,True,False,0
1,-0.90826272378104,-0.8718215427777788,-1.3291482629651574,-0.9944357082969277,-1.5487583742283537,True,False,1
0,0.23237961569760984,0.10918624042018105,-0.1750170614536942,0.32048363726280465,1.1535262668585071,False,True,0
0,-0.45015702731873264,1.7441992124167807,-0.816201062293396,-0.5013409537120281,-1.5487583742283537,False,False,0
0,2.7086440537780034,1.4171966180174609,2.133245341569232,0.4848485554577712,-0.6479968271994002,False,False,0
0,-0.7676709239282249,0.0001853756204077356,-0.1750170614536942,-0.33697603551706157,1.1535262668585071,True,False,0
0,-0.501105431852551,0.0001853756204077356,-0.1750170614536942,0.4848485554577712,-1.5487583742283537,False,True,1
0,-0.1717680658364764,0.10918624042018105,-0.1750170614536942,-0.8300707901019612,1.1535262668585071,False,False,0
0,-1.0707816850787897,-0.9808224075775521,-1.3291482629651574,-0.9944357082969277,0.25276471982955345,False,False,0
0,0.9527513608150158,1.9622009420163273,1.4920613407295304,-0.6657058719069946,-0.6479968271994002,True,False,0
0,0.4899162765900755,0.10918624042018105,1.1073509402257093,1.9641328192124703,0.25276471982955345,True,False,0
1,2.639852959048797,0.8721922940185942,1.8767717412333516,2.785957410187303,-0.6479968271994002,False,True,1
0,-0.7713254508357139,-0.6538198131782321,-1.200911462797217,-0.9944357082969277,-1.5487583742283537,True,False,1
0,-0.8381817960256612,0.6541905644190477,-0.6879642621254556,-0.33697603551706157,0.25276471982955345,False,False,0
0,2.20969364482023,0.32718797001972766,1.36382454056159,1.9641328192124703,-1.5487583742283537,False,False,0
0,0.007088780459459641,-0.7628206779780055,-0.6879642621254556,-0.33697603551706157,0.25276471982955345,False,True,0
0,-0.39125465245684987,-0.9808224075775521,-0.816201062293396,-0.33697603551706157,-1.5487583742283537,True,False,0
1,-1.0694918520526169,-2.0708310555752854,-1.4573850631330978,-1.1588006264918942,1.1535262668585071,False,True,1
0,-0.657605172361495,-0.9808224075775521,-0.816201062293396,-1.1588006264918942,0.25276471982955345,False,True,1
1,-0.28075895654806243,0.21818710521995435,0.08145653888218654,-0.9944357082969277,0.25276471982955345,True,False,1
0,-0.2876380660209831,-1.307825001976872,-0.5597274619575152,-0.008246199127128446,0.25276471982955345,False,False,0
0,-0.03268107118086268,-0.4358180835786855,-0.4314906617895749,-0.8300707901019612,-1.5487583742283537,True,False,0
1,0.7115525849207366,-0.9808224075775521,-0.6879642621254556,-0.8300707901019612,0.25276471982955345,False,True,1
0,0.8001211193845895,2.507205266015194,1.36382454056159,1.7997679010175038,-1.5487583742283537,True,False,0
1,1.550803940617052,0.5451896996192743,1.36382454056159,2.2928626556024034,-1.5487583742283537,False,True,1
0,-0.086424113938055,-0.3268172187789122,-0.1750170614536942,-0.33697603551706157,0.25276471982955345,False,True,0
1,-0.4314544484392297,1.0901940236181409,-0.4314906617895749,-0.008246199127128446,1.1535262668585071,True,False,0
0,0.9800528265356695,2.071201806816101,2.389718941905113,0.4848485554577712,1.1535262668585071,True,False,0
0,-0.8224888275405611,-0.5448189483784588,0.08145653888218654,-0.008246199127128446,-0.6479968271994002,False,True,0
0,2.615561103722546,1.3081957532176876,1.4920613407295304,-0.9944357082969277,0.25276471982955345,True,False,0
1,-0.9067579185838386,0.0001853756204077356,-0.9444378624613363,-0.5013409537120281,1.1535262668585071,True,False,0
0,0.6042814715773808,0.436188834819501,-0.4314906617895749,0.1561187190678381,-0.6479968271994002,False,True,1
0,-0.6646992540054444,0.0001853756204077356,0.7226405397218884,-0.33697603551706157,-1.5487583742283537,True,False,0
0,-0.353849494697844,-0.9808224075775521,-0.816201062293396,-0.5013409537120281,-1.5487583742283537,False,True,0
0,-0.3805060439054114,-1.0898232723773253,-0.4314906617895749,-0.008246199127128446,-1.5487583742283537,True,False,0
0,-0.8117402189891226,-0.3268172187789122,0.33793013921806725,-0.008246199127128446,0.25276471982955345,False,False,0
0,-0.015053353156503595,0.0001853756204077356,0.33793013921806725,1.1423082282376373,1.1535262668585071,True,False,0
0,-0.23024049635630164,2.3982044012154207,1.1073509402257093,-0.5013409537120281,0.25276471982955345,False,True,0
0,-0.13522279676158563,-0.6538198131782321,-0.1750170614536942,-0.008246199127128446,1.1535262668585071,False,False,0
0,-0.869137788653804,-0.6538198131782321,-1.3291482629651574,-0.9944357082969277,-0.6479968271994002,False,True,0
0,-0.4426330013327257,-0.10881548917936558,-0.1750170614536942,0.1561187190678381,-0.6479968271994002,False,True,0
0,-0.6507260628885744,-1.0898232723773253,-0.816201062293396,-0.6657058719069946,0.25276471982955345,True,False,0
0,2.81226064021387,0.32718797001972766,1.2355877403936497,2.1284977374074368,0.25276471982955345,False,True,0
0,-0.353849494697844,-1.307825001976872,-0.816201062293396,-0.5013409537120281,0.25276471982955345,True,False,0
0,-0.0675065628875233,0.436188834819501,0.594403739553948,1.1423082282376373,1.1535262668585071,False,True,0
0,0.0395495782848038,1.4171966180174609,0.08145653888218654,-0.172611117322095,0.25276471982955345,False,False,1
0,-0.8908499779277097,-1.4168258667766453,-1.0726746626292767,-0.8300707901019612,1.1535262668585071,True,False,0
1,0.3946836048243307,-0.4358180835786855,-0.1750170614536942,0.32048363726280465,0.25276471982955345,False,False,0
0,-0.8388267125387475,-0.8718215427777788,-1.3291482629651574,-0.9944357082969277,0.25276471982955345,False,True,0
1,-0.2822637617452638,0.5451896996192743,0.7226405397218884,-0.33697603551706157,1.1535262668585071,True,False,0
0,0.050943103349328576,0.5451896996192743,0.33793013921806725,-0.9944357082969277,1.1535262668585071,False,True,0
0,-0.9033183638473783,-0.4358180835786855,-1.0726746626292767,-0.8300707901019612,1.1535262668585071,False,True,0
1,-0.7631565083366207,-1.9618301907755118,-1.3291482629651574,-0.9944357082969277,1.1535262668585071,False,True,0
1,-0.513143873430162,-1.1988241371770987,-0.816201062293396,-0.8300707901019612,1.1535262668585071,True,False,0
0,-0.8538747645107614,-0.2178163539791389,-1.0726746626292767,-0.6657058719069946,1.1535262668585071,True,False,0
1,1.1404220661231312,1.0901940236181409,-0.1750170614536942,0.4848485554577712,-0.6479968271994002,True,False,1
0,-0.8450609054985818,-0.7628206779780055,-0.1750170614536942,0.4848485554577712,0.25276471982955345,False,False,0
0,-0.8285080483293665,-0.2178163539791389,-1.3291482629651574,-0.9944357082969277,1.1535262668585071,True,False,0
0,-0.4602607193570848,-0.5448189483784588,-0.4314906617895749,-0.33697603551706157,1.1535262668585071,False,False,0
0,-0.69866485702799,-0.3268172187789122,-0.5597274619575152,-0.33697603551706157,-0.6479968271994002,True,False,0
1,2.862349156063573,1.9622009420163273,1.6202981408974708,-0.33697603551706157,-1.5487583742283537,True,False,1
0,2.446378005122905,1.4171966180174609,2.517955742073053,3.936511837552069,-1.5487583742283537,False,False,0
0,-0.8601089574705957,-0.10881548917936558,-0.6879642621254556,-0.8300707901019612,0.25276471982955345,True,False,0
1,1.0105788748217548,1.4171966180174609,2.6461925422409935,3.7721469193571022,0.25276471982955345,True,False,0
1,-0.8661281782594012,-0.9808224075775521,-1.3291482629651574,-0.9944357082969277,1.1535262668585071,True,False,1
0,-0.2068085297141658,-0.6538198131782321,-0.1750170614536942,0.32048363726280465,1.1535262668585071,True,False,0
1,0.5877286144081655,-0.10881548917936558,0.4661669393860076,-0.33697603551706157,-0.6479968271994002,False,True,0
0,0.4834671114592124,-1.0898232723773253,-0.30325386162163454,0.32048363726280465,-1.5487583742283537,False,False,0
0,-0.5617275840826639,-0.5448189483784588,-0.6879642621254556,-0.5013409537120281,-0.6479968271994002,True,False,0
0,-0.67071847479425,-1.307825001976872,-0.6879642621254556,-0.5013409537120281,-1.5487583742283537,False,True,0
0,2.471529749133271,0.32718797001972766,1.2355877403936497,2.1284977374074368,0.25276471982955345,True,False,0
0,2.1215550546984345,1.3081957532176876,2.005008541401292,-0.5013409537120281,-0.6479968271994002,True,False,0
0,0.2538768328004868,-0.4358180835786855,0.4661669393860076,0.9779433100426709,1.1535262668585071,False,False,0
0,-0.7713254508357139,-0.5448189483784588,-1.3291482629651574,-0.9944357082969277,-1.5487583742283537,False,True,0
1,-0.83839676819669,-0.10881548917936558,-0.5597274619575152,-0.6657058719069946,1.1535262668585071,False,True,0
0,1.4183810832633301,1.5261974828172342,2.2614821417371727,-0.33697603551706157,-0.6479968271994002,False,True,0
0,-0.969744764695268,-0.7628206779780055,-1.3291482629651574,-0.9944357082969277,-1.5487583742283537,True,False,1
0,2.3393218639505777,1.853200077216554,3.159139742912755,0.4848485554577712,0.25276471982955345,True,False,0
0,0.6649036238074937,-0.6538198131782321,-0.30325386162163454,-0.6657058719069946,-1.5487583742283537,True,False,0
0,-0.5647371944770667,-0.2178163539791389,-1.0726746626292767,-0.6657058719069946,1.1535262668585071,False,False,0
0,-0.9542667683811966,1.0901940236181409,-0.5597274619575152,-0.8300707901019612,0.25276471982955345,False,True,0
0,-0.9187963601614497,0.8721922940185942,-0.4314906617895749,-0.33697603551706157,1.1535262668585071,False,False,0
1,1.346580378139721,-1.0898232723773253,-0.30325386162163454,0.32048363726280465,1.1535262668585071,False,False,0
1,0.8145242548435171,1.0901940236181409,2.133245341569232,2.45722757379737,-0.6479968271994002,False,False,0
1,-0.5393704782956719,1.9622009420163273,-0.9444378624613363,-0.6657058719069946,0.25276471982955345,True,False,0
0,0.8987933458867946,1.853200077216554,0.594403739553948,0.32048363726280465,-0.6479968271994002,True,False,0
1,0.12876302926174304,-0.6538198131782321,-0.04678026128575383,0.6492134736527377,1.1535262668585071,False,True,0
0,2.1606799898256703,0.436188834819501,1.36382454056159,1.7997679010175038,-1.5487583742283537,True,False,0
0,0.49636544172093855,-0.8718215427777788,-0.6879642621254556,-0.172611117322095,1.1535262668585071,False,False,0
0,0.36394258436721666,0.21818710521995435,-0.04678026128575383,-0.008246199127128446,0.25276471982955345,True,False,0
0,0.6597442917028032,0.21818710521995435,0.9791141400577691,1.7997679010175038,1.1535262668585071,False,False,0
1,-0.9003087534529756,-0.6538198131782321,-0.4314906617895749,-0.172611117322095,1.1535262668585071,True,False,0
1,0.23388442089481123,-0.2178163539791389,-0.1750170614536942,0.1561187190678381,0.25276471982955345,True,False,0
0,-0.5668869161873543,-1.4168258667766453,-0.6879642621254556,-0.172611117322095,-1.5487583742283537,False,False,0
0,-0.4828327973151056,-1.0898232723773253,-0.6879642621254556,-0.8300707901019612,-1.5487583742283537,True,False,0
0,-0.9112723341754427,-1.1988241371770987,-1.0726746626292767,-0.6657058719069946,0.25276471982955345,True,False,0
1,2.167559099298591,0.6541905644190477,1.2355877403936497,-0.9944357082969277,1.1535262668585071,False,False,0
1,-0.9263203861474566,-1.0898232723773253,-0.30325386162163454,0.32048363726280465,-1.5487583742283537,True,False,0
0,-0.8540897366817901,-0.10881548917936558,0.7226405397218884,-0.33697603551706157,1.1535262668585071,True,False,0
1,-0.19928450372815887,-0.6538198131782321,-0.1750170614536942,0.4848485554577712,1.1535262668585071,True,False,1
0,2.3851109363797054,1.4171966180174609,2.389718941905113,-0.5013409537120281,0.25276471982955345,True,False,0
0,-0.08556422525393992,-0.4358180835786855,-0.4314906617895749,-0.008246199127128446,-0.6479968271994002,True,False,0
0,0.2654853300360403,-0.10881548917936558,0.8508773398898287,0.6492134736527377,1.1535262668585071,False,True,0
0,-0.9460978258821033,-0.10881548917936558,-0.4314906617895749,-0.33697603551706157,-0.6479968271994002,True,False,0
0,-0.47831838172350144,-0.8718215427777788,-0.1750170614536942,0.4848485554577712,0.25276471982955345,True,False,0
0,-0.7743350612301168,-1.1988241371770987,-0.4314906617895749,0.1561187190678381,0.25276471982955345,True,False,0
0,-0.9577063231176569,0.6541905644190477,-0.5597274619575152,-0.33697603551706157,1.1535262668585071,False,False,0
1,-0.85236995931356,-0.3268172187789122,-0.4314906617895749,0.1561187190678381,0.25276471982955345,False,False,0
0,-0.33665172101554247,1.0901940236181409,-0.9444378624613363,-0.9944357082969277,-0.6479968271994002,True,False,0
1,1.4944812318075142,0.8721922940185942,1.2355877403936497,2.1284977374074368,1.1535262668585071,True,False,0
0,2.284074015996184,1.0901940236181409,1.8767717412333516,2.1284977374074368,0.25276471982955345,True,False,0
1,0.7229461099852613,-0.5448189483784588,-0.5597274619575152,-0.8300707901019612,-0.6479968271994002,False,True,1
0,2.1613249063387565,1.7441992124167807,3.0309029427448144,0.32048363726280465,-0.6479968271994002,False,True,0
1,-0.4312394762682009,-0.3268172187789122,-0.9444378624613363,-0.6657058719069946,-1.5487583742283537,False,True,0
0,-0.432099364952316,0.21818710521995435,-0.30325386162163454,0.1561187190678381,0.25276471982955345,False,True,0
0,-0.4993856544843208,-0.9808224075775521,-0.816201062293396,-0.33697603551706157,0.25276471982955345,True,False,0
0,2.285148876851328,1.1991948884179142,1.6202981408974708,2.45722757379737,1.1535262668585071,False,False,0
1,-0.12253943867088823,0.0001853756204077356,0.2096933390501269,-0.008246199127128446,-1.5487583742283537,False,False,0
1,-0.5101342630357593,-1.634827596376192,-0.9444378624613363,-0.6657058719069946,0.25276471982955345,True,False,1
0,2.4328347583480925,0.9811931588183676,1.8767717412333516,-0.6657058719069946,0.25276471982955345,True,False,0
0,-0.2111079731347412,0.9811931588183676,0.9791141400577691,0.4848485554577712,-0.6479968271994002,False,True,0
0,-0.3405212200940603,1.0901940236181409,1.1073509402257093,-0.008246199127128446,-1.5487583742283537,False,True,0
0,-0.9456678815400459,-1.4168258667766453,-1.0726746626292767,-0.8300707901019612,1.1535262668585071,True,False,0
0,1.4626653504952565,0.5451896996192743,0.8508773398898287,0.9779433100426709,-1.5487583742283537,True,False,0
1,0.7878677056359497,0.7631914292188209,0.594403739553948,-0.8300707901019612,0.25276471982955345,False,True,0
1,-0.883110979770674,0.7631914292188209,-0.6879642621254556,-0.5013409537120281,1.1535262668585071,False,True,0
0,2.318254591189758,1.853200077216554,2.2614821417371727,2.1284977374074368,1.1535262668585071,False,True,0
0,0.6904853121599173,0.8721922940185942,-0.30325386162163454,-0.33697603551706157,0.25276471982955345,True,False,0
0,-1.0400406646216755,-1.0898232723773253,-1.4573850631330978,-1.1588006264918942,1.1535262668585071,True,False,0
1,-0.9155717775960182,-0.7628206779780055,-1.0726746626292767,-0.9944357082969277,1.1535262668585071,False,True,1
0,-0.8024964156348855,-1.0898232723773253,-0.9444378624613363,-0.8300707901019612,-0.6479968271994002,True,False,0
0,-0.5984878253285835,-0.8718215427777788,-1.0726746626292767,-0.6657058719069946,1.1535262668585071,False,False,0
1,-0.8981590317426879,-1.1988241371770987,-0.4314906617895749,0.1561187190678381,0.25276471982955345,True,False,1
0,0.0640564057820835,-0.10881548917936558,0.2096933390501269,-0.33697603551706157,-1.5487583742283537,False,False,0
0,-0.5505490311891679,-0.8718215427777788,-0.9444378624613363,-0.6657058719069946,1.1535262668585071,False,True,0
0,-0.2622713498395883,-0.4358180835786855,-0.6879642621254556,-0.6657058719069946,-1.5487583742283537,False,True,1
0,0.9018029562811974,1.853200077216554,1.36382454056159,0.4848485554577712,0.25276471982955345,True,False,0
0,-0.4968059884319756,-0.6538198131782321,-0.30325386162163454,-0.6657058719069946,-1.5487583742283537,False,False,1
0,-0.6932905527522707,0.32718797001972766,-0.30325386162163454,0.32048363726280465,1.1535262668585071,False,False,0
0,2.8191397496867907,1.0901940236181409,2.005008541401292,-0.33697603551706157,0.25276471982955345,True,False,0
0,-0.3388014427258301,-0.7628206779780055,-0.1750170614536942,0.32048363726280465,-1.5487583742283537,False,True,0
0,-0.7809991985320086,-0.6538198131782321,-0.816201062293396,-0.33697603551706157,0.25276471982955345,False,False,0
0,-0.889560144901537,0.10918624042018105,-0.1750170614536942,0.4848485554577712,1.1535262668585071,False,True,0
0,0.3334165360811314,-0.2178163539791389,0.7226405397218884,1.4710380646275707,-0.6479968271994002,False,True,0
1,1.47427384773081,2.071201806816101,2.7744293424089337,1.9641328192124703,-0.6479968271994002,True,False,0
0,-0.8063659147134034,0.0001853756204077356,0.2096933390501269,0.32048363726280465,1.1535262668585071,False,False,0
0,-0.42479031113733784,-0.3268172187789122,-0.1750170614536942,0.32048363726280465,0.25276471982955345,False,True,0
1,-0.8095904972788349,0.436188834819501,-0.1750170614536942,-0.008246199127128446,1.1535262668585071,False,False,1
0,-0.889560144901537,0.32718797001972766,-0.4314906617895749,-0.9944357082969277,1.1535262668585071,True,False,0
0,2.3335176153328008,1.4171966180174609,2.6461925422409935,-0.33697603551706157,1.1535262668585071,False,False,0
0,0.9407129192374046,0.21818710521995435,0.2096933390501269,-0.172611117322095,0.25276471982955345,True,False,0
1,-0.9617907943672035,-1.7438284611759653,-1.200911462797217,-0.8300707901019612,-0.6479968271994002,False,True,0
0,-0.849575321090186,0.10918624042018105,0.2096933390501269,0.6492134736527377,-0.6479968271994002,False,False,0
0,1.4876021223345937,0.21818710521995435,-0.30325386162163454,-0.5013409537120281,0.25276471982955345,False,True,0
1,0.33513631344936157,-0.3268172187789122,-0.30325386162163454,-0.5013409537120281,1.1535262668585071,True,False,0
0,-0.5675318327004407,0.21818710521995435,-0.6879642621254556,-0.33697603551706157,-1.5487583742283537,False,True,1
1,-0.883970868454789,-0.5448189483784588,-0.4314906617895749,-0.5013409537120281,0.25276471982955345,False,True,1
0,-0.8693527608248327,-0.4358180835786855,-0.9444378624613363,-0.6657058719069946,1.1535262668585071,False,True,0
0,-0.5408752834928733,0.10918624042018105,-0.4314906617895749,-0.008246199127128446,1.1535262668585071,False,True,0
1,0.6096557758530999,0.8721922940185942,-0.1750170614536942,-0.6657058719069946,1.1535262668585071,True,False,0
0,-0.32289350206970124,0.21818710521995435,-0.1750170614536942,0.32048363726280465,0.25276471982955345,False,True,0
1,-0.4916466563272851,2.071201806816101,0.9791141400577691,-0.8300707901019612,-1.5487583742283537,False,False,0
0,-0.3727670457483757,0.9811931588183676,0.9791141400577691,0.4848485554577712,0.25276471982955345,False,False,0
1,1.486312289308421,-0.4358180835786855,0.4661669393860076,1.306673146432604,1.1535262668585071,False,True,0
0,1.7859834957225256,1.7441992124167807,1.36382454056159,1.6354029828225372,0.25276471982955345,False,False,0
0,-0.09738769466052223,-0.7628206779780055,-0.04678026128575383,-0.33697603551706157,1.1535262668585071,False,True,0
0,2.527207541429722,1.0901940236181409,1.2355877403936497,-0.6657058719069946,0.25276471982955345,True,False,0
0,-0.36395318673619614,-1.307825001976872,-0.9444378624613363,-0.6657058719069946,-0.6479968271994002,True,False,0
1,-0.8891302005594796,-0.9808224075775521,-1.3291482629651574,-0.9944357082969277,-0.6479968271994002,True,False,1
1,-0.13500782459055685,-0.2178163539791389,-0.4314906617895749,-0.9944357082969277,0.25276471982955345,True,False,1
0,-0.3880300698914183,0.6541905644190477,0.8508773398898287,-0.6657058719069946,0.25276471982955345,False,True,0
0,0.7397139393255053,0.6541905644190477,-0.1750170614536942,-0.9944357082969277,-1.5487583742283537,True,False,0
0,0.5120584102060387,0.9811931588183676,0.2096933390501269,0.32048363726280465,-0.6479968271994002,True,False,1
1,-0.906327974241781,-1.634827596376192,-0.9444378624613363,-0.5013409537120281,-0.6479968271994002,False,False,0
0,-0.2986016467434503,0.5451896996192743,-0.30325386162163454,-0.172611117322095,-1.5487583742283537,False,True,0
0,-0.23883938319745243,-0.3268172187789122,-0.04678026128575383,0.6492134736527377,-0.6479968271994002,False,False,0
0,-0.9211610540427662,1.1991948884179142,0.2096933390501269,-1.1588006264918942,0.25276471982955345,True,False,0
0,-0.31837908647809704,-0.3268172187789122,-0.4314906617895749,0.1561187190678381,0.25276471982955345,True,False,0
0,0.7943168707668128,1.9622009420163273,1.6202981408974708,-0.9944357082969277,1.1535262668585071,True,False,0
0,0.4490715640946093,1.0901940236181409,1.7485349410654112,1.6354029828225372,0.25276471982955345,False,True,0
0,-0.4914316841562563,1.6351983476170073,-0.816201062293396,-0.5013409537120281,1.1535262668585071,True,False,0
0,-0.8203391058302734,-1.8528293259757387,-1.200911462797217,-0.8300707901019612,-1.5487583742283537,False,True,0
1,-0.543884893887276,-0.2178163539791389,-0.1750170614536942,0.4848485554577712,1.1535262668585071,True,False,0
1,-0.01698810269576252,0.7631914292188209,-0.30325386162163454,-0.5013409537120281,1.1535262668585071,True,False,0
0,-0.8007766382666553,-1.5258267315764187,-0.816201062293396,-0.6657058719069946,-1.5487583742283537,True,False,0
0,1.4321393022091713,0.10918624042018105,1.1073509402257093,1.7997679010175038,0.25276471982955345,True,False,0
1,0.9258798394364196,0.8721922940185942,1.6202981408974708,-0.008246199127128446,-1.5487583742283537,False,False,0
0,0.041054383482005186,-0.5448189483784588,-0.1750170614536942,-1.1588006264918942,-0.6479968271994002,False,True,1
1,-0.03526073723320791,0.32718797001972766,-0.4314906617895749,-0.172611117322095,0.25276471982955345,True,False,1
1,0.5206572970471894,-0.2178163539791389,0.4661669393860076,-0.008246199127128446,-1.5487583742283537,True,False,0
0,-0.8801013693762713,1.7441992124167807,0.9791141400577691,-0.8300707901019612,1.1535262668585071,False,True,0
0,-0.07202097847912746,-0.5448189483784588,-0.1750170614536942,0.4848485554577712,1.1535262668585071,True,False,0
0,0.036110023548343494,-0.3268172187789122,-0.4314906617895749,0.1561187190678381,0.25276471982955345,True,False,0
1,-0.7493982893907795,-1.0898232723773253,-0.6879642621254556,-0.33697603551706157,-0.6479968271994002,True,False,0
0,-0.6171904042080864,0.5451896996192743,0.08145653888218654,0.8135783918477043,1.1535262668585071,False,True,0
1,0.062336628413853346,-0.9808224075775521,-0.5597274619575152,-0.008246199127128446,1.1535262668585071,True,False,0
0,-0.9020285308212057,0.8721922940185942,1.1073509402257093,1.6354029828225372,-0.6479968271994002,False,False,0
0,-0.6808221668326021,0.32718797001972766,-0.5597274619575152,-0.5013409537120281,-1.5487583742283537,True,False,0
0,-0.7726152838618866,1.6351983476170073,0.08145653888218654,-0.33697603551706157,-1.5487583742283537,True,False,0
0,-1.0604630208694086,-2.0708310555752854,-1.4573850631330978,-1.1588006264918942,1.1535262668585071,False,True,0
0,-0.25388743516946627,-0.2178163539791389,-0.1750170614536942,0.32048363726280465,1.1535262668585071,True,False,0
0,0.17949646162453262,0.9811931588183676,0.08145653888218654,-0.172611117322095,1.1535262668585071,False,False,0
1,-0.8493603489191572,0.5451896996192743,-0.1750170614536942,0.32048363726280465,-1.5487583742283537,False,False,0
0,-0.6034321852622452,-0.3268172187789122,-0.9444378624613363,-0.6657058719069946,1.1535262668585071,True,False,0
0,2.8094660019904962,0.5451896996192743,1.6202981408974708,-0.9944357082969277,1.1535262668585071,False,True,0
0,1.1376274278997573,1.7441992124167807,2.133245341569232,-0.8300707901019612,1.1535262668585071,True,False,0
0,0.6180396905232219,-0.7628206779780055,0.08145653888218654,0.4848485554577712,1.1535262668585071,True,False,0
0,-0.594188381908008,1.853200077216554,0.9791141400577691,-0.9944357082969277,0.25276471982955345,False,True,0
0,-0.45574630376548064,-0.6538198131782321,-0.04678026128575383,0.6492134736527377,1.1535262668585071,False,True,0
0,-0.9635105717354338,-0.8718215427777788,-0.04678026128575383,-0.6657058719069946,-1.5487583742283537,False,True,0
0,0.7291803029450957,-0.6538198131782321,-0.1750170614536942,0.32048363726280465,-1.5487583742283537,False,True,0
1,0.06212165624282458,-0.6538198131782321,-0.6879642621254556,-0.172611117322095,-1.5487583742283537,True,False,0
0,-0.12382927169706086,-0.4358180835786855,-0.30325386162163454,0.32048363726280465,0.25276471982955345,False,False,0
0,-0.7676709239282249,-1.8528293259757387,-1.3291482629651574,-0.9944357082969277,-1.5487583742283537,False,True,1
1,2.7856040910063027,1.3081957532176876,2.517955742073053,3.936511837552069,0.25276471982955345,False,False,0
0,0.9503866669336993,1.3081957532176876,1.8767717412333516,-0.33697603551706157,0.25276471982955345,False,True,0
1,-0.03418587637806406,1.9622009420163273,0.7226405397218884,0.1561187190678381,-0.6479968271994002,True,False,0
0,-0.8104503859629499,-1.4168258667766453,-0.6879642621254556,-0.33697603551706157,0.25276471982955345,True,False,0
1,0.744658299259167,2.289203536415647,2.517955742073053,0.4848485554577712,-1.5487583742283537,True,False,1
0,0.12360369715705259,-0.4358180835786855,-0.30325386162163454,-0.6657058719069946,1.1535262668585071,False,False,0
0,-0.6543805897960635,0.0001853756204077356,-0.5597274619575152,-0.172611117322095,0.25276471982955345,False,True,0
1,-0.6406223708502222,0.0001853756204077356,-0.4314906617895749,0.1561187190678381,-1.5487583742283537,True,False,0
1,-0.5120690125750182,-1.4168258667766453,-0.816201062293396,-0.33697603551706157,0.25276471982955345,True,False,0
1,-0.1900407003739218,2.289203536415647,0.08145653888218654,-0.33697603551706157,0.25276471982955345,False,False,0
1,-0.5643072501350092,-0.5448189483784588,-0.1750170614536942,0.4848485554577712,-1.5487583742283537,False,True,1
1,-0.9074028350969249,-1.8528293259757387,-1.200911462797217,-0.8300707901019612,1.1535262668585071,False,True,1
1,2.2389298600801424,0.6541905644190477,1.7485349410654112,2.9503223283822697,1.1535262668585071,True,False,0
0,-0.2272308859618989,-0.4358180835786855,-0.1750170614536942,0.4848485554577712,0.25276471982955345,False,True,0
1,0.4342384842936242,-0.4358180835786855,-0.04678026128575383,-1.1588006264918942,-1.5487583742283537,False,True,1
0,-0.22787580247498518,-0.5448189483784588,0.2096933390501269,0.9779433100426709,0.25276471982955345,True,False,0
0,2.0396506575364732,1.853200077216554,1.8767717412333516,1.1423082282376373,1.1535262668585071,False,False,0
0,-0.9299749130549457,-0.6538198131782321,-0.9444378624613363,-0.5013409537120281,-1.5487583742283537,True,False,0
0,-0.8080856920816335,-0.6538198131782321,-1.0726746626292767,-0.9944357082969277,1.1535262668585071,False,True,1
0,-0.36610290844648385,0.5451896996192743,-0.9444378624613363,-0.9944357082969277,-0.6479968271994002,True,False,0
1,-0.3132197543734066,0.5451896996192743,0.33793013921806725,-1.1588006264918942,1.1535262668585071,False,False,0
1,1.7653461673037636,1.9622009420163273,1.2355877403936497,-0.33697603551706157,0.25276471982955345,False,False,0
0,-0.5817199959883395,-0.4358180835786855,-0.4314906617895749,-0.33697603551706157,-0.6479968271994002,True,False,0
1,-0.9484625197634199,-0.7628206779780055,-0.5597274619575152,-0.33697603551706157,0.25276471982955345,True,False,1
0,1.4334291352353439,2.071201806816101,3.159139742912755,-0.008246199127128446,-1.5487583742283537,True,False,0
0,2.886855983560853,0.436188834819501,1.2355877403936497,2.2928626556024034,0.25276471982955345,False,False,0
0,0.45036139712078194,-1.307825001976872,-0.6879642621254556,-0.8300707901019612,0.25276471982955345,True,False,0
0,0.913411453516751,-0.6538198131782321,0.2096933390501269,0.9779433100426709,1.1535262668585071,False,False,0
0,-0.646426619467999,1.9622009420163273,-0.4314906617895749,-0.5013409537120281,-0.6479968271994002,False,False,0
1,-0.03160621032571883,1.0901940236181409,-0.4314906617895749,-0.33697603551706157,0.25276471982955345,False,True,1
1,2.6923061687798167,1.6351983476170073,2.7744293424089337,4.265241673942002,0.25276471982955345,False,True,0
1,0.4088717681122294,1.6351983476170073,-0.1750170614536942,0.1561187190678381,-0.6479968271994002,False,True,1
0,-0.8431261559593229,-0.4358180835786855,-0.5597274619575152,-0.6657058719069946,-0.6479968271994002,True,False,0
0,-0.5864493837509723,-1.0898232723773253,-0.816201062293396,-0.33697603551706157,-0.6479968271994002,False,False,0
0,0.4432673154768325,-0.2178163539791389,-0.04678026128575383,0.6492134736527377,-0.6479968271994002,False,True,0
1,-1.0467048019235674,-1.9618301907755118,-1.4573850631330978,-1.1588006264918942,0.25276471982955345,False,True,1
0,-0.30376097884814074,-0.10881548917936558,0.8508773398898287,-0.5013409537120281,-0.6479968271994002,False,False,0
0,-0.9484625197634199,0.8721922940185942,-0.4314906617895749,-0.33697603551706157,1.1535262668585071,True,False,0
1,-0.1010422215680113,-0.3268172187789122,-0.30325386162163454,0.32048363726280465,0.25276471982955345,False,True,1
0,-0.25173771345917856,-0.8718215427777788,-0.6879642621254556,-0.33697603551706157,-1.5487583742283537,True,False,0
0,-0.7016744674223927,-0.3268172187789122,-0.1750170614536942,-0.5013409537120281,1.1535262668585071,False,True,0
1,0.8390310823407968,0.436188834819501,1.4920613407295304,2.45722757379737,0.25276471982955345,False,False,0
0,-0.6593249497297251,-0.6538198131782321,-0.6879642621254556,-0.33697603551706157,0.25276471982955345,True,False,0
0,-0.3312774167398232,0.436188834819501,-0.4314906617895749,-0.8300707901019612,0.25276471982955345,False,True,0
1,1.595518152191036,1.3081957532176876,2.389718941905113,1.306673146432604,0.25276471982955345,True,False,0
0,-0.40329309403446095,-0.5448189483784588,-0.30325386162163454,0.1561187190678381,1.1535262668585071,False,False,0
0,-0.18681611780849025,0.6541905644190477,-0.5597274619575152,-0.008246199127128446,1.1535262668585071,True,False,0
1,-0.9411534659484417,0.32718797001972766,-0.1750170614536942,-0.5013409537120281,-1.5487583742283537,False,True,1
0,-0.3516997729875563,-0.9808224075775521,-0.9444378624613363,-0.5013409537120281,1.1535262668585071,False,True,0
0,-0.28290867825835014,-0.10881548917936558,-0.1750170614536942,0.32048363726280465,-0.6479968271994002,True,False,0
1,-0.8009916104376841,0.7631914292188209,-0.1750170614536942,-0.6657058719069946,1.1535262668585071,True,False,0
0,-0.9740442081158434,-0.10881548917936558,0.4661669393860076,-0.5013409537120281,-0.6479968271994002,False,True,0
0,0.23882878082847295,-0.9808224075775521,-0.1750170614536942,0.32048363726280465,-0.6479968271994002,False,False,0
0,-0.8229187718826185,-1.7438284611759653,-1.3291482629651574,-0.9944357082969277,-0.6479968271994002,False,True,1
0,-0.9381438555540389,-0.7628206779780055,-0.6879642621254556,-0.5013409537120281,1.1535262668585071,False,False,1
0,-0.26184140549753077,-1.1988241371770987,-0.6879642621254556,-0.5013409537120281,-1.5487583742283537,False,True,1
0,-0.3585788824604769,0.32718797001972766,-0.816201062293396,-0.6657058719069946,1.1535262668585071,True,False,0
0,-0.7270411836037874,-1.4168258667766453,-0.6879642621254556,-0.33697603551706157,1.1535262668585071,True,False,0
0,-0.7921777514255046,-0.2178163539791389,-0.6879642621254556,-0.172611117322095,0.25276471982955345,False,True,0
1,-0.4858424077095083,0.0001853756204077356,0.594403739553948,-0.33697603551706157,-1.5487583742283537,True,False,0
1,-0.3876001255493608,-1.1988241371770987,-0.816201062293396,-0.33697603551706157,-1.5487583742283537,True,False,0
0,0.6610341247289758,0.9811931588183676,-0.30325386162163454,0.32048363726280465,1.1535262668585071,False,True,1
0,0.4125262950197185,-0.9808224075775521,-0.6879642621254556,-0.33697603551706157,-1.5487583742283537,False,True,0
1,-0.6889911093316953,-0.8718215427777788,-0.1750170614536942,-0.008246199127128446,0.25276471982955345,False,False,1
0,-0.1577948747196064,-0.10881548917936558,-0.1750170614536942,0.4848485554577712,1.1535262668585071,False,True,0
0,-0.9325545791072909,-0.7628206779780055,-0.1750170614536942,0.4848485554577712,0.25276471982955345,False,True,0
0,-0.8220588831985035,-0.8718215427777788,-0.1750170614536942,0.4848485554577712,1.1535262668585071,False,False,0
0,-0.03440084854909283,-0.8718215427777788,-0.04678026128575383,-0.008246199127128446,0.25276471982955345,False,False,0
1,-0.9295449687128882,-0.3268172187789122,-1.3291482629651574,-0.9944357082969277,0.25276471982955345,True,False,0
0,-0.08212467051747961,-0.5448189483784588,0.33793013921806725,1.1423082282376373,0.25276471982955345,True,False,0
1,-0.827218215303194,0.5451896996192743,-0.9444378624613363,-0.6657058719069946,0.25276471982955345,False,False,0
0,-0.6010674913809286,-0.7628206779780055,0.08145653888218654,0.8135783918477043,-0.6479968271994002,True,False,0
0,-0.5359309235592116,1.1991948884179142,0.33793013921806725,0.32048363726280465,1.1535262668585071,True,False,0
1,-0.5589329458592899,0.10918624042018105,-0.6879642621254556,-0.6657058719069946,1.1535262668585071,False,True,0
0,-0.939003744238154,-0.5448189483784588,-0.30325386162163454,-0.172611117322095,-1.5487583742283537,False,True,0
0,0.3172936232539737,-0.2178163539791389,0.08145653888218654,0.6492134736527377,-0.6479968271994002,True,False,0
1,-0.7199471019598381,0.7631914292188209,-0.4314906617895749,-0.8300707901019612,1.1535262668585071,False,False,0
0,-0.3534195503557865,2.180202671615874,0.2096933390501269,0.8135783918477043,0.25276471982955345,True,False,0
1,-0.7764847829404045,-0.3268172187789122,-0.6879642621254556,-0.33697603551706157,1.1535262668585071,True,False,0
0,0.23861380865744417,1.3081957532176876,-0.30325386162163454,0.32048363726280465,1.1535262668585071,True,False,1
1,-0.2611964889844444,0.10918624042018105,0.7226405397218884,0.9779433100426709,1.1535262668585071,False,False,0
0,2.68478214279381,0.32718797001972766,1.2355877403936497,2.1284977374074368,0.25276471982955345,True,False,0
0,2.5929890257645254,1.7441992124167807,1.8767717412333516,-0.008246199127128446,0.25276471982955345,False,False,0
0,-0.9336294399624347,-0.8718215427777788,-0.6879642621254556,-0.6657058719069946,1.1535262668585071,False,True,0
1,-0.9033183638473783,0.7631914292188209,-0.6879642621254556,-0.33697603551706157,-0.6479968271994002,False,False,1
0,0.7425085775488793,-0.4358180835786855,-0.4314906617895749,-0.33697603551706157,1.1535262668585071,True,False,0
0,0.7962516203060717,0.7631914292188209,1.6202981408974708,2.45722757379737,1.1535262668585071,True,False,0
0,-0.47810340955247266,-0.4358180835786855,-0.816201062293396,-0.33697603551706157,-0.6479968271994002,False,True,0
0,-0.7913178627413895,-1.0898232723773253,-1.3291482629651574,-0.9944357082969277,-0.6479968271994002,True,False,1
1,-0.506694708299299,-0.8718215427777788,-0.1750170614536942,0.4848485554577712,-0.6479968271994002,False,False,0
0,-1.1808474366455195,-2.0708310555752854,-1.4573850631330978,-1.1588006264918942,1.1535262668585071,False,True,0
0,0.7925970933985826,0.6541905644190477,1.4920613407295304,2.2928626556024034,1.1535262668585071,False,True,0
0,-0.49057179547214125,-0.8718215427777788,-0.4314906617895749,-0.6657058719069946,1.1535262668585071,False,False,0
0,0.038904661771717496,-0.5448189483784588,-0.4314906617895749,0.1561187190678381,-1.5487583742283537,True,False,0
1,0.9265247559495059,1.4171966180174609,1.1073509402257093,-0.6657058719069946,-1.5487583742283537,False,False,1
1,-0.911917250688529,-0.6538198131782321,-1.0726746626292767,-0.6657058719069946,-0.6479968271994002,False,True,1
0,-0.006669438486381594,0.32718797001972766,0.08145653888218654,-0.33697603551706157,1.1535262668585071,False,False,0
0,-0.5142187342853058,-0.7628206779780055,-0.04678026128575383,0.6492134736527377,1.1535262668585071,True,False,0
1,-0.07997494880719191,-0.6538198131782321,0.08145653888218654,-0.008246199127128446,0.25276471982955345,True,False,1
1,-0.086424113938055,-0.2178163539791389,-0.1750170614536942,-0.33697603551706157,0.25276471982955345,False,True,0
0,-0.8282930761583378,-0.3268172187789122,-0.1750170614536942,0.4848485554577712,1.1535262668585071,True,False,0
0,0.027941081049250263,-0.9808224075775521,-0.1750170614536942,0.32048363726280465,1.1535262668585071,True,False,0
0,-0.552268808557398,0.32718797001972766,-0.04678026128575383,0.1561187190678381,0.25276471982955345,False,False,0
0,2.369632940065634,0.9811931588183676,2.005008541401292,3.114687246577236,-1.5487583742283537,False,True,0
0,-0.26829057062839384,-1.1988241371770987,-0.4314906617895749,0.1561187190678381,0.25276471982955345,True,False,0
0,0.12811811274865675,-0.7628206779780055,0.08145653888218654,-0.008246199127128446,-1.5487583742283537,False,False,0
1,-0.6021423522360725,-0.2178163539791389,-0.816201062293396,-0.5013409537120281,-0.6479968271994002,False,False,1
0,-0.503900070075925,-0.5448189483784588,-0.1750170614536942,-0.33697603551706157,-1.5487583742283537,False,True,1
0,0.7336947185366999,-0.7628206779780055,-0.5597274619575152,-0.172611117322095,-1.5487583742283537,True,False,0
0,0.05481260242784642,-0.3268172187789122,-0.1750170614536942,0.4848485554577712,0.25276471982955345,True,False,0
0,-0.362233409367966,-0.2178163539791389,-0.816201062293396,-0.33697603551706157,0.25276471982955345,False,True,0
0,-0.18638617346643271,0.32718797001972766,0.4661669393860076,0.6492134736527377,-0.6479968271994002,True,False,0
1,-0.41812617383544604,-0.3268172187789122,0.594403739553948,1.306673146432604,-0.6479968271994002,False,True,1
0,-0.3811509604184977,0.10918624042018105,-0.1750170614536942,-0.33697603551706157,1.1535262668585071,False,False,0
1,1.1548252015820588,-0.7628206779780055,-0.30325386162163454,0.32048363726280465,-1.5487583742283537,True,False,0
1,0.5432293750052103,0.9811931588183676,0.4661669393860076,-0.6657058719069946,1.1535262668585071,True,False,0
0,1.2782192277525724,1.5261974828172342,0.594403739553948,0.4848485554577712,-0.6479968271994002,True,False,0
0,-0.6533057289409196,-1.5258267315764187,-1.200911462797217,-0.8300707901019612,0.25276471982955345,False,True,0
0,2.6179257976038626,1.9622009420163273,3.159139742912755,2.785957410187303,-0.6479968271994002,False,True,0
1,0.822048280829524,0.9811931588183676,0.2096933390501269,0.4848485554577712,1.1535262668585071,False,False,0
0,-0.8409764342490352,-0.7628206779780055,-0.816201062293396,-0.33697603551706157,0.25276471982955345,False,True,0
1,1.9869824756344248,2.289203536415647,1.4920613407295304,-0.8300707901019612,0.25276471982955345,True,False,0
0,1.4127918068165821,1.5261974828172342,0.4661669393860076,-0.8300707901019612,0.25276471982955345,True,False,0
0,-0.9568464344335419,0.5451896996192743,-0.4314906617895749,-0.8300707901019612,0.25276471982955345,True,False,0
0,0.21561178635736586,-0.6538198131782321,0.2096933390501269,-0.008246199127128446,1.1535262668585071,False,False,0
1,-0.9106274176623564,-0.3268172187789122,0.08145653888218654,0.6492134736527377,0.25276471982955345,True,False,0
0,2.799362309952144,2.507205266015194,2.7744293424089337,3.607782001162136,-1.5487583742283537,True,False,0
0,-0.6266491797333522,0.0001853756204077356,-0.4314906617895749,-0.6657058719069946,0.25276471982955345,False,True,0
0,-0.21132294530576995,-0.2178163539791389,-0.6879642621254556,-0.33697603551706157,-1.5487583742283537,True,False,0
0,-0.27645951312748707,0.9811931588183676,-0.5597274619575152,-0.9944357082969277,0.25276471982955345,True,False,0
1,-0.9177214993063059,-1.5258267315764187,-1.0726746626292767,-0.6657058719069946,1.1535262668585071,False,False,1
0,0.07501998650455073,0.10918624042018105,-0.04678026128575383,-0.008246199127128446,-1.5487583742283537,False,False,0
0,-0.8798863972052424,-1.634827596376192,-0.9444378624613363,-0.5013409537120281,-1.5487583742283537,True,False,0
1,0.08985306630553581,-0.10881548917936558,0.4661669393860076,-0.9944357082969277,-0.6479968271994002,True,False,0
0,-0.5195930385610251,0.21818710521995435,-0.5597274619575152,-0.8300707901019612,1.1535262668585071,False,False,0
1,-0.14466169918750194,-0.24207737597841666,-0.20355954903584647,0.44826480079158004,0.9530379886350633,False,True,1
1,-0.8253614131762413,-0.2178163539791389,-0.4293437225341983,0.09367490681509294,-0.6479968271994002,False,False,1
1,-1.1743989897894196,-1.8646126564065988,-1.3430110574718865,-1.0122040640424559,0.25276471982955345,False,True,1
0,-0.49304494820045996,-0.9808224075775521,-0.816201062293396,-0.878264169150756,0.25276471982955345,False,True,1
1,-0.6315961849509755,-1.4727788630884704,-0.7537915674410364,-0.33697603551706157,-0.1856123533575948,False,True,1
1,-0.5450061794309871,0.9157237987579671,0.949205718340711,-0.879432169162446,0.25276471982955345,True,False,1
1,0.7181757027620539,-0.7273712348155028,-0.6134195155000035,-0.8300707901019612,-0.2708528470879544,False,True,1
0,0.09570626681248284,1.0707012755842098,0.28527810519891206,0.1561187190678381,-0.6479968271994002,True,False,1
0,0.37593221060431053,0.6719053610372289,-0.06762127789708394,0.5635070513281307,1.045759127122655,True,False,1
0,-0.7271248693942957,-0.5648125375619277,-0.49219416555941287,-0.5013409537120281,1.1535262668585071,False,False,1
0,-1.139076639068276,-0.6739427448471726,-1.3291482629651574,-0.9944357082969277,-0.7311427870693925,False,True,1
0,-0.9679105053352848,-1.287793097983111,-1.3291482629651574,-0.9944357082969277,0.25276471982955345,True,False,1
1,-1.0044959075644413,-2.0326569638162906,-1.4124741958158233,-1.1012370330226127,-0.6479968271994002,False,True,1
1,-0.7068435989414139,-0.2178163539791389,-0.9658887011223738,-0.645235275459189,-0.9108559849180168,False,False,1
0,0.8211615154437796,-0.3348104754440965,0.4614650057841633,1.300646538385513,1.1535262668585071,True,False,1
0,1.1850122124817184,0.678184281549061,1.3607595885816601,2.0624413980299243,0.25276471982955345,True,False,1
0,-0.29613758192686895,-0.1926909803874261,-0.1750170614536942,0.4848485554577712,-1.2831097099691857,False,True,1
1,-0.9461260616947029,0.24585452623124637,-0.2707038305195445,-0.5422224790080746,-1.5487583742283537,False,True,1
0,-0.9000178111432544,-0.7618132469744141,-1.1597461526900412,-0.9401537783810228,0.25276471982955345,False,True,1
0,-0.9992880035945044,-1.1943373442348713,-1.3291482629651574,-0.9944357082969277,-1.5487583742283537,True,False,1
0,-0.9986954320647762,-0.7367745421876079,-1.1990227020166038,-1.0361321580531075,0.25276471982955345,False,True,1
1,-0.7920761733512849,-1.372658488898798,-0.6360024430952346,-0.49706575087067434,1.1535262668585071,True,False,1
0,-0.3058833827435967,-0.8718554612783072,-0.6146803899908723,-0.7596359889454463,-1.5487583742283537,False,True,1
0,-0.9971061233122614,-1.3038895741107113,-1.1962815300184704,-0.9092860879733756,0.25276471982955345,True,False,1
0,-0.777476470930383,-0.8210696180957708,-1.0814947143972806,-0.7152757933294308,-0.6479968271994002,False,True,1
1,-0.9046817803593147,-0.9490855623629947,-1.3291482629651574,-0.9944357082969277,-1.3891347374363474,True,False,1
0,-0.11413086824807267,-0.7881780909811339,-0.46132302605596254,-0.5471891859257659,-0.6479968271994002,False,True,1
0,-0.5785386234528082,-0.7928877263121044,-0.4668637946169363,-0.6132799434343584,-1.5487583742283537,False,False,1
0,-0.588509364121859,-0.5393717266443725,0.14877919925467664,0.39855910071232864,-1.5487583742283537,True,False,1
1,-0.9184682648058882,0.13093782234851886,-0.4828139649254397,-0.7642881870552979,-1.5487583742283537,True,False,1
0,-0.8270730121433472,-1.7438284611759653,-1.3291482629651574,-0.9944357082969277,-0.6479968271994002,False,True,1
1,-0.956779002402648,-0.2268515797281107,-1.2866293915425688,-0.9399380070601244,-1.5487583742283537,True,False,1
0,-0.9891611027127715,-1.3140097374886126,-1.3291482629651574,-0.9944357082969277,0.25276471982955345,True,False,1
0,0.02918755181354088,1.3498324496875502,0.06512836040193017,0.2278370223353824,-0.6479968271994002,True,False,1
1,-0.07482787075876712,1.1117642866101034,-0.050837511474939534,-0.4670812238981069,0.25276471982955345,False,True,1
0,0.056123734619722754,-0.5448189483784588,-0.18351890402810528,-1.1515359169471586,-0.6479968271994002,False,True,1
1,0.6481620398526116,1.6958033776620804,0.1814844737101912,-0.39220761708702756,-1.1488247859629879,False,True,1
0,-0.5196339103864762,-0.685511329903947,-0.7293445320159225,-0.5543792755239023,0.25276471982955345,True,False,1
1,-0.6764778781422078,-0.9618995159275986,-1.1675179973475778,-0.8158036577091579,0.25276471982955345,False,True,1
1,-1.0264391187074995,-1.9536162486014528,-1.4477215649296595,-1.1464146336286505,0.3206431102762971,False,True,1
0,-0.46995672029470836,-0.9543730366275405,-0.7954563785803213,-0.7635980958945535,0.25276471982955345,False,True,1
0,-0.7128606667495152,-0.8192766957582354,-1.0711408643296572,-0.9528530000312453,-1.5487583742283537,True,False,1
1,-0.9468546291882778,-1.0140228585673192,-0.6098452562463551,-0.3010860503773377,0.25276471982955345,False,True,1
1,-0.26561290586126113,0.15240765827144176,0.08145653888218654,-0.9200429493280221,0.25276471982955345,True,False,1
0,-0.5569552517926598,0.09136372447171953,-0.6027045216191566,-0.33697603551706157,-1.5487583742283537,False,True,1
0,-0.9793456921890556,-1.881772014660135,-1.4295821570571763,-1.1231648154238818,0.25276471982955345,False,True,1
1,-1.0217576177100118,-2.0066308658076926,-1.3818551403100658,-1.0619916795295428,1.1535262668585071,False,True,1
0,-0.8155685835581937,-0.3277259862325612,-1.1987731782878823,-0.8287004386973952,0.25276471982955345,True,False,1
0,-0.828462093097844,-1.7438284611759653,-1.3291482629651574,-0.9944357082969277,-0.6479968271994002,False,True,1
0,-0.9039435426167564,-1.207434207386687,-1.0828041955914887,-0.9312864057119259,-0.6479968271994002,True,False,1
1,-0.6028553843501868,0.6772226779637383,-0.620537533627253,-0.172611117322095,0.4895742947472155,False,True,1
1,-1.0557555116024995,-2.052356355483098,-1.435650039028139,-1.1309422000940224,1.1535262668585071,False,True,1
0,-0.9223502153625878,0.367701229779969,-0.12205835016712374,-0.5013409537120281,-1.5487583742283537,False,True,1
0,-1.018960294218045,-1.4816762273024884,-1.3291482629651574,-0.9944357082969277,-1.5487583742283537,True,False,1
0,-0.3519368360967609,-0.4558268704708567,-0.14796468738576815,-0.26762837174455373,-1.5487583742283537,True,False,1
0,-0.7744181014080548,-1.8411928224661056,-1.3291482629651574,-0.9944357082969277,-1.4525966151212215,False,True,1
1,-1.010803605268327,-1.306303307526717,-1.3291482629651574,-1.1036298874002242,-1.5487583742283537,True,False,1
0,-0.25804705812233886,1.524226810034453,0.018497362499359057,0.1561187190678381,-0.6479968271994002,True,False,1
0,-1.0450343839465286,-0.7243268439944396,-1.2385741908178203,-0.9944357082969277,1.1535262668585071,False,True,1
1,-1.1189294049978133,-1.8951509156050452,-1.3291482629651574,-0.9944357082969277,-0.09697251039559562,False,True,1
0,-0.6138498046587014,-0.9058097305904613,-0.9338684549515605,-0.8677752387141103,0.25276471982955345,False,True,1
0,-0.6964552557407047,-1.147798199985644,-0.7820980337526802,-0.5887626842754007,-1.5487583742283537,True,False,1
0,-0.9295787833436845,-0.793265688770317,-1.2471209647625525,-0.8892988821973326,-0.6479968271994002,False,True,1
1,0.33662046555129205,-0.3028206335462302,-0.26991872300510894,0.24157199495350545,-1.5487583742283537,False,True,1
0,-1.0781008688741598,-1.9124265465085877,-1.2710261070624205,-0.9199388135852895,0.7452643404922563,False,True,1
1,-0.11970543285174383,0.4150540351128264,-0.42320247346020456,-0.15136468267997405,1.1535262668585071,False,True,1
1,-0.6494941743032692,0.253222049494505,-0.2826449923430129,-0.23816272897593196,1.1535262668585071,False,False,1
0,-1.0220288108315077,-1.83347223754906,-1.3291482629651574,-1.062023667334305,-1.5487583742283537,False,True,1
0,-0.40696024303902706,-0.3477077090999354,-0.7652630818753323,-0.5013409537120281,0.25276471982955345,True,False,1
1,-0.7456667564779654,-0.9604253948525497,-0.24451054356807206,0.03628973161917187,0.25276471982955345,True,False,1
0,-1.030689375224154,-2.012761880263866,-1.3890681259784574,-1.1150187020675182,0.25276471982955345,False,True,1
1,0.18006083801436512,-0.8302920064058799,-0.30325386162163454,0.11854471159011257,1.1535262668585071,False,True,1
0,-0.7448154488872413,0.7567093469485153,-0.6803382539254632,-0.19216008005828866,0.25276471982955345,False,True,1
0,-0.5825112028540458,-0.8173030539956003,-0.28187398063243085,0.3478868661737451,0.25276471982955345,True,False,1
1,-0.8805735807663212,-1.0367424969885666,-0.6134378272080135,-0.26813386401045386,0.25276471982955345,True,False,1
0,-0.9630537475755883,-1.7999703714995967,-1.2112760031683643,-0.8433553295477445,0.25276471982955345,False,True,1
1,-0.7524001241528632,0.436188834819501,-0.19623984666225489,-0.02184713641699427,1.1535262668585071,False,True,1
0,-0.7679038931132995,-0.13570349857378078,0.8192442671251391,1.5948579332703456,-1.4376597834826184,False,True,1
0,-0.43056306621975227,0.5300511262627764,-0.7011951895305018,-0.6996228177092284,-1.1448459725946059,True,False,1
1,-0.8970935011262599,-1.6887288274138863,-1.3291482629651574,-0.9944357082969277,-0.6479968271994002,False,True,1
0,2.248525873734419,1.4110625308113232,2.352525020780126,3.4925135333936947,0.7830834718194974,True,False,1
1,-0.8813043136256615,-0.04829771118430232,-0.6167666049544196,-0.6291514894663875,-1.3484310632699892,False,False,1
0,-0.6114583994979143,-0.5971797027258293,-0.934368750905267,-0.6592529321305737,0.25276471982955345,True,False,1
1,-0.9608517105182627,0.004996875226647934,-0.5540668526160484,-0.6632874148283053,-1.5487583742283537,False,True,1
0,-0.6728743059623542,-1.171953019431348,-0.7678892622899886,-0.6251862936614393,-1.5487583742283537,True,False,1
1,-0.8508127415948361,-1.307641139307695,-0.7200775396291399,-0.7889102478632838,1.1535262668585071,True,False,1
0,-0.79064721509035,-1.0469870825814434,-1.0177839000406397,-0.6951219896107136,-1.1947685902001006,False,False,1
0,-0.8152992474931549,-1.1456870154225247,-1.3291482629651574,-0.9944357082969277,-0.6479968271994002,True,False,1
1,-0.8390662621765759,-1.1687043776542771,-0.39605551556271207,-0.14990197726566257,-0.6479968271994002,False,True,1
0,-0.4972565465364437,-0.6468969688279061,-0.29510930782220124,-0.6448276385570482,-1.5487583742283537,False,True,1
1,0.8226356316823681,2.2771626901680495,2.484902312700124,0.45458743914889316,-1.5487583742283537,True,False,1
1,-0.8462445144361626,-1.1481832591955294,-0.48298496402165153,0.09011694139717105,0.25276471982955345,False,True,1
1,0.6943148105689521,-0.988273687525826,-0.6897175111468783,-0.8233292159608996,0.25276471982955345,False,True,1
0,0.12708043128397384,1.0304783753118678,0.30893872492827984,0.1561187190678381,-0.6479968271994002,True,False,1
1,1.6712673970766014,1.359021202129405,0.3784527679749514,0.23149186600768257,-0.9256886437322845,True,False,1
0,-1.1205404963246808,-0.5955756070974831,-1.3291482629651574,-0.9944357082969277,-0.6479968271994002,False,True,1
0,-0.817814736917482,-1.0899010994569807,-1.2329821080415861,-0.8711766893067697,-0.6479968271994002,False,True,1
1,-0.895462527476597,-1.0803582642791707,-0.4092199696386348,0.1418462150411441,0.1745477684980523,False,True,1
0,0.24571517956645622,-0.6538198131782321,0.08145653888218654,-0.4173673782219329,0.25276471982955345,True,False,1
1,-1.0150173597448557,-2.040977990728485,-1.4573850631330978,-1.1588006264918942,-0.40129701500657405,False,True,1
0,-0.8731338244202177,-1.9353518317220182,-1.3291482629651574,-1.1188732981375829,-1.5487583742283537,False,True,1
0,-0.5376360705019881,-0.9808224075775521,-0.816201062293396,-0.9542815393452367,0.25276471982955345,False,True,1
1,-0.9474041814031985,-0.3754870852633682,-1.2364004205642283,-0.9548098195530206,-1.5487583742283537,False,False,1
1,0.7509998175762591,1.7218490942864157,0.33469515530070304,-0.6278572382245511,-1.3640614269117564,False,True,1
1,2.329871800896843,2.0444232720787796,1.8460073579833682,-0.13033445551156367,-1.5487583742283537,True,False,1
1,-0.16644847352787628,1.2590868953455538,1.3159077079545773,-0.8589669002657688,0.25276471982955345,True,True,1
1,0.5284595749664484,-1.0485863864344582,-0.6879642621254556,-0.6938269677941834,0.25276471982955345,False,True,1
1,-0.8328810599128524,-1.7997331157377099,-1.2822984871779894,-1.014451958324548,-1.5487583742283537,False,True,1
0,0.01625734246913968,1.502761823915395,-0.07794191501401983,0.23600035459147312,-0.6479968271994002,True,False,1
0,0.03621262313607157,1.4018613513815679,0.05740112700728686,-0.18031925141423175,0.25276471982955345,False,True,1
1,0.7041750502893441,-0.4569623497124786,-0.49082006318130744,-0.5651088069259915,-0.8900066677526248,False,True,1
0,-1.0957759374355531,-2.063576587375297,-1.4516952624720636,-1.1515078398739202,0.25276471982955345,False,True,1
0,-0.8326641121877025,-1.7438284611759653,-1.2652651534746233,-0.9125548281462953,-0.19926878300027828,False,True,1
0,1.028117009079826,-0.14516453921838188,0.8081135886598706,1.4866785721323263,1.1535262668585071,True,False,1
1,-0.9050364348988437,-0.8902021961908633,-1.3291482629651574,-0.9944357082969277,-1.396864296743865,True,False,1
1,-0.8523700634043869,-0.8886557102833531,-0.9542695574509957,-0.5645303102325123,-0.6479968271994002,False,True,1
1,0.667605834625892,-0.23783046763048965,-0.25616165005870295,0.005220001012168463,-1.5487583742283537,False,True,1
1,-0.8201262485468785,-1.1988241371770987,-0.4314906617895749,-0.0029822097035521744,0.25276471982955345,True,False,1
0,-0.9837733478963947,-2.041921337168484,-1.4347106877872118,-1.1297382056893805,0.25276471982955345,False,True,1
0,-0.7843639313181898,-1.8528293259757387,-1.3291482629651574,-0.9944357082969277,-1.5487583742283537,False,True,1
0,-0.5821664248762313,-0.6538198131782321,-0.6123102056363185,-0.14303992997373025,-0.11658724061484893,False,True,1
1,-0.6367465160148181,-1.1508487253309003,-0.682846579445463,-0.3238570635223895,1.1535262668585071,True,False,1
0,-0.606273810381065,-1.0724999346850306,-0.5393469870138597,-0.8823153110585278,-1.5487583742283537,False,True,1
0,-0.9129814132413647,-1.7907711520737788,-1.2285249156036062,-0.8654637732835349,0.44672726752350755,False,True,1
1,-0.19222281186911344,0.2574970291899787,-0.10353204351193851,-0.6980540030025657,0.25276471982955345,True,False,1
0,-0.48277631416327665,-0.04506458966621493,-0.05324938149169489,-0.9944357082969277,0.42837298671635715,True,False,1
1,0.7975647605012222,1.7336425940575904,0.4040689477111973,-0.7345593801946485,-1.4615205720137951,False,True,1
1,0.5693215059456193,-0.30125352672243927,-0.20509210788403687,-0.3471486301431519,-1.5487583742283537,False,True,1
0,-0.8515195758187255,2.0754609665376242,-0.8212118575297056,-0.5109746814878597,1.1535262668585071,False,True,1
0,-0.9584266837443518,-1.245950813474752,-1.1281180224784173,-0.8656024911976048,0.25276471982955345,True,False,1
0,-1.0314246164157648,-0.7726380626974706,-1.3291482629651574,-0.9944357082969277,-0.6479968271994002,False,True,1
1,-0.9657655708778526,-1.4048759693053885,-1.3291482629651574,-1.0676084043805607,-1.0490018083620483,True,False,1
1,-0.6947063497228669,-0.9808224075775521,-1.1542321949371603,-0.8001556875995156,0.25276471982955345,False,True,1
0,-0.7519141351147364,-0.25688032326123,-0.045545002246304755,-0.6362531417510642,1.1535262668585071,True,False,1
1,-0.8933858190411659,-0.16609946914355278,-0.29108513646857825,-0.4269570029666706,-1.5487583742283537,False,True,1
0,-0.40588680387269926,-0.3652652401259632,-0.7583777493544603,-0.5013409537120281,0.25276471982955345,True,False,1
0,-0.8248547532434424,-0.3268172187789122,-1.1894305860165264,-0.8300707901019612,0.25276471982955345,True,False,1
0,-0.9763474894386636,-1.9177850017624163,-1.2773301960882855,-0.9280189518581807,0.25276471982955345,False,True,1
0,-0.5341980477535332,-0.2851801288634214,-0.1750170614536942,0.4848485554577712,-1.5487583742283537,False,True,1
1,-0.8647092053593103,0.7631914292188209,-0.6879642621254556,-0.28727896645950146,-0.37564425160907305,False,True,1
0,-0.8400261574439842,-1.7881979661013845,-1.3291482629651574,-1.0278886082386576,-0.8313272254074544,False,True,1
1,-0.9191507192857876,-1.9529677245940351,-1.388053427783532,-1.0699362088081192,-1.1349964328799478,False,True,1
0,-0.2993063827488105,-0.4702424282232238,-0.6272151871543117,-0.6657058719069946,-1.5487583742283537,False,True,1
1,-0.5230964743020834,-0.2681926860521521,-0.7273013140055149,-0.46335913716702537,0.4609147326532409,True,False,1
1,-0.239271067306679,-0.22503613284585092,-0.5427396822460795,-0.7974101768584045,1.1535262668585071,False,True,1
1,-0.6155588745227336,-1.2928282488801186,-0.5714896660682744,-0.03839813233078869,1.1535262668585071,True,False,1
0,1.118486766057373,-0.1651446576801931,0.625387208378722,0.7060245296179224,0.25276471982955345,True,False,1
0,-1.0360983188166852,-1.5258267315764187,-1.3291482629651574,-1.0515382847197325,-1.5487583742283537,True,False,1
1,-0.8860769594125106,-1.0720041559128273,-0.282290115311689,-0.07699372986246569,-0.6479968271994002,False,True,1
0,0.20632934602283987,-0.4990004277172369,-0.12111271409996588,-1.1588006264918942,-1.026632002518359,False,True,1
0,-0.763331748794733,0.13834335223109795,-0.26261900778176644,-0.17666922656242898,1.1535262668585071,False,False,1
1,-0.2599187810853397,-0.4195711049897737,-0.400822050964763,-0.2731679717391975,0.25276471982955345,True,False,1
0,-0.5914829868217776,-0.34219423574120256,-0.6187316706015323,-0.5638583792958765,-0.6479968271994002,True,False,1
1,-0.7924419303326854,-1.3263041596852059,-0.7412125280198096,-0.47347580557195107,-0.6479968271994002,False,True,1
0,-0.561311296659144,0.7409654600947819,0.5940184021905436,-0.4355455965988846,-1.5487583742283537,False,True,1
1,-0.8433682387050159,-1.145594887197793,-0.7267344050615707,-0.45164810919503856,0.25276471982955345,False,True,1
1,-0.26113090704167163,-1.2489425367522424,-0.780329265409628,-0.2909980872792278,0.25276471982955345,False,True,1
1,1.4532548795042297,1.8103624177102038,0.8164440668263164,-0.6804172550743258,-1.5487583742283537,True,True,1
0,0.15179239523743598,0.6222217318624041,-0.10704736224462105,0.04983298997514185,-0.6479968271994002,True,False,1
0,-0.5517137371818711,-0.6538198131782321,-0.6234958293618067,-0.2336871525338055,-0.6479968271994002,False,True,1
0,-0.7816262622732145,-0.8784645154031219,-1.2669836858041568,-0.9944357082969277,-1.0846535483637725,True,False,1
1,-0.9606082888807254,0.008978361171575189,-0.5493827336558091,-0.6612861566644841,-1.5487583742283537,False,True,1
1,1.69710793008307,1.634143548678536,1.3115370647694857,-0.534850159610551,-1.5487583742283537,True,False,1
0,0.8633313460076734,0.8103949664394947,1.9323055260423696,0.3964760683357043,1.1535262668585071,False,False,1
0,-0.823115207308408,-1.0315483482792096,-1.3291482629651574,-0.9944357082969277,-0.8085209688504388,True,False,1
0,0.9895823062796318,0.07541398534044468,0.8996497076638369,1.3691861398077603,0.5636018815196632,True,False,1
0,-0.556822190451835,-0.2510356287796514,0.6835588910382525,1.4209459539354936,-0.9611188486138118,False,True,1
1,0.8255581374134812,1.7407324746302164,0.44577428646591705,-0.7987053468788043,-1.5201099401310132,False,True,1
0,-0.27701373966670195,1.6525287041887229,-0.013897338061533093,0.39465900854756975,0.7470263706296895,True,False,1
0,-0.42540972664116683,-0.08630233912166618,-0.6879642621254556,-0.4900249209620675,-1.5487583742283537,False,True,1
1,-0.6447476724242326,-1.0972325465185562,-0.7248986446332456,-0.43165582714511574,1.1535262668585071,True,False,1
1,0.7239239448053243,-0.5217581287279964,-0.5054665030805834,-0.8126838191714103,-0.7432818491222233,False,True,1
0,-0.5101154197164884,1.1257578253864784,0.9422481139787711,-0.4801792337577742,-1.5487583742283537,False,True,1
0,-0.16491119904792545,-0.5437614808410591,-0.5609715461537893,-0.5029355334027287,-1.5487583742283537,False,True,1
1,-0.8578553044060107,-0.7666631444133033,-1.3291482629651574,-0.9944357082969277,1.1535262668585071,False,True,1
1,-0.9117904025715169,0.31712821630791627,-0.1631820119900964,-0.5468489576789882,-1.5487583742283537,False,True,1
0,-0.9096099088077528,-1.1906034637638068,-1.3291482629651574,-0.9944357082969277,-0.6479968271994002,True,False,1
0,-1.0596413248867125,-2.0027675838948196,-1.3773100854468447,-1.0561661476244528,0.25276471982955345,False,True,1
1,-0.9407072409141028,-1.8579118242062753,-1.3947615211659428,-1.078534171472504,-0.6479968271994002,False,True,1
0,-1.118488951873303,-1.9276087844348528,-1.3090179472358545,-0.9686340843188451,1.0121268065260483,False,True,1
0,0.4825971067017462,1.1828288862467728,-0.2717809513155265,0.1561187190678381,-0.6479968271994002,False,True,1
0,-0.16692750013104468,-0.8709729630717968,-0.5587291290875653,-0.33910869036972163,-0.6479968271994002,False,True,1
0,-0.01579711690730934,0.5079653009509701,-0.4146020171701585,-0.10767108401670472,1.1535262668585071,False,True,1
1,0.8466225891915939,1.7165619316343304,0.5203578925097071,-0.8161791590484425,-1.5487583742283537,False,True,1
0,-0.5424320174143312,-0.9808224075775521,-0.816201062293396,-0.9624575002327735,0.25276471982955345,False,True,1
1,-0.7109323049109478,-1.4153278674411813,-0.6879642621254556,-0.3347171677669576,-0.6356176575355672,False,True,1
1,-1.0254800235971882,-1.9618301907755118,-1.388574395691634,-1.070603948860002,-0.23057550057126175,False,True,1
0,0.20237217421266152,-0.8552625148858601,-0.1750170614536942,0.4848485554577712,1.1535262668585071,True,False,1
1,-0.15342756271822552,0.2560304906962513,-0.40121183311585146,-0.21142039197241627,1.1535262668585071,False,True,1
0,0.16936825899031144,-0.627654745161921,-0.2981472624755574,-0.8760709795775738,0.25276471982955345,True,False,1
0,0.0019170374890585262,-0.7696366664214698,-0.37940052243881695,0.048241294499535514,-0.6479968271994002,False,True,1
1,-0.8294771574261233,-0.63621092139639,-0.3598104098185917,-0.3635288895934313,0.25276471982955345,False,True,1
1,-0.8693445761899452,-1.0147987197101596,-1.313159349272055,-0.9739422423982819,1.1535262668585071,True,False,1
0,-0.29289061205647354,-0.37512828512644786,-0.08467143809729737,-0.10537869414859082,-1.5487583742283537,True,False,1
1,-0.6053760274708329,-1.4532774298987947,-0.7991305733231535,-0.3588557885947076,0.25276471982955345,False,True,1
1,-0.25742469663540946,-0.29271798832867524,-0.38348765076009783,-0.4912330838558971,1.1535262668585071,False,True,1
1,0.6639484554574216,-0.2686846576109554,-0.34315072237711564,0.002707742365612331,-1.4086365138550376,False,True,1
0,-0.46250822812760267,-0.7085712318357975,-0.2713423011173264,-0.4604389581468296,-1.5487583742283537,False,True,1
1,-0.9065328925649646,-0.8518925967761436,-0.9561608165436909,-0.8350793429932429,-1.5487583742283537,False,False,1
0,-0.714022123097804,-0.05092076159812786,-0.08987743176760976,-0.33697603551706157,-1.5487583742283537,False,True,1
0,0.5004153490685135,-0.8014229713604167,-0.1296024256010548,0.543057844031703,-1.5487583742283537,True,False,1
1,-0.8611685111599364,1.553253115843313,-0.7161575294699611,-0.6027569032597302,1.1535262668585071,False,False,1
0,-0.8192899204027987,-0.9350990882060647,-0.4045944890847665,-1.0726165666004666,-1.5487583742283537,False,True,1
1,0.5956134711410039,-0.2750624732345228,-0.23590522939905775,-0.18917225548267003,-1.5487583742283537,False,True,1
1,-0.3052109962741636,0.1387107036482095,-0.08217197020352335,-0.9045524839750415,0.25276471982955345,True,False,1
1,-0.06947530013418715,0.8050249313011224,-0.4314906617895749,-0.2653071935365878,0.6455281981012939,False,True,1
0,0.3299339286510792,-0.8197332948979579,-0.09330969461481364,0.5895753160195669,1.1535262668585071,True,False,1
1,-0.15997556015788675,-0.2178163539791389,-0.46580849481506453,-0.9504495217227457,0.25276471982955345,True,False,1
0,-0.11707782035739245,1.670440744837495,0.08145653888218654,0.05651247870400122,0.6713165760362667,False,True,1
0,-0.7174302846520342,-0.8063445564448012,-1.081283757342033,-0.956103111890821,-1.5487583742283537,True,False,1
0,-1.0251974016850172,-0.7285784627170419,-1.2851724191984877,-0.938070562302975,-0.6479968271994002,False,True,1
1,-0.4066365078663624,-1.1528356014617864,-0.9310858167848182,-0.48422723992252076,0.25276471982955345,False,True,1
1,-1.0017717207946606,-1.564533407727984,-1.3291482629651574,-1.1004339367327107,-1.5487583742283537,True,False,1
1,-0.31660929326743026,-0.2178163539791389,-0.6810995565341739,-0.6745045690942756,0.25276471982955345,True,False,1
0,1.2095945456972395,-0.2267186282438609,0.5891670876795688,0.5435391113311238,0.25276471982955345,True,False,1
0,-0.8139324042313161,-0.9085328093759377,-1.2758273353767218,-0.9260926906165472,-0.27345971179509915,True,False,1
0,-1.1147949655392841,-0.5735055261562769,-1.3291482629651574,-0.9944357082969277,-0.6479968271994002,False,True,1
0,-0.8048924167816593,-1.827653498279354,-1.171292729117496,-0.9754541026582564,0.25276471982955345,False,True,1
1,-0.07650262335126948,0.10184799408952949,-0.4314906617895749,-0.5124064646146036,0.25276471982955345,True,False,1
1,-1.005370965893222,-2.0093045862966976,-1.3850007058125349,-1.0660234443257102,-0.6479968271994002,False,True,1
0,-0.8542528042389803,-0.7892484551954355,-0.8822546202982616,-0.8300707901019612,-0.30681301067529765,True,False,1
0,-0.9816059279320595,-1.0149141535971762,-1.3291482629651574,-0.9944357082969277,0.25276471982955345,False,True,1
0,-1.165237319310528,-0.9593297067465937,-1.3291482629651574,-0.9944357082969277,-1.5487583742283537,False,True,1
1,-0.5954910569810997,-1.3119426307956419,-0.9671786499004686,-0.5304884968683378,0.25276471982955345,False,True,1
1,-0.24447853945285458,-0.2444510592413397,-0.4970573284220621,-0.7095815308760716,1.1535262668585071,False,True,1
0,-0.9558106223137934,-1.6363556159750403,-1.393491372669907,-1.0769061843941228,0.25276471982955345,False,True,1
1,0.8747137359712892,0.6152541311790185,1.4061873727413932,-0.9944357082969277,-0.3504316181421388,False,True,1
1,-0.9019641946500649,0.7559637806653514,-0.6879642621254556,-0.3805709873705241,-0.5882689717886762,True,False,1
1,-0.849055725416542,-1.8536505780730683,-1.3291482629651574,-0.9944357082969277,-1.5419717096358267,False,True,1
0,-0.3618311617786265,-0.41125661376026756,0.19345035446034517,0.8297960825920203,0.25276471982955345,False,True,1
1,-0.08993085017651697,-0.5259382653037478,-0.30325386162163454,-0.15682050418396265,1.1535262668585071,False,True,1
0,-0.7894344395610335,-0.4996197117560756,-0.10933542923202674,-0.00023163475571991166,-1.5487583742283537,False,True,1
1,-0.7938991949323887,-1.1175190393329146,-0.39322929348196806,0.20515945202180585,0.3871425632530857,True,False,1
1,-1.0106263068498018,-1.9618301907755118,-1.3404186907105469,-1.0088813505148184,-0.5688310345539204,False,True,1
0,1.2728987058236205,0.5567614289514313,1.3102735375673191,1.8316769030270663,0.9786568219068184,False,True,1
1,1.4412261094477417,0.496659471866992,1.3210035882016757,2.2379777682498614,-1.4986278510576052,False,True,1
1,-0.9136705716236585,-0.7686941036620704,-1.0051012930956043,-0.8559888307906699,-1.5487583742283537,False,False,1
1,-0.8881108406582396,-1.2909400667488575,-1.3291482629651574,-0.9944357082969277,-0.6479968271994002,True,False,1
0,-1.0618715552963887,-1.5258267315764187,-1.3291482629651574,-1.1558022025242485,-1.5487583742283537,True,False,1
0,0.22067851266649047,-0.5976633646294119,-0.30325386162163454,-0.07299330842596419,-1.5487583742283537,False,True,1
1,1.5402867199787362,1.959209451179748,1.6210020237764173,1.9663882882288792,0.25029261108176515,False,True,1
1,-0.07636685258151843,1.1090383224398912,1.4788029716831141,-0.9944357082969277,0.1596352203591157,False,True,1
0,-0.8040750712613617,-1.7900450003116206,-1.3291482629651574,-0.9944357082969277,-1.0299211483194979,False,True,1
1,-0.762319647908652,0.3821651371599082,-0.20679582822693193,-0.07613251561583823,1.1535262668585071,False,False,1
0,-0.7714314107467175,-0.6561306343013654,-1.2015911186585155,-0.9944357082969277,-1.5439843322663833,True,False,1
0,-0.4809780102040233,-0.9726693051748783,-0.8289902912654903,-0.8341688738248513,0.25276471982955345,False,True,1
0,-0.7285665937343757,-0.7052950723943805,-0.11208500831522478,0.4041866725006214,-1.5487583742283537,False,True,1
0,2.2891069910937114,0.9326014242338327,1.841236823350082,2.7404112497770354,-0.3983922865046691,True,True,1
0,-0.8277372842712011,-0.715611508015843,-0.06975241275536657,0.34992772657352067,-1.5487583742283537,False,True,1
0,-0.4943107745907968,-1.1649528133189762,-0.8523052009918654,-0.8300707901019612,0.25276471982955345,False,True,1
1,-0.8295843930040079,-0.9808224075775521,-0.9264658688382128,-0.6541882527142333,0.25276471982955345,False,True,1
0,-0.4455331461230172,-0.32172022587954036,-0.4986073044154497,-0.6733917450648315,1.1535262668585071,False,False,1
0,-0.872489292933042,-1.1636348557867375,-1.2463496383120705,-1.0209670728310116,0.25276471982955345,False,True,1
1,2.485850004997505,2.2221426421936914,3.251311101987477,3.5320211607809986,-0.46327084685825015,False,True,1
0,-0.5058334582635627,-0.5448189483784588,-0.1750170614536942,-0.3106727723131361,-1.5487583742283537,False,True,1
1,-0.794238055992838,-0.6052885291028793,-0.633860520378416,-0.3844853076875173,0.25276471982955345,True,False,1
1,-0.8946681088168779,-1.4826026030822352,-1.3291482629651574,-0.9944357082969277,-1.5487583742283537,True,False,1
0,0.15176457271014493,-0.6250705281079916,-0.310308330244848,-0.8643805780716576,0.25276471982955345,True,False,1
0,0.1222727187544852,-0.5960667924459585,-0.3262133961597359,-0.7331743720971775,0.25276471982955345,True,False,1
0,-0.6704443029145978,-1.5071789053277822,-1.0570694896214274,-0.8781918914813103,0.25276471982955345,False,True,1
0,-0.19183289682243132,-0.4611303187456506,-0.5688474074519589,-0.7802125816526211,-1.3395830786961702,False,True,1
0,-0.7306849846745352,-1.0517644521221168,-0.7714258090267366,-0.5156883969395091,-1.5487583742283537,False,False,1
0,-0.8298643922812303,-0.9794917345338143,-0.8811022142092535,-0.667712424482334,-1.5487583742283537,False,False,1
1,1.6183886945300272,1.9844324284802541,1.759790352198007,2.0982263040929103,0.1915258535851284,False,True,1
0,0.9813860451957066,0.07008592809377204,0.8871130546073682,1.3531175389742507,0.5415868768819125,True,False,1
0,-0.5917799052487562,-0.3030168028507029,0.5462466674712299,1.2449487958326275,-0.4788642588071539,False,True,1
0,2.3109426574459455,1.4339661386419305,2.395637858622558,3.5546799147508756,0.8209376471234076,True,False,1
1,-0.341695659211331,0.02012469792906932,-0.32632055935090654,-0.7704385540197708,0.25276471982955345,True,False,1
1,2.0759173425250834,2.109808893554315,2.546469209079813,2.854458558335171,-0.15383623398052187,False,True,1
1,-0.8003010421011496,-1.2201542896395612,-0.745809064050583,-0.7559293882268654,1.1535262668585071,True,False,1
0,-0.7136279951714322,1.939269037713378,0.28619160124680987,0.3522189117044032,0.25276471982955345,True,False,1
0,-0.10914571347417112,-0.5506738909875759,-0.22235479085800144,-0.6657058719069946,-1.5487583742283537,False,False,1
0,-0.9193600437125414,-1.3880927664353284,-1.3291482629651574,-0.9944357082969277,-0.6479968271994002,True,False,1
0,-0.02172802409277473,1.1355900847005793,-0.36028088286859905,-0.3141581129868291,0.25276471982955345,False,True,1
0,-0.9692068698935344,-0.7625251875974584,-1.3288006258986866,-0.9944357082969277,-1.5487583742283537,True,False,1
1,1.2335595440548703,0.4289477453011123,1.378789270419312,-0.9944357082969277,-0.5428814999309494,False,True,1
1,-0.8925591763219135,0.7057660895277272,-0.6879642621254556,-0.6833480125828584,-0.1734451994317619,True,False,1
0,-0.15487222605368076,0.4526681252835216,-0.2061418213985251,-0.1427469392248367,-0.6479968271994002,True,False,1
0,-0.7974817446806223,-0.9583997797254595,-0.7898213995963081,-0.6995174696350985,0.06746856654116717,True,False,1
0,-0.8575692570114654,-1.0273436497209594,-1.3291482629651574,-0.9944357082969277,-0.6479968271994002,True,False,1
0,0.8856936131920269,-0.4309230967350026,0.47192576938108277,1.2404489035302384,1.1535262668585071,True,False,1
0,-0.7862392808216248,-0.9790672867918755,-1.296572848960382,-0.9944357082969277,-0.8768132065509008,True,False,1
1,2.1589104407209927,1.6059701642839908,0.8868790391510727,-0.0012456565192647817,-1.18078080469377,True,False,1
0,-0.8723340727560134,-0.8133430733277843,-0.05538006897393277,0.3315062663779169,-1.5487583742283537,False,True,1
1,-0.400266946878552,-0.3189076594962631,0.6013827890436612,1.315618401593003,-0.6561672060180036,False,True,1
1,-0.6230997173370949,0.830227552962786,-0.6353867098257295,-0.2063062230613154,0.25276471982955345,False,True,1
0,0.06602221182099172,-0.6124835694603835,-0.3695413025255888,-0.8074400822626238,0.25276471982955345,True,False,1
1,0.7017114977015955,-0.5368018719432155,-0.521999899680063,-0.8542490590517007,-0.7142483581916033,False,True,1
1,-0.922470041897585,0.49007547863666556,-0.5451579921759604,-0.10817723471224722,-0.6479968271994002,False,False,1
1,-0.9258453539747364,-0.9703376920089066,-0.1873520679480361,-0.024056343568675077,-0.6913186331002985,False,True,1
0,-0.21055545693340894,1.3045300175360428,-0.515544313019273,-0.37288738985077513,0.4495680732505717,False,True,1
0,-0.42035248903066635,-0.165079265462371,-0.3253181716897276,-0.9095942622856176,0.4077489524759852,False,False,1
0,0.42559855985011075,0.9811931588183676,0.24168817386628316,0.2794749065370538,-0.6479968271994002,True,False,1
0,-0.026454414366806706,-0.6972687997079559,-0.38037401227173273,-0.2714583065547213,-1.5487583742283537,False,True,1
0,-1.1608958841481003,-0.8146394743806589,-1.3291482629651574,-0.9944357082969277,-1.3912446135613457,False,True,1
1,-0.8933961994431316,0.01500405759097409,-0.5988185150769865,-0.8607092305065283,-1.5487583742283537,True,False,1
1,0.5044631768480082,-0.41012747943143196,-0.04678026128575383,-1.0425822628082866,-1.5487583742283537,False,True,1
0,-0.8557183806716833,-0.6937404464582438,-0.9317777729969714,-0.8138439771557073,1.1535262668585071,False,True,1
0,-0.6495044292159554,-1.0410784363191636,-0.8280160149099733,-1.1285134746328656,0.25276471982955345,False,True,1
0,0.049545490242525615,1.4171966180174609,0.607589112263381,-0.39739770294664545,0.25276471982955345,True,False,1
1,-0.9373386763821749,0.3143098742148336,-0.6125216965040596,-0.5303699927982759,-1.1779208586160164,False,False,1
0,-0.4850838451052083,-0.8771567198438354,-0.734894330726936,-0.5695376540380606,0.25276471982955345,False,True,1
1,-0.6925939296793098,-1.5363020196029056,-0.8285249775194062,-0.7399903667878407,0.6598626411132478,True,False,1
0,-0.7680937624640904,-0.9966133825443293,-0.6879642621254556,-0.8300707901019612,-0.9058105859507461,True,False,1
0,-0.8793205001440307,-1.2425694780999934,-1.2905492856599379,-0.9779445561500838,0.25276471982955345,False,True,1
1,-0.7981186959963587,-1.252932839732329,-0.49514820147669136,-0.21340699763672857,-0.6479968271994002,False,True,1
0,-0.43836900299438375,-0.31814487847621553,-0.5007104579607603,-0.6787830938816097,1.1535262668585071,False,False,1
0,-0.984271669402603,-1.9751839574880359,-1.3448586366080533,-1.0145721611345313,0.25276471982955345,False,True,1
0,-0.9146085998133113,-1.8067749641147293,-1.200911462797217,-0.8300707901019612,0.25276471982955345,False,True,1
1,1.0490213362268919,1.2406466230643325,0.7851607454331824,-0.8884799104246546,-1.2286615423724134,False,True,1
0,-0.9960913444149065,-1.7438284611759653,-1.3291482629651574,-0.9944357082969277,-1.1961263430090896,False,True,1
0,-0.6330927804790315,-0.8857115141231875,-0.5760686669840216,-0.5782871607666669,-1.5487583742283537,False,False,1
0,-1.1571554802265696,-0.7628206779780055,-1.3120622193591038,-0.9944357082969277,1.1535262668585071,False,True,1
1,-0.8796962496772568,-1.1988241371770987,-0.4314906617895749,0.11847497942391372,0.25276471982955345,True,False,1
1,-0.7970271686256114,-0.09947426535349423,-0.6769745451605241,-0.590566336243195,-1.1369746120311353,False,False,1
0,-0.0625896557540816,0.6048976325198667,-0.04943437858954519,-0.05666554476850352,-0.6479968271994002,True,False,1
0,-1.0373471601863389,-1.8163828781429192,-1.3291482629651574,-1.0491389477224267,-1.5487583742283537,False,True,1
0,-0.48203661718830165,-0.8927112762510574,-0.7470940292972666,-0.6086294446724497,0.25276471982955345,False,True,1
1,-0.8734682101610415,-1.1988241371770987,-0.4314906617895749,0.10577663866412922,0.25276471982955345,True,False,1
1,-0.8299818058951092,-1.1806503401490964,-0.4314906617895749,0.019158488599768583,0.25276471982955345,False,True,1
1,-1.0119507331667592,-1.9618301907755118,-1.34471247684322,-1.0143848238198232,-0.5386706013989058,False,True,1
0,0.40096859510514554,-0.10382720238321963,-0.30442758063429154,0.3189792467193211,-0.6479968271994002,False,True,1
0,-0.8271246851798225,-1.8528293259757387,-1.3291482629651574,-0.9944357082969277,-1.5487583742283537,False,True,1
1,-0.72848056936891,-0.9356095894169245,-0.50498969271188,-0.14856425061392894,1.1535262668585071,True,False,1
1,-0.9464585853718555,-0.7625691711182792,-0.5582480042040913,-0.33621752952721784,0.25276471982955345,True,False,1
0,-0.6321644357133523,-0.2167685853293415,-0.1750170614536942,-0.33697603551706157,-1.5487583742283537,False,True,1
0,-0.84973724898129,-0.7176985794336195,-1.0506079106499187,-0.8300707901019612,-0.01117601321049888,True,False,1
0,-0.5500794143069264,-0.7020915134470422,-0.6595690361219322,-0.33697603551706157,-0.6479968271994002,False,True,1
0,-1.0644466223209674,-2.0240278329697876,-1.4206765133706598,-1.111750187219725,0.25276471982955345,False,True,1
1,-0.9452428057081644,0.26030135738295973,-0.25370749381280955,-0.5349609090355497,-1.5487583742283537,False,True,1
0,-0.5045461169243286,1.759867396876779,0.0632222601604272,0.2501143865364748,-0.39043674755199914,True,False,1
1,-0.5413488163463308,0.059277969773106176,-0.23836366670555661,-0.1706326525713128,1.1535262668585071,False,True,1
1,-0.5781643261964591,-1.3921019046834624,-0.9105954174313937,-0.4579640860610929,0.25276471982955345,False,True,1
1,-0.9166595433432947,-1.5594805406350343,-1.0858722850978912,-0.6826216568812067,1.1535262668585071,False,True,1
1,-0.7936809228765987,0.27666403648072635,-0.11557691314991038,-0.7298995679472562,-1.5487583742283537,False,True,1
0,-0.9045868668635341,-1.3491168802273799,-1.3291482629651574,-0.9944357082969277,-0.6479968271994002,True,False,1
1,-0.8538836402638825,-1.66589296235359,-1.1202505998515249,-1.0836858228345794,-1.1371101497156182,False,True,1
0,0.8467212398388646,-0.3289742761722659,0.49029166486943654,1.1423082282376373,0.7967867470179046,True,False,1
1,-0.9279339064149157,-0.8718215427777788,-0.7529630132782277,-0.42103911483194695,-1.5487583742283537,True,False,1
1,-0.8546384017877674,-1.1988241371770987,-0.4314906617895749,0.06738456961210418,0.25276471982955345,True,False,1
0,-0.6954920528237989,-1.0957714574194264,-0.6879642621254556,-0.8300707901019612,-1.1106662563368837,True,False,1
0,-1.022468784335204,-1.8329813971092916,-1.3291482629651574,-1.061653592523993,-1.5487583742283537,False,True,1
0,-0.621977144571745,-0.4453587028136478,0.05900793749613931,0.747310752642142,-1.5487583742283537,False,True,1
1,-0.18077116318809938,-1.30516471110511,-0.6848344962328876,-0.1685996033555297,0.25276471982955345,False,True,1
0,-0.9140865810584444,-0.8932822219069696,-0.6879642621254556,-0.5013409537120281,1.1535262668585071,False,False,1
1,-0.804476368386184,-1.227386003216331,-0.7436820813644376,-0.758655605153306,1.1535262668585071,True,False,1
1,-0.8344819584926737,-1.0279498197725654,-0.3586980872356742,0.1094685159043001,0.25276471982955345,False,True,1
1,-0.9409756563085281,-0.13093306237534985,-0.6625658444020395,-0.5338948605930776,-1.5487583742283537,True,False,1
1,1.138654831857929,0.47822059044488696,1.3860353046686904,-0.9944357082969277,-0.49198387138947736,False,True,1
0,-0.8350544035202925,-0.9897441731468108,-0.4367387791808996,-1.1453472904047026,-1.5487583742283537,False,True,1
0,-0.2621609041240337,-0.58215438862582,-0.08716863201274003,0.3159516409249423,0.25276471982955345,True,False,1
0,0.7103899685459377,-0.6389134091612696,-0.029243248559687962,0.5969541326395784,-1.5487583742283537,True,False,1
0,-0.7069895989942033,-0.7961327102563391,-0.3228492493936109,-0.8106783082949585,-1.5487583742283537,False,True,1
0,-0.7603477329595839,0.01672281960991924,0.00959880199845281,-0.33697603551706157,-1.5487583742283537,False,True,1
0,-0.5059592744701578,-0.3518765749641139,-0.480868207948386,-0.6279182907078428,1.1535262668585071,False,False,1
0,-0.5837232154281162,-0.6538198131782321,-0.6427492019954953,-0.26453417746901414,-0.6479968271994002,False,True,1
0,-1.1337857737541532,-0.7779844634472524,-1.3291482629651574,-0.9944357082969277,1.1535262668585071,False,True,1
0,-0.7817118103738485,-1.8638160248716202,-1.3291482629651574,-1.011002804976128,-1.5487583742283537,False,True,1
1,-0.868327346132081,-1.6906394251246382,-1.3291482629651574,-0.9944357082969277,-0.8786057737353453,False,True,1
0,-0.9840530485392704,-0.9718114039197192,-1.3291482629651574,-0.9944357082969277,-1.5487583742283537,True,False,1
0,0.09082554398101562,1.239727036687958,0.18585080804071352,-0.03880587976319372,-0.11387864332768127,True,False,1
1,-0.657557990447016,0.19590456763188313,-0.09920996127327264,-0.9608353559091987,-1.5487583742283537,False,True,1
0,1.3607001051603653,1.0193439169132725,1.7068582489030186,2.5548196731823554,0.3259511250932581,True,False,1
1,-0.6666724768803821,-0.2635782661556044,-0.816201062293396,-0.5703463966059605,-0.6479968271994002,False,True,1
0,-0.5011697717038921,-0.012362043538571716,-0.1750170614536942,0.4659280126949958,-1.5487583742283537,False,True,1
1,0.7999414115207856,0.28120318921849696,0.3555877183826741,-0.6657058719069946,-1.5487583742283537,False,False,1
0,-0.7257615040135414,-0.2833556658796099,-0.14568246619690922,-0.18657994505474423,-1.5487583742283537,False,True,1
0,0.569655248739626,-0.462699028646032,0.2741013646554211,0.8548552322158725,-1.5487583742283537,True,False,1
0,-0.7909639074108878,-0.13135301136244099,0.8155242292054252,1.5900898501026808,-1.4245946293802878,False,True,1
1,-0.784002320422738,0.6620546731526082,-0.6681334500777399,-0.19802885852971933,0.25276471982955345,False,True,1
1,0.1011643231866248,0.06373420261058166,0.6424307555996887,-0.9601666202025695,-1.5487583742283537,True,False,1
1,-0.12462915439153885,0.331835526208077,-0.3905676397326759,-0.06770660997530892,1.1535262668585071,False,True,1
1,-0.11069817474836544,0.49460052459159765,-0.4314906617895749,-0.18729117303947618,1.073075828628286,False,True,1
1,-0.04374770127263977,1.092103036994544,1.4763124790395106,-0.9944357082969277,0.14214148998235493,False,True,1
0,-0.03680665959761562,-0.8656765251074018,-0.3940093666719765,-0.2501604694779339,-1.5487583742283537,False,True,1
0,2.751885014997542,2.1809522637828405,3.523506199302857,3.9637176026981775,-0.34980780523247645,True,True,1
0,-0.8497258600672698,-1.2800606851575527,-1.2574686827927501,-0.9638110921808624,0.25276471982955345,False,True,1
1,-0.5684035550923633,-1.4372585088931327,-0.8787200459418072,-0.41710847503166343,0.25276471982955345,False,True,1
0,-0.08935307085881966,-0.6538198131782321,-0.3453906340382128,0.21188246573386804,-0.6479968271994002,False,True,1
0,-0.6389961448793905,0.11634402286624285,-0.08671887713762597,-0.7896736643683142,-1.5487583742283537,False,True,1
1,-1.0792613663049577,-1.9370438714482252,-1.4282245763396149,-1.121424763868534,0.25276471982955345,False,True,1
0,-0.962247796629331,-1.28860631626885,-1.3291482629651574,-0.9944357082969277,-0.10042893261505581,True,False,1
1,-0.7377521306720792,-0.9958554902202992,-0.2722989595465516,-0.008246199127128446,0.25276471982955345,False,False,1
0,-0.7818005802774701,-1.824952316853814,-1.3291482629651574,-0.9944357082969277,-1.3183882949695211,False,True,1
0,-1.0482690105758457,-2.0036059248803366,-1.4046592695226376,-1.091220409719497,0.25276471982955345,False,True,1
1,2.408745745652024,0.8027990370704648,1.7679191586952074,2.6813177174425413,-0.8391475353361204,False,True,1
1,2.0231538670600333,2.0917850292451603,1.9760205201221281,-0.011304645419049741,-1.5487583742283537,True,False,1
0,-0.8236508410769364,-1.7562836957003705,-1.3291482629651574,-0.9944357082969277,-0.7509244171723831,False,True,1
0,0.010055177713117893,1.2816525435924633,-0.13116242725067673,-0.24074112939616288,0.25276471982955345,False,True,1
0,-0.9426641278014148,-0.7479440372753368,-1.3116462660363923,-0.9944357082969277,-1.5487583742283537,True,False,1
0,-0.8235315439129743,-1.7438284611759653,-1.3291482629651574,-0.9944357082969277,-0.6479968271994002,False,True,1
0,-0.5799443355425827,2.012962658086438,0.2008963259301526,0.3970283997711223,0.7340415042270401,True,True,1
0,0.3454315008317966,0.9811931588183676,0.27135433452269175,0.24145090669407915,-0.6479968271994002,True,False,1
1,-0.8121766378461752,-0.5714844648843135,-1.3291482629651574,-0.9944357082969277,1.1535262668585071,False,True,1
1,-0.931763391700211,0.09020521696524839,-0.5067744123331235,-0.73357736946689,-1.5487583742283537,True,False,1
0,-0.772246529696842,-1.8564096414380664,-1.3291482629651574,-0.9998345485644675,-1.5487583742283537,False,True,1
1,0.8468611680914753,1.7156680604155217,0.5221105878525807,-0.8157298627056223,-1.5487583742283537,False,True,1
0,-0.5198872216308981,1.0376267839506776,0.8208650575994811,-0.6237401105848486,-1.5487583742283537,False,True,1
1,-0.7632476368772322,-1.0607086903736636,-0.3231644083886035,-0.008246199127128446,0.25276471982955345,False,False,1
0,-0.9723613768193846,-1.8889115154467957,-1.2433612592215049,-0.8844799558604141,0.25276471982955345,False,True,1
0,-1.0233595037384882,-1.5258267315764187,-1.3291482629651574,-1.0000042536993734,-1.5487583742283537,True,False,1
0,-0.6810276003459166,-0.2660638585016938,-0.02996059777522969,0.11570258809015468,-1.2681953187407973,True,False,1
0,0.435992459556129,0.9811931588183676,0.2378418671375444,0.2844048321901733,-0.6479968271994002,True,False,1
0,-0.8556449358599169,-0.8113070590299177,-0.8303518252681046,-0.8300707901019612,-0.39795697614633235,True,False,1
0,-0.47234311571693033,-0.10673083965356275,-0.5879520244171532,-0.4455048172792002,-0.6479968271994002,True,False,1
1,-1.0646454843583477,-2.0476486661557978,-1.4573850631330978,-1.1588006264918942,0.9619515945319729,False,True,1
1,-0.9351266205265049,-0.2739707308835652,-1.06489136471482,-0.655729787636946,-1.5487583742283537,True,False,1
0,-0.9022827214441791,-0.3374812897486891,-1.0632651523897934,-0.8220304908080406,0.2747961621534468,False,False,1
0,-1.0075685547456348,-0.8718215427777788,-1.2702889838295346,-0.9189940208291209,-1.1353187433128953,False,True,1
0,1.0612855822372294,0.42197958478584996,1.105331426059551,1.9803823324217378,0.7547639660784946,True,False,1
0,0.3926668630276173,1.0723405422702235,0.17394913090701683,0.2975764302844176,-0.6479968271994002,True,False,1
0,0.24651214938498256,-0.7197881346542802,-0.5597274619575152,-0.5662307183585575,-0.6479968271994002,False,True,1
1,-0.9045352116903874,-0.9522479928101976,-1.3291482629651574,-0.9944357082969277,-1.3826013127997019,True,False,1
0,0.40013638628274395,-0.6321958240859151,-0.1365978403853646,0.33711938287064097,-1.5487583742283537,True,False,1
0,-0.029360025949449357,-0.7966040709746677,-0.38274450097878154,-0.2235538748538346,-1.2695791090412412,False,True,1
0,-0.10181868381471659,-1.0450536155197563,-0.32786947277881007,0.2889330768240722,1.1535262668585071,True,False,1
0,-0.5751934836525117,-0.45177822884115026,-0.9068844363957066,-0.6416392007364164,0.25276471982955345,True,False,1
1,-0.938754868315378,-0.8280548783809862,-0.1750170614536942,0.09048023556164453,-0.6479968271994002,False,True,1
1,-0.5681167285655546,0.436188834819501,-0.2646256030104256,-0.06567316464425692,1.1535262668585071,False,True,1
0,-0.280060072703326,-0.3847804093517961,0.03770738213753477,0.6700997653304832,0.25276471982955345,False,True,1
0,1.0103297033782668,-0.5720639297139988,0.22573217710232638,-0.6245909610399165,0.25276471982955345,True,False,1
0,-0.17000614635799635,-0.6804757681214211,-0.2548154947815036,-0.23469601177321467,-1.5487583742283537,False,True,1
1,-0.9495165182572252,0.03581452900010401,-0.5387690565792741,-0.6925688830003793,-1.5487583742283537,True,False,1
1,-0.07641103861063114,0.10234840047715049,-0.4314906617895749,-0.5116518902805683,0.25276471982955345,True,False,1
0,-0.6708830427483444,-1.5066230990767606,-1.057559908770454,-0.8784014197477813,0.25276471982955345,False,True,1
0,-0.4237198814646725,-0.3579850132833601,0.5210674730411224,1.2126758739623078,-0.39043234964338885,False,True,1
0,-0.8332408634885926,-1.7438284611759653,-1.2614844064355133,-0.9077089322959202,-0.17271204150786706,False,True,1
0,-0.5607449671471842,-0.3850733731232857,0.09029356536571426,0.16744539856350218,-1.5487583742283537,True,False,1
0,-0.22376502605435014,-0.5972579507974544,-0.05163070325252765,0.24762661161384167,0.25276471982955345,True,False,1
1,-0.746262135379089,-0.7615178773278061,-0.1750170614536942,0.23977457052799475,-1.1010691223162503,False,True,1
0,-0.8742865592038769,-1.936253822491897,-1.3291482629651574,-1.1202334308243842,-1.5487583742283537,False,True,1
0,-1.1443346608438858,-0.7740457482834788,-1.3291482629651574,-0.9944357082969277,1.1535262668585071,False,True,1
0,-0.8268174837644187,-0.4361547255480901,-1.200911462797217,-0.8300707901019612,0.25276471982955345,True,False,1
0,0.7972229662921864,0.9235836351689568,2.0654691731363455,0.12826494723865312,1.1535262668585071,False,False,1
0,-0.0752935523263144,-0.7642360414532179,0.016505568875632592,0.5680981441704496,-1.5487583742283537,True,False,1
1,-0.9008103763282777,-1.0504184489216244,-0.886039299351649,-0.6657058719069946,-0.6479968271994002,False,True,1
0,-0.6455549928605945,-0.6538198131782321,-0.6748110660860923,-0.3032583509182409,-0.5556060844697326,False,True,1
0,0.49402552634634816,0.8779864457204242,-0.24254379905542248,0.39829752886208547,1.1535262668585071,True,True,1
1,-0.9499235652532962,-0.17356220213611429,-0.6363810971695675,-0.6984556194170067,-1.5487583742283537,False,False,1
0,-0.47091280914778344,-0.6469303379643823,-0.2978503310601518,-0.6657058719069946,-1.5487583742283537,False,False,1
0,-1.1216203728471128,-0.8892846956475706,-1.1853335148633384,-1.0207687993062708,-1.5487583742283537,False,True,1
1,-0.5948644592352559,-1.4678355508463783,-0.7650321784379218,-0.27139135625168354,0.25276471982955345,False,True,1
1,-0.8999870284286434,-1.0654121487180972,-0.8685196884971156,-0.7327642101124521,-1.0154935724080647,False,False,1
0,1.0981029714708606,0.4888116234897074,1.1825258194941362,1.8054379388672923,0.25276471982955345,True,False,1
0,-0.8082148064753057,-0.492861657039869,-1.1032378916407775,-0.7883404170423459,0.25276471982955345,True,False,1
0,0.026655404191001403,-0.6538198131782321,-0.27561272695651284,0.32367798751739274,-0.6479968271994002,False,True,1
0,0.2669962469697811,0.7056891788900829,-0.36807857449787434,0.07122035367428181,1.1535262668585071,False,True,1
1,-0.6151490785618173,-0.9781240801060751,-0.3276314156536535,0.2892382017168553,0.6175290273455558,True,False,1
0,0.7246333357450891,-0.5779163819560986,0.042518233359895796,0.6521414271906667,-1.5487583742283537,True,False,1
1,-0.9003953225334044,-0.4025112536885118,-0.942655963950144,-0.9236673273158129,-1.5487583742283537,True,False,1
0,-0.8614283299486439,-1.7438284611759653,-1.3291482629651574,-0.9944357082969277,-0.7493680970724292,False,True,1
1,-0.7119464769593474,-0.521232024949575,-0.6734166730593087,-0.40983545597173804,0.25276471982955345,True,False,1
1,-0.8958117784800608,0.06602903550532535,-0.5388967673233815,-0.6924051923438724,-1.5487583742283537,True,False,1
0,-0.40521163230477436,1.9834217789378878,-0.09330396050410639,0.16048668994279303,1.1535262668585071,False,True,1
0,-0.9628975241195739,-1.8503721809473315,-1.1980206929251587,-0.8300707901019612,0.25276471982955345,False,True,1
0,-0.3205038917176741,-0.6538198131782321,-0.4844254803528545,-0.010873902863406726,-0.6479968271994002,False,True,1
1,-0.11875634999303603,-0.485391806786028,0.08145653888218654,-0.1987285559179356,0.25276471982955345,True,False,1
1,-0.9118289277606527,-0.645677300021473,-1.063095198884047,-0.6718450136072489,-0.6479968271994002,False,True,1
0,-0.2890789673441245,-0.3328766067654461,-0.03252282346089752,0.010027982688725956,-1.5487583742283537,True,False,1
1,-0.21920400602525886,1.1838168448935926,1.220683067994062,-0.9016800821643536,0.25276471982955345,False,True,1
1,-0.41247866686400286,-0.875305378427182,-0.12700125802125212,0.058550439377312635,0.25276471982955345,True,False,1
0,-0.8282957348780517,-1.7438284611759653,-1.3291482629651574,-0.9944357082969277,-0.6479968271994002,False,True,1
1,-1.0067948797298427,-1.971305092577833,-1.3402952487369406,-1.0087231312683382,-0.6479968271994002,False,True,1
1,-0.8418095475936559,-0.7846813846264589,-1.3291482629651574,-0.9944357082969277,1.1535262668585071,False,True,1
0,-0.8227707943775826,-0.9006081683290452,-1.2347782101400762,-0.8734788067496683,-0.6479968271994002,False,True,1
0,0.016911139157933464,0.3934046457513209,-0.3925395276440994,-0.07276146466329719,0.3895650915070371,True,False,1
0,-0.8771211059515364,-0.9942051947282137,-1.3291482629651574,-0.9944357082969277,-0.6479968271994002,True,False,1
1,-0.8810126540357223,-0.5031565964823261,-0.5424015762503909,-0.41820907296210486,1.1535262668585071,True,False,1
0,-0.8414428393674824,-1.2065875394691394,-1.3291482629651574,-0.9944357082969277,-0.6479968271994002,True,False,1
0,-0.9009749381446944,-1.3400951292740897,-1.3291482629651574,-0.9944357082969277,-0.6479968271994002,True,False,1
1,-0.81467804552989,-0.6032713138171489,-1.3291482629651574,-0.9944357082969277,1.1535262668585071,False,True,1
1,-0.9536439506218518,0.12288941350836782,-0.4153692202560196,-0.6040297889184354,-1.5487583742283537,False,True,1
1,-0.9715139925091983,-1.9976117178031871,-1.4143147003265404,-1.1035960623569792,1.1535262668585071,False,True,1
1,-0.9049165857382033,-0.890884994899849,-1.3291482629651574,-0.9944357082969277,-1.3912217835166067,True,False,1
0,-0.7555673818949833,-0.753100238469411,-0.0933378129291455,0.08178684641330441,-1.5487583742283537,False,True,1
0,-0.9043681264370383,-1.9543684034157114,-1.3291482629651574,-1.1531747258569096,-1.5179270081737755,False,True,1
0,-0.7495476443560043,-0.14573309964802977,0.807444691487962,1.5797340664723591,-1.3962184655796865,False,True,1
1,0.12044332782424477,1.2783252351888792,-0.3429579895842092,-0.16676359955219383,-0.05817109061594705,False,True,1
0,-1.1309385909406797,-0.6538198131782321,-1.3291482629651574,-0.9944357082969277,-0.4442756624336985,False,True,1
0,-0.743659505478876,-1.0299852397039113,-0.6879642621254556,-0.8300707901019612,-0.9747551895956634,True,False,1
1,-0.8060641522050412,-0.6265273242381039,-0.37804208411126117,-0.42831820964314005,-1.5487583742283537,False,True,1
1,-0.7803340910530596,-0.38796440944573185,-0.5159386438082746,-0.3730558650149275,0.9557996266974449,True,False,1
0,-0.5033281709852871,-0.664917293597602,-0.31630977068731486,-0.6615223352335686,-1.5487583742283537,False,False,1
0,-0.8588665796762049,0.3031814860070614,-0.2879891813986928,-0.4651410227469036,-1.5487583742283537,False,True,1
1,-0.15272952271571244,-0.14310415766960471,-0.20431607360940202,0.4097417260630965,1.1535262668585071,False,True,1
1,-0.5713449111857749,-0.7154899540380799,-0.28131037788953617,-0.19423385484198527,0.25276471982955345,True,False,1
0,-1.0995598382469463,-2.0676411043352934,-1.4536321650211448,-1.1539904254391746,0.25276471982955345,False,True,1
1,-0.21409642800112252,0.07045526141511527,-0.612714440758926,-0.32746438651508236,0.25276471982955345,True,False,1
0,0.4127077684772471,-0.6538198131782321,-0.1283113879132567,-0.9944357082969277,0.25276471982955345,True,False,1
0,0.7299132818962013,-0.3168621919132508,0.4118084067518915,-0.9944357082969277,0.25276471982955345,True,False,1
0,-0.09046361188396235,-0.5952456949848232,0.022130728581889192,0.4006184947703548,-1.5487583742283537,True,False,1
1,-0.637829737017757,-1.4132013457038286,-0.71682534315224,-0.20960322267541995,0.25276471982955345,False,True,1
0,-0.609825609797128,-1.110868627315876,-0.8424404387172623,-0.8795699668112441,-1.5487583742283537,True,False,1
1,-0.8155349399123656,-0.8505772837325202,-1.1242963921276183,-0.9282706033117298,0.7909246668315182,False,True,1
1,-0.953665607875018,-1.0045871148407415,-0.6320470907900305,-0.35799955280051643,0.25276471982955345,False,True,1
1,0.10404877815437467,-0.6783745294266871,-0.30325386162163454,0.2144593617460766,0.8338047099069288,False,True,1
0,-0.7909691587861942,-1.806863232419964,-1.3291482629651574,-0.9944357082969277,-1.168903685751943,False,True,1
1,-0.9116044579414372,-0.6249833703680353,-1.038749306523174,-0.6874474405277496,-0.6479968271994002,False,True,1
1,-0.8580479806734265,-1.1331740929784666,-0.46974153160209825,0.10709144234705237,0.25276471982955345,False,True,1
1,-0.8360092229179164,1.0083592722003596,-0.45219410804726434,-0.31275996381342575,1.1535262668585071,False,False,1
0,-0.5211287881864328,-0.17248079252945048,-0.1750170614536942,0.4848485554577712,-1.5487583742283537,False,True,1
0,-1.079013687536353,-0.7505123679534893,-1.3291482629651574,-0.9944357082969277,0.25276471982955345,False,True,1
0,0.46235366236590153,1.134995010143577,-0.30325386162163454,0.32048363726280465,1.1535262668585071,True,True,1
0,-0.2582667511080059,1.4896287984228727,1.368236051601605,-0.3189495712351194,-1.5487583742283537,True,True,1
0,0.42683058372716487,-0.8171130008594758,-0.11114349703020451,0.5667172014122769,-1.5487583742283537,True,False,1
0,-0.780524266909183,-0.6684641665463982,-1.2095258211324094,-0.9944357082969277,-1.5487583742283537,True,False,1
0,0.2787321082939402,0.10060554841672986,-0.1750170614536942,0.4848485554577712,1.1535262668585071,True,False,1
1,-0.89316113847076,-1.0361518262230918,-1.3291482629651574,-0.9944357082969277,1.1535262668585071,False,True,1
1,-0.31183290441766365,0.436188834819501,-0.35973001053612513,-0.12662223754092447,1.1535262668585071,False,True,1
0,-0.5426982758210187,-0.6538198131782321,-0.5733947772751788,-0.0432818076449744,0.15676269799846737,False,True,1
1,-0.8678073197976529,-1.0091808189956837,-1.3291482629651574,-0.9944357082969277,1.1535262668585071,False,True,1
0,-0.24069202902810477,-1.083857087093635,-0.4920995277455594,-0.6567093235044554,-1.5487583742283537,False,True,1
0,-0.9283473103220753,-0.6466264565973001,-0.7904889657727925,-0.5889469269630183,0.9134747617650206,False,False,1
1,-0.7599295398575869,-0.5817786463520757,-1.2948044702711194,-0.9504162484440011,0.25276471982955345,False,True,1
0,-0.6479227956397063,-1.171175707811709,-0.848728750197522,-0.8712821146141381,-1.5487583742283537,True,False,1
1,-0.08918382874794206,-0.5267803607326614,-0.30325386162163454,-0.1560586151115778,1.1535262668585071,False,True,1
0,-0.014096920597206852,-0.37819687474429126,-0.23986976467321452,-0.9944357082969277,0.25276471982955345,True,False,1
1,-1.0693432660671045,-1.8528293259757387,-1.2744288994092126,-0.9243002736730526,0.6371247358666282,False,True,1
1,-0.7618181184492374,0.5130187162700293,-0.6464429721024838,-0.9944357082969277,0.25276471982955345,True,False,1
1,2.0059941475723675,2.094434742149951,1.983294269537748,-0.00464537340874599,-1.5487583742283537,True,False,1
1,0.3079632745983659,1.5103440575380889,-0.23377224537400973,0.043156320763151956,-0.4416426047970798,False,True,1
0,1.067680588412838,0.12618251428452726,1.019105525064584,1.5222962114040046,0.7733724129556263,True,False,1
0,-1.112049543033792,-0.6152475271051697,-1.3291482629651574,-0.9944357082969277,-0.06598900877102298,False,True,1
1,-0.8579838981533479,0.6361518706107812,-0.6561311517538466,-0.9944357082969277,0.25276471982955345,True,False,1
1,-0.27273423465773255,-1.3279215917748095,-0.6879642621254556,-0.20291522861702346,0.08669048409161806,False,True,1
0,-0.9899218210001104,-1.992056600964547,-1.445800540371728,-1.1439523993565737,0.25276471982955345,False,True,1
0,-0.8493457573156614,-0.3517799509468647,-0.9258345021155134,-0.7547870308722471,0.45905179183561984,False,False,1
1,-0.8264795860921135,-1.1690670295533958,-0.44024278561658836,-0.030681913601840114,0.25276471982955345,True,False,1
0,-1.0437121593595604,-1.3813088049618019,-1.3291482629651574,-0.9944357082969277,0.25276471982955345,True,False,1
0,-0.9126158544675812,-1.3691714084889557,-1.3291482629651574,-0.9944357082969277,-0.6479968271994002,True,False,1
0,-0.42756482973453935,-0.5816552773341952,-0.6987985178074965,-0.5152275412325362,0.25276471982955345,True,False,1
1,-0.906499324235914,-0.7200557479976245,-0.908728127619688,-0.6927601045969081,-1.5487583742283537,True,False,1
0,-0.8140194319970651,-1.113891680740922,-1.1293064275121065,-1.0584715133333056,0.25276471982955345,False,True,1
0,-0.5519453169646482,-1.2746713842158282,-0.7139671986677603,-0.8384029742566024,-1.5487583742283537,True,False,1
1,0.014887623285323004,-0.17640733546891463,-0.04678026128575383,-1.0936053847381086,-1.5487583742283537,False,True,1
0,-0.5068215992313994,-0.5097870030189507,-0.19856803882995439,-0.33697603551706157,-1.5487583742283537,False,True,1
0,1.2314726649273893,0.3359091531238397,1.3048362677339698,1.910715270615267,1.0319223073576957,True,False,1
0,-0.9545081831385362,-1.5820978893543949,-1.3291482629651574,-0.9944357082969277,-1.5487583742283537,True,False,1
0,0.9643730803292369,0.059026488940234094,0.8610907456778579,1.3197639721912235,0.49589037007202286,True,False,1
1,-0.9181825733409058,-0.28338824520871975,-0.49049975139655966,-0.4519022700940716,-1.5487583742283537,True,False,1
0,1.14760158845856,0.09456953562172118,1.090154751408336,1.6932503098731053,1.1535262668585071,True,False,1
1,-0.7780163225150469,-1.1243700805199635,-0.4721341203563081,0.1040247902289016,0.25276471982955345,False,True,1
0,-0.7996714263771039,-1.0228565633726439,-1.309452097030344,-0.969190547014126,-0.5096469239364767,True,False,1
1,-0.6155053141069872,-1.2931871601025697,-0.571208165997634,-0.0376765183163702,1.1535262668585071,True,False,1
1,-0.14847165446052915,-0.23467575109584402,-0.19485172187568528,0.45942588167445775,1.014203549954243,False,True,1
1,-0.4329192306635811,1.0095338953785045,0.9308115116584046,-0.8087029649253039,0.25276471982955345,True,False,1
0,-0.4217723900900345,-0.9122811970215189,-0.4248832115976168,-0.7436538483565319,-1.5487583742283537,False,True,1
0,-0.8196613234666589,-1.4435234642496066,-1.2849855951379117,-0.9378311043518001,-0.6479968271994002,False,True,1
0,-0.892423187810129,-0.724502496402524,-0.8232054183085787,-0.6746835631932419,1.1535262668585071,False,True,1
0,-0.9870217307312287,-1.7438284611759653,-1.3291482629651574,-0.9944357082969277,-1.176929816980241,False,True,1
1,-0.6890452816579989,-0.5072866863571356,-0.816201062293396,-0.5498408415988281,-0.6479968271994002,False,False,1
1,0.08917914578552848,-0.6528857075232943,-0.30325386162163454,0.22214639823837043,0.791677795241031,False,True,1
1,0.42725252956964876,1.8883580770281967,1.751630620266059,0.03151547001344046,-0.7206315130777015,True,False,1
0,-0.5168446611499804,-0.5117117187885193,-0.1750170614536942,-0.33697603551706157,-1.5487583742283537,False,True,1
0,-0.7739065084763247,-1.8528293259757387,-1.3291482629651574,-0.9944357082969277,-1.5487583742283537,False,True,1
0,-1.173541323300226,-0.7625656823766911,-1.3285482710287722,-0.9944357082969277,1.1535262668585071,False,True,1
0,-0.10787171742296298,-0.23189953245509626,-0.4149221533904146,-0.9944357082969277,0.25276471982955345,True,False,1
0,-0.25896729615144465,0.647318515222667,-0.5597274619575152,-0.4987503233393477,0.25276471982955345,False,True,1
0,-0.8524385961686893,-0.8942961577196715,-0.7540663226561006,-0.847015785231923,-0.6479968271994002,True,False,1
1,-0.7851249885107143,-1.2796606797556183,-0.5265928389690935,-0.2335587608682676,-0.6479968271994002,False,True,1
1,-0.8919466705674286,-1.2238639256318815,-1.3291482629651574,-0.9944357082969277,-0.8214562514839104,True,False,1
0,-0.8935306484250931,-0.8676902776491061,-1.3291482629651574,-0.9944357082969277,1.1535262668585071,False,True,1
0,-1.1271852730092258,-0.6767085168661465,-1.3291482629651574,-0.9944357082969277,0.44191243146730563,False,True,1
1,-0.6972672944824041,-0.28527475851287093,-0.816201062293396,-0.6030630378727116,-0.6479968271994002,False,True,1
1,-0.8398275579486422,-1.8528293259757387,-1.267761392311745,-0.915754331656374,1.1535262668585071,False,True,1
1,-0.8846791583448629,-0.5920736637565867,-0.4314906617895749,-0.44433577349280795,0.25276471982955345,False,True,1
0,-0.8225231188032428,-1.7073531032842828,-1.323784219306419,-0.9875604541108585,-0.6479968271994002,False,True,1
1,-0.8733121085051212,-1.3568367521097369,-1.3291482629651574,-0.9944357082969277,1.1535262668585071,False,True,1
0,-0.9775256843026099,-1.8831205323054014,-1.3291482629651574,-1.0994565717481177,-1.5487583742283537,False,True,1
1,-0.5135529737497404,-1.150233194644803,-0.46702604558770155,0.11057196148065024,1.1535262668585071,True,False,1
1,-0.8230373367592533,-0.901894518482385,-1.2937681567341568,-0.9490879745826435,0.9050091549144414,False,True,1
1,-0.8932510971247154,-0.5052768768534653,-0.5710514460188999,-0.6205937571352647,-0.07400312357251793,False,True,1
0,-0.505073370804776,-0.5448189483784588,-0.1750170614536942,-0.3210135722695578,-1.5487583742283537,False,True,1
1,-0.8881592101593235,-1.2762247179959934,-1.3291482629651574,-0.9944357082969277,-0.6479968271994002,True,False,1
0,-0.811598437661338,-1.0513094429969982,-1.3291482629651574,-0.9944357082969277,-0.6479968271994002,True,False,1
0,-1.0603644200027296,-2.0039427209888796,-1.37869260494316,-1.0579381639537533,0.25276471982955345,False,True,1
1,-0.8967299162787766,0.7631914292188209,-0.6879642621254556,-0.3284954949763994,-0.6015213085732938,False,True,1
0,-0.5292398625494685,1.7791154748943976,0.08020592312651731,0.264626696941478,-0.35067117192025404,True,False,1
1,-0.783338299223557,-1.8239449005477701,-1.3291482629651574,-0.9944357082969277,1.1535262668585071,False,True,1
1,-0.1691963337906715,-0.3268172187789122,-0.30325386162163454,0.04978366164864406,0.6236408950692076,False,True,1
0,-0.1677022471267008,-0.8716806045649439,-0.5597274619575152,-0.3367635115351124,-0.6474144844681666,False,True,1
1,-0.6636698505522225,-1.5136608003000755,-0.801888147429765,-0.3916405620365565,0.25276471982955345,True,False,1
0,0.10667628955569147,1.2906750314355766,0.08832743635044008,0.24270449491533583,-0.6479968271994002,True,False,1
0,0.08084379462630788,-0.7220227130100682,-0.29537557859952424,0.22773674097557678,-0.6479968271994002,False,True,1
0,-0.8500590738051539,-0.8849586080934022,-0.7034196919770203,-0.8102611062990775,-0.5394347226797855,True,False,1
1,-0.8250059936061896,-0.4358180835786855,-1.191177608192715,-0.9502254360597857,0.01048118601814707,False,True,1
0,-1.043870470458502,-0.6538198131782321,-1.20565684777173,-0.8678096145112668,-0.6479968271994002,False,True,1
0,-0.8506088535131348,-0.8466898627541392,-1.2156948603188613,-0.8490191100936214,-0.6479968271994002,False,True,1
1,-0.9106738190954995,-0.5737355675313207,-0.48557615570373563,-0.33697603551706157,0.7736186810006045,True,False,1
0,-0.38812691360790197,0.26534165697571477,-0.6122168776142696,-0.47153052376420224,-0.8323450298514659,True,False,1
0,-0.9065907312912423,-1.0876713982850308,-1.165687729973003,-0.8687283742172773,0.4824007718573091,False,False,1
1,-0.7001404412387575,-0.8837860476956557,-0.18909300322792236,0.0007745773395652789,0.25276471982955345,False,True,1
0,-0.5125226292865903,-1.278488739240132,-0.8745672320790775,-0.8300707901019612,0.25276471982955345,False,True,1
0,-0.7739814736313365,-1.843047773203044,-1.1894037098032533,-0.9870607937755749,0.25276471982955345,False,True,1
1,-0.17703008379771967,-0.9808224075775521,-1.018582662266331,-0.8300707901019612,0.25276471982955345,False,True,1
1,-0.8772175926683156,-0.6865565553042371,-1.1623975017761423,-0.9944357082969277,1.1535262668585071,False,True,1
1,-0.7476416706981407,-0.6345796614834105,-1.2823806546647034,-0.9344922747239484,0.25276471982955345,False,True,1
1,-0.8983139376980982,-0.4837046493585655,-0.6471890096480254,-0.6856522759643701,-0.2522717368249046,False,True,1
1,-1.1155791370246233,-1.9093940294142984,-1.3956952264661708,-1.0797309293071444,0.25276471982955345,False,True,1
0,-0.30951886300572834,-0.5573542269708164,-0.6289744910314207,-0.558047660879041,0.25276471982955345,True,False,1
0,0.4413262211211798,-0.8140221847474082,-0.11477976513548191,0.5620564885055593,-1.5487583742283537,True,False,1
1,-0.15672083689026511,-0.07025021699042436,-0.04678026128575383,-1.0669259234840136,-1.5487583742283537,False,True,1
0,-1.0262301630985715,-0.7187314141637585,-1.2254084234017755,-0.9944357082969277,1.1535262668585071,False,True,1
1,-0.9497016663012805,0.1873707380613408,-0.33950854936636177,-0.5716188300551851,-1.5487583742283537,False,True,1
0,0.35173636988138757,-0.807721506479881,-0.07446760177016165,0.6137257864381781,1.1535262668585071,True,False,1
1,-0.14858234938311532,0.27687333328094704,-0.19471499844614273,-0.5519641236844967,0.25276471982955345,True,False,1
0,-0.25206876985443677,-0.29157611101263664,-0.001464030649480752,0.6516846138665024,0.8487582589348153,False,True,1
0,-0.1746318002870687,-0.5680979688498458,-0.2360207863528627,-0.6657058719069946,-1.5487583742283537,False,False,1
0,-0.8997332062577481,-0.6406297646692805,-0.8880783440062181,-0.6723357313677244,0.6849788354890138,False,False,1
1,-0.770951535202835,-0.7801132825970322,-0.816201062293396,-0.5955521213057015,-0.6479968271994002,False,False,1
1,-0.12402009573308997,-1.254050680085887,-0.6405161502469311,-0.13206734716560384,0.36385980486840497,False,True,1
0,0.35119254189970855,-0.68134452103308,-0.5597274619575152,-0.6242007300605252,-0.6479968271994002,False,True,1
0,-0.22907011597226135,-0.5951711185792703,-0.05654091541715346,0.2570669589209529,0.25276471982955345,True,False,1
1,-0.8844193598042732,-0.5490301691727641,-0.42901346364782433,-0.4965783059846793,0.24406454629302465,False,True,1
0,-0.7913340490653222,-1.0897714918269619,-1.328995966648478,-0.9943966677538081,-0.6479968271994002,True,False,1
1,0.730475438235833,-0.367250633860498,-0.14191807105358034,-0.696191111516955,-1.381691509266064,False,True,1
1,-0.7497705820014811,-0.9389700115244171,-1.250149763420558,-0.893180983458438,0.5986246273169005,False,True,1
1,-0.9086198879468458,-0.8130394774267509,-0.9185044995183265,-0.8189909360791275,-1.5487583742283537,False,False,1
0,-0.7859304198004969,-0.9579225121131081,-0.8431422184386703,-0.6772162987633953,0.25276471982955345,True,False,1
0,-0.17213001475487258,-0.8697537018407645,-0.5609438436142392,-0.33697603551706157,-0.6479968271994002,False,True,1
0,0.8706401154055833,-0.005557208062079592,0.715884533175596,1.1596269770188257,0.3002202934278215,True,False,1
0,-0.899530452393796,-1.9425275741171002,-1.3291482629651574,-1.1442471960496836,-1.4690018747048113,False,True,1
1,-0.1868712390248266,1.1664102420726072,1.48724005083692,-0.9944357082969277,0.2188989922329852,False,True,1
1,-0.8908816902882187,-1.2423053052882607,-1.2060970186923436,-0.8367172712164439,1.1535262668585071,True,False,1
0,1.4425020958444374,1.4557766394044882,1.6947725868267727,2.345957262640698,0.25276471982955345,True,True,1
0,-0.4965758604480578,1.7536548068224171,0.057740542165872794,0.24543033261662833,-0.40327165083167354,True,False,1
1,-0.9181942763913149,-1.025169460008364,-0.4825657614578702,-0.04027470078788961,0.25276471982955345,True,False,1
1,-0.8940257914546895,2.1392739339849958,-1.0373969746926244,-0.9944357082969277,1.0709270319020088,True,False,1
1,-0.9115947117076649,-0.9094793637796009,-1.1589448065340022,-0.9944357082969277,1.1535262668585071,False,True,1
1,0.5899238241450254,-0.378863039816044,-0.04678026128575383,-0.9011491539269689,-1.5487583742283537,False,True,1
0,-0.3150329914579293,-0.17491025166851704,-0.1750170614536942,0.4848485554577712,-1.3075991130847289,False,True,1
0,0.5091917019730301,0.9833816969580748,0.2088350855289367,0.3199336127393596,-0.6479968271994002,True,False,1
0,0.2700503098669966,0.10205993098610593,0.4230083527978084,-0.9944357082969277,0.25276471982955345,True,False,1
1,1.254234804397877,0.7480443849805588,1.0972176509408527,-0.9456188548047513,-0.9155255976669491,False,True,1
1,-0.6464688889751232,-0.073433415541997,-0.7973274036526188,-0.4771500244743333,-0.6479968271994002,False,False,1
1,-0.9341538593637686,-0.8868404164935899,-0.5232509292847756,-0.1967168673000018,0.25276471982955345,True,False,1
0,-1.0024185161434827,-0.8270340176962601,-1.3291482629651574,-0.9944357082969277,1.1535262668585071,False,True,1
1,-0.8959886696965305,-1.423272230254681,-1.3291482629651574,-0.9944357082969277,-1.5487583742283537,True,False,1
0,-0.4741811387175843,-1.03946110006427,-0.827698888945722,-0.8300707901019612,0.25276471982955345,False,True,1
0,-0.27603880434521555,-0.4063220066582615,-0.6879642621254556,-0.6508799336632826,-1.5487583742283537,False,True,1
1,-0.9041483604743069,-1.270416514718567,-1.3151104883884794,-0.9764430753950355,1.1535262668585071,False,True,1
0,-0.8284425202007693,-0.45488129078057893,-1.200911462797217,-0.8300707901019612,0.25276471982955345,True,False,1
0,0.2995975938314879,0.8310104360134644,-0.1909745356221578,0.46439538653229195,1.1535262668585071,True,False,1
1,-0.9074288461025002,-0.8765722694354964,-1.3291482629651574,-0.9944357082969277,-1.5094993105358037,True,False,1
0,-1.018494684969057,-2.0708310555752854,-1.4573850631330978,-1.1588006264918942,0.25276471982955345,False,True,1
1,-0.8512125609141027,-0.8192793439634777,-1.1058857691697017,-0.9518680459524801,0.920244652947997,False,True,1
1,-0.9133965421997023,-1.8976772708358645,-1.3291482629651574,-0.9944357082969277,-1.1781438449997736,False,True,1
1,-0.939034772983548,-0.7531907322938172,-0.5642592183710072,-0.3398802789604711,0.25276471982955345,True,False,1
1,-0.8026578573540037,-1.160956902592008,-0.40179075678838744,-0.008246199127128446,0.25276471982955345,False,False,1
0,-0.6445545012713388,-0.7188722066473126,-0.2774017211543406,-0.6650496889862199,-1.5487583742283537,False,True,1
1,-0.8630879306502706,-0.5867956317280063,-0.5055674440834163,-0.5329897582307732,0.25276471982955345,False,True,1
1,-0.11751569028075476,0.4432619599188895,-0.4314906617895749,-0.17438873873589344,1.1437844494907305,False,True,1
0,-0.6315600935211492,-0.8968981148185055,-0.9478475133504212,-0.8722545823720197,0.25276471982955345,False,True,1
1,-0.8950200237442403,0.7631914292188209,-0.6879642621254556,-0.3262945496386211,-0.5894595684577315,False,True,1
1,-1.1178358542019318,-1.9832858694615343,-1.4058876986032083,-1.0927949237831036,0.7917982318396322,False,True,1
0,-0.5540575417262895,-0.45643327286649077,-0.1750170614536942,0.4848485554577712,-1.5487583742283537,False,True,1
0,-0.8293674404201841,-1.8528293259757387,-1.3291482629651574,-0.9944357082969277,-1.5487583742283537,False,True,1
0,-0.6361957093758106,0.23664721724544852,-0.49250350765202755,-0.33697603551706157,-1.5487583742283537,False,True,1
1,-0.18448766793884508,-0.6669368423089808,0.004297249984491033,-0.04780514068225976,0.25276471982955345,True,False,1
0,-0.6485526973863246,-0.9808224075775521,-0.816201062293396,-1.1433682869174266,0.25276471982955345,False,True,1
1,-0.6802726042858345,-1.5005582844046852,-0.7864733641098264,-0.3620041831337367,0.25276471982955345,True,False,1
0,0.886174871209577,0.008193001510951824,0.7414820842001201,1.1664579957987093,0.2858514366113207,True,False,1
0,-0.347905930287451,-0.5494765266659432,-0.6550871136432401,-0.5224107628997425,0.25276471982955345,True,False,1
1,-0.8867999321685499,-1.0423151078793722,-1.306861437506362,-0.9658700217033518,1.1535262668585071,False,True,1
0,0.4700597346016228,1.1766396463929247,-0.22660788816486724,0.32048363726280465,1.1535262668585071,False,True,1
0,-0.44934770128863155,0.6945450909804352,-0.6072035564640174,-0.3796379109106123,0.25276471982955345,False,True,1
1,-1.1638342266971344,-1.8999883371516395,-1.3568889634788208,-1.029991788646937,0.4476210814794864,False,True,1
0,-0.966958571198007,-0.6538198131782321,-1.2055947647821648,-0.9944357082969277,0.6866972572072874,False,True,1
1,-0.716680734889452,-1.3729283923942617,-0.6363199778292568,-0.10641710318211596,0.6155247493758699,True,False,1
0,-1.1208048153984858,-0.5965909255373399,-1.3291482629651574,-0.9944357082969277,-0.6479968271994002,False,True,1
0,-0.3646831150311818,-0.3790867592657373,0.20444416160594683,0.8496236013378107,0.48717293093412606,False,True,1
1,-0.89343169578348,-1.0403089507875585,-1.3291482629651574,-0.9944357082969277,1.1535262668585071,False,True,1
0,-1.1363057926068187,-2.0153699267080283,-1.3921364276043493,-1.0751695110322845,0.7110844985781921,False,True,1
0,-0.965922814288517,-1.852030518763964,-1.1999716860259297,-0.8300707901019612,0.25276471982955345,False,True,1
1,-0.892128781514182,0.16228936241915587,-0.47094804235193444,-0.7794970926935221,-1.5487583742283537,True,False,1
1,-0.7859154977212077,-1.0233482496389845,-0.29386199027488846,0.06791733964645433,0.25276471982955345,True,False,1
1,-0.11396110724041347,1.1312941749618788,0.29380889034067215,-0.5848795003500584,0.25276471982955345,False,True,1
0,-0.39994983410844437,-0.4623723087948787,-0.7202964008481438,-0.5013409537120281,0.25276471982955345,True,False,1
1,-0.5154332557421922,-1.6120256006749745,-0.9399668658756081,-0.6657058719069946,0.2841699154991859,True,False,1
0,-0.47255934176589814,0.7920167175720394,-0.7892511860069946,-0.9253507934304034,-1.45410764906917,True,False,1
1,1.040866461243054,2.2434646424974156,2.3923975156299746,0.36989733357208365,-1.5487583742283537,True,False,1
1,-0.9185686277317958,-0.6132391952444798,-0.5010678334449066,-0.33697603551706157,0.6648019638808976,True,False,1
0,0.4267219842334292,-0.5874567911647453,0.13728070271970869,0.885129881829054,1.1535262668585071,True,False,1
1,-0.6209385751079456,0.436188834819501,-0.24502393506852455,-0.05311114444593586,1.1535262668585071,False,True,1
0,-0.8217602488232411,-1.2874870349219647,-1.262038973976506,-0.9084197379959182,-0.6479968271994002,False,True,1
1,-0.9033314777560512,-0.6876794760925917,-1.0556024986283818,-0.6511179385641825,-0.6479968271994002,False,True,1
0,-1.0638915174557413,-0.5931520464429838,-1.3101940346374483,-0.9701415104968216,-0.6479968271994002,False,True,1
1,-0.7523463789943535,0.7516082228461881,-0.6788793597647274,-0.172611117322095,0.28467182720567163,False,True,1
1,2.3423671826951793,1.715333402193853,2.912550048237883,3.39566683004246,-0.9443936441219547,False,True,1
0,-0.7858263433830255,-0.9584519927736768,-0.8425192976408686,-0.6769501600631196,0.25276471982955345,True,False,1
0,0.5491825705610308,1.0677793077533075,-0.30325386162163454,0.32048363726280465,1.1535262668585071,True,True,1
1,-0.16571791951645098,1.2331654697187249,0.8869620162704738,-0.6400933603604129,0.25276471982955345,True,False,1
1,-0.6328496557223846,-0.5998968878436901,-0.2398148842034406,0.27721531715320474,-1.5487583742283537,False,True,1
0,-0.48831805492543456,1.3032101345009037,1.1040923534843607,-0.500505628216583,-1.5487583742283537,False,True,1
0,-0.6241290888633355,-0.6443211640552222,-0.1359964360319072,-0.13692045406246817,-1.5487583742283537,False,True,1
0,-0.6525503023476487,-0.6538198131782321,-0.6817084117109565,-0.32093941669512444,-0.6040544527018595,False,True,1
1,-0.7711076334930593,0.5890290235911576,0.3644209544137351,-0.46918869110649164,0.7325125891565022,False,False,1
1,-0.8911577814429746,-1.6224413831430637,-1.3291482629651574,-0.9944357082969277,-1.5146393036619634,True,False,1
1,-0.8343948058565521,-1.8051005243174154,-1.2870344539709118,-1.0124285485246742,-1.5487583742283537,False,True,1
1,-0.8725381937780313,-0.40679760303990964,-0.45855377380188533,-0.4666533586833065,0.25276471982955345,False,True,1
1,1.4417736866217186,0.34112590763949724,1.3660108920485963,-0.988831084930833,-0.65567551750205,True,True,1
1,-0.8943673817586215,0.20477628709998041,-0.4393794083903416,-0.8199595491165517,-1.5487583742283537,True,False,1
1,-0.7994628874471645,-1.391299230923348,-0.6579328113943796,-0.13411891433336579,0.25276471982955345,True,False,1
1,2.07781760840146,0.7034331154184719,1.6120504523713737,2.5314815522552427,-1.1128609640433793,False,True,1
0,-0.6068609094916744,-1.655207767231102,-0.9684146254173951,-0.8300707901019612,0.25276471982955345,False,True,1
1,-0.19561183000463017,-0.3268172187789122,-0.30325386162163454,-0.05513552734457794,0.767386853799974,False,True,1
1,-0.9610732413393652,-0.0734747905872753,-0.8197055097921844,-0.776779735542787,-1.5487583742283537,False,False,1
1,0.8208495674491896,0.4688386783119747,0.4797587357820796,-0.6657058719069946,-1.5487583742283537,False,False,1
0,0.0354086860718511,-0.8127399698456772,-0.012026262427034362,0.6046682403665014,-1.5487583742283537,True,False,1
0,-0.8387954915431369,-1.0028111255312604,-1.3291482629651574,-0.9944357082969277,-0.8876805402517235,True,False,1
1,-0.9830963206366068,-1.616288457067565,-1.3905403086445398,-1.0731237179220776,1.1535262668585071,False,True,1
0,-0.5464632506886935,-0.6538198131782321,-0.6203377156248807,-0.22862734223227327,-0.6479968271994002,False,True,1
0,0.5149559589217161,1.034665829095776,1.975972182649661,-0.2501442177884698,0.9325824913603716,False,True,1
0,0.13704168303190348,-0.6881203491297165,-0.23554764966338837,0.35554213215403246,-0.6479968271994002,False,True,1
0,-1.0103982554863629,-0.7062710637630899,-1.2468714779486412,-0.9680715581058864,0.25276471982955345,False,True,1
0,-1.1216726641217198,-0.6538198131782321,-1.3291482629651574,-0.9944357082969277,-0.04809763451041321,False,True,1
0,-0.9775159179218461,-1.8626916969281184,-1.4267762172870697,-1.1195683590231484,0.25276471982955345,False,True,1
0,-0.7851968755197335,-0.6614400254305196,-1.2098764525487105,-0.9944357082969277,-1.5487583742283537,True,False,1
0,0.6949253008488713,-0.7051406392149254,-0.10715793374743832,0.5370347919808921,-1.5487583742283537,True,False,1
0,-0.7149244566930506,-0.17333592464727388,-0.35428973264014174,-0.3529148655578768,1.1535262668585071,False,False,1
0,-0.23122370678415122,0.6129399414684269,-0.5354622971726355,-0.43913818789705195,0.42320820673749604,False,True,1
0,-0.8205987780639454,-1.6535168769584772,-1.155376036740518,-0.8689801960810073,0.25276471982955345,False,True,1
1,-0.812900319599671,0.5078721745398778,-0.20974268706379895,-0.04639665608442978,1.1535262668585071,False,False,1
1,-0.9185080722688027,-0.28917922972290844,-0.4911810462883807,-0.4475360905335176,-1.5487583742283537,True,False,1
1,0.662646780448864,-0.23099766721322904,-0.2722388887724547,0.056736687769130434,-1.5487583742283537,False,True,1
1,-0.0994063462159057,-0.3296213590879442,-0.30325386162163454,0.31963795169260684,0.25739929179829846,False,True,1
0,-0.722407646664656,-0.0303117223298372,-0.1750170614536942,-0.36657044570803077,-1.5487583742283537,False,True,1
1,-0.1122031306318423,-0.09321465237311628,-0.4314906617895749,-0.8065459284401524,0.25276471982955345,True,False,1
0,-0.8728518703903898,-1.1789208646876468,-1.2823168551298827,-0.9794294064636798,0.25276471982955345,False,True,1
0,-0.938098827301061,-0.7630648642180137,-0.6879642621254556,-0.5013409537120281,1.1535262668585071,False,False,1
0,-0.8298203749325956,0.5213085557458138,0.9791141400577691,-0.9944357082969277,0.652539146774848,True,False,1
0,-1.093397089631735,-1.9618301907755118,-1.3291482629651574,-0.9944357082969277,1.1535262668585071,False,True,1
0,-0.8602892241536165,-1.7720257129356471,-1.2959748991956717,-0.9519164219837737,-0.41498032624161507,False,True,1
1,2.5856304117333306,1.6464262030972403,1.5707646597735856,-0.46395310547166146,-1.3747917163405703,True,True,1
0,-0.7489235002214678,-0.944155290797009,-0.8054165750878164,-0.6518830741219723,0.25276471982955345,True,False,1
1,-0.8894133025867099,-0.9785661691934044,-1.3291482629651574,-0.9944357082969277,1.1535262668585071,False,True,1
1,-0.3558579476352682,-0.025906951559632796,-0.42109196353675094,-0.7183794145132536,0.25276471982955345,True,False,1
0,0.36858035553115287,0.6116664623693508,-0.11559527940324058,0.561011219630077,1.1535262668585071,True,False,1
0,0.33103257695295374,-0.04087474460221699,0.33619087684755977,-0.9944357082969277,0.25276471982955345,False,False,1
0,0.8733026847224574,-0.0008035243325527726,0.7214771235793942,1.145290598334791,0.26093679307981466,True,False,1
1,-0.9095690302874072,-0.7825847779495188,-1.1191786044686705,-0.9944357082969277,1.1535262668585071,False,True,1
1,-0.8910037932718237,-1.5508214682487111,-1.3291482629651574,-0.9944357082969277,-1.4330567082048447,True,False,1
0,-0.3611054226284387,-0.2795856067708705,-0.5233924689217868,-0.7369275090763753,1.1535262668585071,False,False,1
0,-0.7923755690114275,-1.0878146350985727,-1.3291482629651574,-0.9944357082969277,-0.6479968271994002,True,False,1
0,0.3912157993257645,-0.824706923531763,-0.10220943631421182,0.5781682525677168,-1.5487583742283537,True,False,1
0,-0.8450627448839214,-0.5055256614350669,0.0866794976253773,0.2679268050166571,-1.5487583742283537,True,False,1
0,-0.5692611976571461,-0.80128787545729,-0.275593494529121,0.35593675187927765,0.25276471982955345,True,False,1
1,-0.18524800655253443,-0.2178163539791389,-0.5005451489733217,-0.9059265196546062,0.25276471982955345,True,False,1
0,0.13449580323421145,1.0885813191771112,0.27476039242007866,0.07515217708261554,-0.42613820792371077,True,False,1
1,-0.8795243306632182,-0.5509191916575009,-0.6210696798285139,-0.4758269281097144,1.1535262668585071,True,False,1
1,-0.7356164335802078,0.5973727272075752,-0.6434010827424523,-0.851640829521831,0.25276471982955345,True,False,1
0,0.17746069470598497,-0.628842712843885,-0.2925568050230288,-0.8814450711838091,0.25276471982955345,True,False,1
1,-0.7364135384364081,0.7804251564893212,-0.6744475617812546,-0.181273495607544,0.25276471982955345,False,True,1
0,-0.9472579589303047,-1.1081476328825128,-1.3291482629651574,-0.9944357082969277,0.25276471982955345,False,True,1
0,-0.6569757650162136,0.7382285190520917,-0.6585960206115795,-0.2478954133687309,0.25276471982955345,False,True,1
0,-0.766430411286844,-0.9988851568784898,-0.6879642621254556,-0.8300707901019612,-0.9105039591810825,True,False,1
0,-0.9180882297869718,-0.9693005315220695,-0.9916122626054802,-0.7348577540077448,0.7269491184791996,False,False,1
0,-0.898143280166112,-0.9429421258344911,-0.7102468657043967,-0.5203811372351514,1.1013537432009344,False,False,1
0,0.1302006007848387,-0.6538198131782321,-0.2133313539483925,0.4234628461358196,-0.6479968271994002,False,True,1
1,-0.9106858594629087,-0.7789076077571221,-1.1105264063413975,-0.9944357082969277,1.1535262668585071,False,True,1
0,-0.36291116504205656,0.12421994287828397,-0.554674097337898,-0.33211824979628,-0.6479968271994002,True,False,1
1,-0.908274891911644,-1.3047558895268336,-1.2460642190451625,-0.8879444198030414,1.1535262668585071,False,True,1
0,0.2335559238638205,1.4186817289772782,-0.13168906272368774,0.32048363726280465,1.1535262668585071,False,True,1
0,-0.967609391130385,-0.9424076299301267,-0.7478488596444689,-1.1008740972198987,-1.5487583742283537,False,True,1
0,-0.32028123911661105,-0.06765856802164916,-0.3516739533679225,-0.20364185268218188,-1.0133494405220451,True,False,1
0,-0.4025785136864354,-0.41937674398243296,-0.7371574709050632,-0.5013409537120281,0.25276471982955345,True,False,1
1,-0.6438741890933419,0.2253404117319967,-0.05519594807328389,-0.9620758006438517,-1.5487583742283537,False,True,1
0,-0.8024849634009318,-0.949642515130385,-0.6879642621254556,-0.8300707901019612,-0.8087711008173118,True,False,1
0,-0.9652669120607058,-1.4573560430252182,-1.3291482629651574,-0.9944357082969277,-0.9829301722337094,True,False,1
0,-0.551888523432443,-0.4950756483433195,0.13997829132899217,0.35026892016816946,-1.5487583742283537,True,False,1
1,-0.758068415273355,-1.4718732109477317,-0.8498688324976833,-0.5029903554612385,-0.6479968271994002,False,True,1
0,-0.6575146567688595,-0.98149569273836,-0.8163330794946374,-1.1584622057506724,0.25276471982955345,False,True,1
1,-0.6610868014557632,-1.3251494123038299,-0.5801091988291122,-0.138865588771291,1.1535262668585071,True,False,1
0,-1.0462260756054624,-2.0708310555752854,-1.4573850631330978,-1.1588006264918942,0.25276471982955345,False,True,1
1,-0.8946639148634199,-0.6295360053550305,-1.0583900153612897,-0.6565513434230813,-0.6479968271994002,False,True,1
1,-0.8746451760500461,-0.8384039640068752,-1.3291482629651574,-0.9944357082969277,1.1535262668585071,False,True,1
1,0.9253080047182509,1.5376128237972178,0.5970366435176855,-0.8540335885962116,-1.4174361451306539,False,True,1
1,-0.17933324736686662,-0.3268172187789122,-0.30325386162163454,0.00952105432549405,0.6788032266331742,False,True,1
0,-0.947412010604125,-1.435800653848139,-1.3291482629651574,-0.9944357082969277,-0.8048007075031008,True,False,1
0,-0.8120149356431217,-1.7763515321880148,-1.3291482629651574,-0.9944357082969277,-0.9167610412518297,False,True,1
0,-0.9240768141738792,-1.2337159321058113,-1.3291482629651574,-0.9944357082969277,0.25276471982955345,True,False,1
1,-0.6656027615146746,-0.7281073535011622,-0.7345223405276748,-0.867410755280259,1.1535262668585071,True,False,1
1,-0.38589781764232384,-0.2679684547807374,-0.5302261137787145,-0.7166325257262239,1.1535262668585071,True,False,1
0,-0.8222023907099144,-0.6681354555354418,-1.0726746626292767,-0.9944357082969277,1.1535262668585071,False,True,1
0,-0.9482299545044188,-1.1412953653748106,-1.3291482629651574,-0.9944357082969277,0.3716163123891487,False,True,1
1,-0.7762180239025565,-1.4248403399125642,-0.6973930899780607,-0.1907389306717528,0.25276471982955345,True,False,1
0,0.7753435395568852,-0.221228333247852,0.45011050517467,0.9470732966121288,-1.5487583742283537,True,False,1
0,-0.8927275713167377,0.21002078962991394,0.2938616057828103,-0.33697603551706157,-1.5487583742283537,False,True,1
0,-0.9374427989013233,0.2674966379693054,0.9791141400577691,-0.9944357082969277,1.072029425371663,True,False,1
0,-0.7914128602797131,-0.8407257961440234,-1.1277447213319864,-0.7597357997182991,-0.6479968271994002,False,True,1
0,-0.9634142624796547,-0.7744225755937099,-1.3291482629651574,-0.9944357082969277,-1.51679977994261,True,False,1
1,-0.08400447667535182,1.1163439765389749,0.029980854047014782,-0.4947045042051024,0.25276471982955345,False,True,1
0,-0.05585080354220586,-0.8110316255773942,-0.41669181763357077,-0.24530951721856825,-1.1503526567771334,False,True,1
0,-0.8435503451273829,-0.3268172187789122,-1.1609077377301018,-0.8300707901019612,0.25276471982955345,True,False,1
1,-0.9059263812566389,-0.8718215427777788,-1.0678309305939815,-0.8827896443957034,-1.5487583742283537,True,False,1
0,-0.28330206684541775,-0.6460852526085861,-0.652625107462657,-0.7110011167791628,-1.5487583742283537,False,True,1
