Age,BusinessTravel,DailyRate,Department,DistanceFromHome,Education,EducationField,EmployeeNumber,EnvironmentSatisfaction,Gender,HourlyRate,JobInvolvement,JobLevel,JobRole,JobSatisfaction,MaritalStatus,MonthlyIncome,MonthlyRate,NumCompaniesWorked,OverTime,PercentSalaryHike,PerformanceRating,RelationshipSatisfaction,StockOptionLevel,TotalWorkingYears,TrainingTimesLastYear,WorkLifeBalance,YearsAtCompany,YearsInCurrentRole,YearsSinceLastPromotion,YearsWithCurrManager
-1.3885594374763002,2,-1.1081385754335398,1,1.4403964469277837,-0.8633557240412861,5,0.8606660825214201,0.279705596772716,1,-0.47283217114370135,-1.012340415329351,-0.932273603340525,2,-1.582336477491676,0,-0.8682774553925191,-0.6018953524914779,-1.0591681591282378,0,-0.3392493445662066,-0.4292901468837605,-0.6398221663309683,2.5474710616109655,-1.1673682971529054,0.15731945906803824,0.3574353973694499,-0.9742633061395315,-0.8882075062547923,-0.6761095304583609,-1.142447942991037
-2.04073779005786,0,-1.2634814011231144,1,-0.5226992756126463,-0.8633557240412861,1,-0.02681062738700467,-0.6391038496091666,1,0.3093737486945157,0.389912032759361,-0.932273603340525,6,1.152834072528232,2,-1.1328067919020384,-0.11531844236710494,-0.6594307537576322,0,-0.06636478286315664,-0.4292901468837605,1.2111762779623128,-0.9455246264432461,-1.4233968531864407,-0.61354589036535,0.3574353973694499,-1.138573308723798,-1.165051404308234,-0.6761095304583609,-1.142447942991037
-0.845077476991667,2,1.103647371289453,2,1.3177029642690068,-0.8633557240412861,2,-1.1184563763096125,1.1985150431545986,1,-1.0594866110223642,0.389912032759361,-0.02544667403658987,7,1.152834072528232,0,0.11653658052846222,-0.5039325149310024,-0.2596933483870263,0,-0.3392493445662066,-0.4292901468837605,1.2111762779623128,0.21880726957482452,-0.14325407301876378,-0.61354589036535,0.3574353973694499,-0.6456433009709989,-0.6113636082013505,-0.6761095304583609,-0.5750835929245423
0.24188644397759934,2,-0.7580007778475141,1,0.3361551029987918,0.0999330154962399,3,1.0302581068638463,1.1985150431545986,1,-0.03284134123470423,0.389912032759361,-0.02544667403658987,4,-0.6706129608183733,1,-0.23106984078043216,-0.9316754220377335,0.5397814623541853,0,1.570942587355143,2.3294268625987633,0.2856770558156722,-0.9455246264432461,-0.5272969070690668,0.15731945906803824,0.3574353973694499,-0.31702329580246624,-0.05767581209446695,-0.3552439905798167,-1.142447942991037
-0.6276846927978138,2,-1.2043031818128003,1,1.3177029642690068,0.0999330154962399,1,1.4040191702204556,-0.6391038496091666,1,1.0915796685327328,0.389912032759361,-0.02544667403658987,2,0.24111055585492935,0,-0.4643655929791889,0.6068759822346184,-0.6594307537576322,0,-1.1579030296753563,-0.4292901468837605,-1.565321388477609,0.21880726957482452,-0.14325407301876378,-0.61354589036535,0.3574353973694499,0.5045267171188654,1.0496997801193,-0.6761095304583609,-0.5750835929245423
-0.08420273231318058,1,1.0198115605998412,0,-0.890779723588977,-1.8266444635788122,0,1.4188378907940657,-0.6391038496091666,1,1.3360190184821756,-1.012340415329351,-0.02544667403658987,1,1.152834072528232,2,-0.5304448087659042,-1.4200820978061957,-0.6594307537576322,0,1.570942587355143,2.3294268625987633,1.2111762779623128,-0.9455246264432461,-0.14325407301876378,-0.61354589036535,-1.0820989427212115,0.5045267171188654,-0.8882075062547923,-0.6761095304583609,1.1270094572749418
-0.30159551650703387,2,-0.9749875819853328,1,-0.890779723588977,1.063221755033766,5,0.5840499651473656,0.279705596772716,0,1.53157049844173,0.389912032759361,-0.02544667403658987,0,1.152834072528232,2,0.06469308003984961,-1.1470247632267097,-0.6594307537576322,0,-1.1579030296753563,-0.4292901468837605,1.2111762779623128,-0.9455246264432461,0.36880303904830697,-0.61354589036535,1.7969697374601115,1.1617667274559307,1.8802314742796253,0.6073526290558157,1.978055982374684
0.8940647965591592,2,-0.02813607302030575,0,1.8084768949041143,1.063221755033766,3,0.03411077941561447,-0.6391038496091666,1,-1.4994774409313611,0.389912032759361,-0.932273603340525,1,-0.6706129608183733,2,-0.8935617855488507,-0.8437059199180537,-0.6594307537576322,0,0.2065197788398933,-0.4292901468837605,-1.565321388477609,-0.9455246264432461,-0.6553111850858345,0.15731945906803824,0.3574353973694499,-0.15271329321819993,-0.3345197101479087,-0.6761095304583609,-0.007719242858047555
-1.497255829573227,2,-0.6371785800889559,2,-0.890779723588977,-1.8266444635788122,5,-1.507036160239832,0.279705596772716,1,-0.2283928211942585,0.389912032759361,-0.932273603340525,8,-1.582336477491676,0,-0.8627531479634046,-0.6748044758482684,0.14004405698357952,0,-0.6121339062692566,-0.4292901468837605,0.2856770558156722,0.21880726957482452,-1.0393540191361377,0.15731945906803824,0.3574353973694499,-1.138573308723798,-1.165051404308234,-0.6761095304583609,-1.142447942991037
-0.5189883007008872,2,1.4143330226686026,1,-0.5226992756126463,1.063221755033766,1,1.543973753415662,1.1985150431545986,1,-0.5217200411335899,-1.012340415329351,-0.02544667403658987,4,1.152834072528232,2,0.7004133811133288,-0.5875387297455461,2.1387310838366087,0,2.389596272464293,2.3294268625987633,-0.6398221663309683,-0.9455246264432461,-0.39928262905229917,-1.3844112397987383,0.3574353973694499,-0.9742633061395315,-1.165051404308234,-0.6761095304583609,-1.142447942991037
-0.845077476991667,2,1.012414283186052,2,-0.890779723588977,0.0999330154962399,3,-1.0904654596705714,-1.557913295991049,1,0.5538130986439586,-1.012340415329351,-0.02544667403658987,7,-0.6706129608183733,1,0.05555672544554493,-1.495524742824033,-0.2596933483870263,0,1.025173463949043,-0.4292901468837605,-0.6398221663309683,1.383139165592895,-0.14325407301876378,-0.61354589036535,0.3574353973694499,-1.138573308723798,-1.165051404308234,-0.6761095304583609,-1.142447942991037
-0.08420273231318058,2,0.3170702062898603,2,-1.0134732062477538,-0.8633557240412861,1,-0.2820219261547335,-0.6391038496091666,1,-0.5217200411335899,0.389912032759361,-0.02544667403658987,7,1.152834072528232,1,-0.03856897421205911,-1.6171337825542784,-0.6594307537576322,1,-0.3392493445662066,-0.4292901468837605,1.2111762779623128,0.21880726957482452,0.8808601511153777,-1.3844112397987383,-1.0820989427212115,1.819006737792996,2.710763168439951,0.6073526290558157,1.978055982374684
0.8940647965591592,2,-1.0489603561232255,2,1.3177029642690068,0.0999330154962399,1,1.6756957140699735,1.1985150431545986,0,-0.8150472610729212,0.389912032759361,-0.02544667403658987,7,0.24111055585492935,2,-0.3256204871633527,1.2696733990051339,2.1387310838366087,0,-0.06636478286315664,-0.4292901468837605,0.2856770558156722,-0.9455246264432461,-0.39928262905229917,0.15731945906803824,0.3574353973694499,-0.31702329580246624,-0.3345197101479087,-0.6761095304583609,-0.8587657679577896
-1.3885594374763002,2,-0.5385482145717656,1,-0.031925344977538815,0.0999330154962399,3,1.1175239057973279,0.279705596772716,1,-0.2283928211942585,1.792164480848073,-0.932273603340525,6,0.24111055585492935,1,-0.42102102699690624,0.46499876921599875,-0.6594307537576322,0,0.2065197788398933,-0.4292901468837605,1.2111762779623128,0.21880726957482452,-0.7833254631026022,-1.3844112397987383,0.3574353973694499,-0.31702329580246624,-0.3345197101479087,-0.6761095304583609,-0.007719242858047555
0.1331900518806727,1,0.21843984077267004,0,0.09076813768123806,1.063221755033766,0,0.8804243766195669,0.279705596772716,1,0.2115980087147386,0.389912032759361,-0.02544667403658987,1,0.24111055585492935,1,-0.06491567118168191,0.07061389731305028,0.14004405698357952,0,-1.1579030296753563,-0.4292901468837605,0.2856770558156722,-0.9455246264432461,-0.14325407301876378,-0.61354589036535,0.3574353973694499,-0.15271329321819993,-0.3345197101479087,-0.3552439905798167,-0.5750835929245423
-0.41029190860396053,1,0.6820025587034645,1,-0.7680862409302001,0.0999330154962399,1,-0.5372332249224624,-1.557913295991049,1,0.16271013872485005,0.389912032759361,-0.932273603340525,6,-1.582336477491676,2,-0.6447554778760418,-1.569137622197781,-0.6594307537576322,1,-1.1579030296753563,-0.4292901468837605,-1.565321388477609,-0.9455246264432461,-0.14325407301876378,0.15731945906803824,0.3574353973694499,0.5045267171188654,1.0496997801193,2.2116803284485362,0.8433272822416945
0.350582836074526,0,1.6757034912891569,2,1.8084768949041143,0.0999330154962399,1,-0.06962026459965596,-0.6391038496091666,0,1.629346238421507,1.792164480848073,1.7882071845712804,7,-0.6706129608183733,2,1.447257250857072,0.388289363367638,0.5397814623541853,1,0.2065197788398933,-0.4292901468837605,1.2111762779623128,-0.9455246264432461,1.3929172631824485,-0.61354589036535,-1.0820989427212115,-0.9742633061395315,-1.165051404308234,-0.6761095304583609,-1.142447942991037
-0.41029190860396053,2,-1.6086876804332806,1,-0.6453927582714232,1.063221755033766,3,-1.1909034546694839,0.279705596772716,0,-0.961710871042587,-1.012340415329351,-0.932273603340525,6,-0.6706129608183733,1,-0.7990111391659301,-0.14980248719801942,1.339256273095397,0,1.570942587355143,2.3294268625987633,1.2111762779623128,-0.9455246264432461,-0.5272969070690668,0.15731945906803824,0.3574353973694499,-0.6456433009709989,-0.6113636082013505,-0.3552439905798167,-0.8587657679577896
-1.3885594374763002,2,0.8077562747378821,1,1.072315998951453,-1.8266444635788122,1,-1.4461147534372127,-0.6391038496091666,1,-0.7172715210931442,0.389912032759361,-0.932273603340525,2,0.24111055585492935,1,-0.7667151880418764,-0.14853572636749604,-1.0591681591282378,0,-0.8850184679723064,-0.4292901468837605,0.2856770558156722,0.21880726957482452,-0.6553111850858345,-0.61354589036535,0.3574353973694499,-0.31702329580246624,-0.3345197101479087,-0.3552439905798167,-0.5750835929245423
-0.6276846927978138,1,-0.01580727733065696,2,1.3177029642690068,0.0999330154962399,1,0.1757118871189995,0.279705596772716,1,0.016046528755184336,1.792164480848073,-0.932273603340525,8,1.152834072528232,1,-0.7631031408766862,1.0793777720198425,-1.0591681591282378,0,-0.8850184679723064,-0.4292901468837605,-1.565321388477609,0.21880726957482452,-1.0393540191361377,0.9281848085014265,0.3574353973694499,-0.8099533035552652,-0.6113636082013505,-0.03437845070127261,-0.5750835929245423
1.6549395412376458,2,-0.4399178490545753,2,-0.7680862409302001,1.063221755033766,2,-0.41539041131722404,0.279705596772716,1,-1.743916790880804,-1.012340415329351,1.7882071845712804,3,-1.582336477491676,1,2.2253347049115777,-0.5951392947286864,-0.6594307537576322,0,-1.1579030296753563,-0.4292901468837605,-1.565321388477609,-0.9455246264432461,2.9290885993836606,0.15731945906803824,1.7969697374601115,4.4479667791412565,0.4960119840124166,-0.3552439905798167,3.3964668575409203
0.8940647965591592,2,1.155428313185978,2,-0.6453927582714232,-0.8633557240412861,1,-1.297927547701112,0.279705596772716,0,-1.7928046608706927,0.389912032759361,-0.02544667403658987,7,-1.582336477491676,0,-0.29247464258866596,-1.1250675754976376,0.5397814623541853,1,-1.1579030296753563,-0.4292901468837605,-1.565321388477609,0.21880726957482452,-0.2712683510355315,0.15731945906803824,1.7969697374601115,-0.31702329580246624,-0.05767581209446695,-0.6761095304583609,-0.2914014178912949
0.7853684044622325,2,0.7387150188758489,2,-0.5226992756126463,0.0999330154962399,2,0.3930531221986137,-0.6391038496091666,1,1.0426917985428443,0.389912032759361,2.6950341138752156,3,-0.6706129608183733,1,2.513661058038821,-0.7827606488495396,1.738993678466003,0,-1.1579030296753563,-0.4292901468837605,0.2856770558156722,0.21880726957482452,1.9049743752495192,1.6990501579348147,0.3574353973694499,2.476246748130061,1.3265436781727418,0.2864870891772715,1.6943738073414365
-0.9537738690885937,2,0.23570015473817835,1,0.7042355509751225,-0.8633557240412861,1,0.12137657834909595,-1.557913295991049,1,-0.8150472610729212,0.389912032759361,-0.932273603340525,2,0.24111055585492935,0,-0.8871875846691032,1.1498941249189778,-0.6594307537576322,0,0.2065197788398933,-0.4292901468837605,1.2111762779623128,0.21880726957482452,-0.9113397411193699,1.6990501579348147,-1.0820989427212115,-0.48133329838673256,-0.6113636082013505,-0.03437845070127261,-0.5750835929245423
1.0027611886560859,2,-0.16128706646851268,1,-0.890779723588977,1.063221755033766,3,1.2525389154679973,0.279705596772716,1,-1.0105987410324755,0.389912032759361,2.6950341138752156,5,1.152834072528232,0,2.750568857402768,-0.013273819908276377,1.738993678466003,1,0.47940434054294323,-0.4292901468837605,0.2856770558156722,0.21880726957482452,1.6489458192159838,0.15731945906803824,0.3574353973694499,-0.8099533035552652,-0.8882075062547923,-0.03437845070127261,-0.5750835929245423
2.3071178938192056,0,-1.1081385754335398,2,-0.890779723588977,0.0999330154962399,3,1.3101672732542586,-0.6391038496091666,1,-0.7172715210931442,0.389912032759361,1.7882071845712804,3,-0.6706129608183733,0,2.1052872550096673,1.1632654892411691,0.5397814623541853,0,1.843827149058193,2.3294268625987633,1.2111762779623128,0.21880726957482452,3.3131314334339637,-2.1552765892321264,-1.0820989427212115,1.4903867326244633,1.3265436781727418,3.816008027841257,2.829102507474426
-0.08420273231318058,2,-1.1697825538817836,1,0.09076813768123806,1.063221755033766,5,0.46714672506666405,1.1985150431545986,0,-0.17950495120436993,0.389912032759361,0.8813802552673452,0,0.24111055585492935,1,0.1511697386417567,-1.2055772638375686,0.14004405698357952,0,-0.8850184679723064,-0.4292901468837605,-1.565321388477609,-0.9455246264432461,-0.14325407301876378,-2.1552765892321264,0.3574353973694499,0.011596709366066407,0.7728558820658583,-0.3552439905798167,0.8433272822416945
0.024493659783746062,2,1.4118672635306728,1,-1.0134732062477538,0.0999330154962399,1,-1.049302346966099,1.1985150431545986,0,-1.2061502209920298,0.389912032759361,-0.932273603340525,6,1.152834072528232,2,-0.9067351340336621,0.22079543133176763,-0.6594307537576322,0,-0.8850184679723064,-0.4292901468837605,-0.6398221663309683,-0.9455246264432461,0.7528458730986101,0.15731945906803824,0.3574353973694499,1.6546967352087296,2.1570753723330673,0.9282181689343597,0.8433272822416945
0.024493659783746062,2,-0.30923261474429814,1,0.4588485856575687,0.0999330154962399,3,0.847493886455989,-1.557913295991049,1,-0.961710871042587,0.389912032759361,-0.02544667403658987,6,1.152834072528232,1,-0.44566793706526303,-1.587857532248849,-0.6594307537576322,0,0.47940434054294323,-0.4292901468837605,-1.565321388477609,-0.9455246264432461,-0.14325407301876378,-0.61354589036535,0.3574353973694499,0.5045267171188654,1.0496997801193,0.2864870891772715,0.8433272822416945
-0.845077476991667,2,0.4600842362897863,1,-0.7680862409302001,1.063221755033766,3,-0.76445360705115,-0.6391038496091666,1,1.2871311484922872,-1.012340415329351,0.8813802552673452,5,0.24111055585492935,1,1.1797532872703371,1.0153359744767156,-0.6594307537576322,0,0.7522889022459932,-0.4292901468837605,0.2856770558156722,-0.9455246264432461,-0.14325407301876378,-0.61354589036535,0.3574353973694499,0.5045267171188654,-0.6113636082013505,-0.6761095304583609,0.8433272822416945
-0.08420273231318058,2,-0.2179995266408971,1,-0.5226992756126463,1.063221755033766,1,1.0253185333393098,-0.6391038496091666,0,-1.2061502209920298,0.389912032759361,0.8813802552673452,0,-1.582336477491676,1,0.34537039211139575,1.193526997970339,0.5397814623541853,0,-0.8850184679723064,-0.4292901468837605,0.2856770558156722,1.383139165592895,-0.2712683510355315,2.469915507368203,0.3574353973694499,-0.6456433009709989,-0.6113636082013505,-0.6761095304583609,-0.5750835929245423
0.7853684044622325,2,1.6263883085305617,1,0.09076813768123806,1.063221755033766,4,-1.6272324493368913,1.1985150431545986,1,-1.2550380909819183,0.389912032759361,-0.02544667403658987,0,1.152834072528232,1,0.017523993529718465,0.6768293303201877,-0.2596933483870263,1,-0.6121339062692566,-0.4292901468837605,1.2111762779623128,-0.9455246264432461,-0.2712683510355315,1.6990501579348147,1.7969697374601115,-0.48133329838673256,-0.6113636082013505,-0.3552439905798167,-0.2914014178912949
1.1114575807530125,2,-0.23772559974433516,2,0.5815420683163456,1.063221755033766,2,-0.49442358770981104,1.1985150431545986,1,-1.2061502209920298,0.389912032759361,-0.02544667403658987,7,-1.582336477491676,2,-0.30224841727094537,-0.3500914496241064,-0.2596933483870263,0,-0.8850184679723064,-0.4292901468837605,1.2111762779623128,-0.9455246264432461,1.136888707148913,-0.61354589036535,0.3574353973694499,0.011596709366066407,0.7728558820658583,-0.3552439905798167,0.8433272822416945
-0.5189883007008872,2,0.605564025427642,2,-0.6453927582714232,1.063221755033766,3,-1.2139547977839884,1.1985150431545986,1,-1.6950289208909155,-2.414592863418063,0.8813802552673452,7,1.152834072528232,1,0.853606675589926,1.6185956322126318,-0.6594307537576322,0,-1.1579030296753563,-0.4292901468837605,0.2856770558156722,-0.9455246264432461,0.36880303904830697,-0.61354589036535,-1.0820989427212115,1.1617667274559307,1.0496997801193,2.2116803284485362,1.1270094572749418
0.7853684044622325,2,-1.551975220260896,1,-1.0134732062477538,1.063221755033766,1,1.4402427094003913,-0.6391038496091666,1,0.5538130986439586,1.792164480848073,-0.02544667403658987,0,-1.582336477491676,1,-0.28673786179689326,-0.6964801611705576,-0.2596933483870263,0,-0.06636478286315664,-0.4292901468837605,1.2111762779623128,0.21880726957482452,-0.14325407301876378,1.6990501579348147,0.3574353973694499,-0.8099533035552652,-1.165051404308234,-0.03437845070127261,-0.5750835929245423
-0.5189883007008872,2,-0.7506035004337248,1,0.09076813768123806,0.0999330154962399,3,0.8030377247351588,0.279705596772716,1,-0.13061708121448137,0.389912032759361,0.8813802552673452,3,1.152834072528232,2,1.0329341936734875,0.9514349281369802,-0.2596933483870263,0,2.6624808341673427,2.3294268625987633,-0.6398221663309683,-0.9455246264432461,-0.14325407301876378,1.6990501579348147,1.7969697374601115,-0.31702329580246624,-0.6113636082013505,-0.6761095304583609,-1.142447942991037
-0.30159551650703387,2,-0.982384859399122,1,-1.0134732062477538,0.0999330154962399,1,0.689427533670815,1.1985150431545986,0,0.9449160585630672,-1.012340415329351,-0.932273603340525,2,-0.6706129608183733,1,-0.6562290394595872,-1.4925689675528118,0.9395188677247911,0,0.47940434054294323,-0.4292901468837605,-1.565321388477609,0.21880726957482452,-0.5272969070690668,-0.61354589036535,-1.0820989427212115,-0.31702329580246624,-0.05767581209446695,-0.6761095304583609,-0.5750835929245423
0.7853684044622325,2,0.4600842362897863,1,-0.15461882763631568,1.063221755033766,1,-0.2540310095156923,-1.557913295991049,1,-0.2283928211942585,1.792164480848073,-0.932273603340525,2,1.152834072528232,1,-0.7573663600849134,-1.3045253598217843,-0.2596933483870263,1,2.389596272464293,2.3294268625987633,0.2856770558156722,0.21880726957482452,-0.14325407301876378,-0.61354589036535,-1.0820989427212115,-0.6456433009709989,-0.6113636082013505,-0.6761095304583609,-0.5750835929245423
1.872332325431499,2,-0.28210926422707083,1,-0.7680862409302001,0.0999330154962399,1,0.36506220555957253,1.1985150431545986,1,0.8960281885731786,0.389912032759361,1.7882071845712804,5,1.152834072528232,1,2.421447618645141,1.2895193186833336,0.14004405698357952,0,-0.3392493445662066,-0.4292901468837605,-1.565321388477609,-0.9455246264432461,3.185117155417196,-0.61354589036535,0.3574353973694499,0.5045267171188654,1.3265436781727418,-0.6761095304583609,1.4106916323081893
0.6766720123653059,2,0.2973441331864223,1,-0.7680862409302001,0.0999330154962399,1,0.373294828100467,0.279705596772716,1,1.4337947584619528,-2.414592863418063,2.6950341138752156,5,1.152834072528232,1,2.838107882817966,0.6070167334380098,0.14004405698357952,0,-0.3392493445662066,-0.4292901468837605,-0.6398221663309683,0.21880726957482452,1.7769600972327515,-0.61354589036535,0.3574353973694499,0.17590671195033272,0.7728558820658583,-0.6761095304583609,0.8433272822416945
-0.30159551650703387,1,0.6647422447379562,1,-0.890779723588977,-1.8266444635788122,1,-1.27158315557025,1.1985150431545986,1,-1.0594866110223642,-1.012340415329351,-0.02544667403658987,4,0.24111055585492935,1,0.67236689724244,-0.033541993196650605,-0.6594307537576322,0,0.47940434054294323,-0.4292901468837605,0.2856770558156722,-0.9455246264432461,-0.14325407301876378,-0.61354589036535,-1.0820989427212115,0.5045267171188654,1.3265436781727418,-0.3552439905798167,1.4106916323081893
-1.171166653282447,1,-0.5533427693993441,1,-0.7680862409302001,-1.8266444635788122,5,-0.8533659304928103,0.279705596772716,1,0.3093737486945157,0.389912032759361,-0.932273603340525,6,-1.582336477491676,2,-0.6970239250899709,-1.0880500090056764,-1.0591681591282378,0,1.843827149058193,2.3294268625987633,0.2856770558156722,-0.9455246264432461,-0.5272969070690668,-0.61354589036535,0.3574353973694499,-0.15271329321819993,-0.05767581209446695,-0.6761095304583609,-0.007719242858047555
0.1331900518806727,2,0.5167966964621707,2,-0.890779723588977,-0.8633557240412861,1,0.5379472789183566,-0.6391038496091666,0,-1.743916790880804,0.389912032759361,-0.02544667403658987,7,-1.582336477491676,0,0.10846259274744878,0.7246847394732935,0.14004405698357952,0,-0.06636478286315664,-0.4292901468837605,1.2111762779623128,0.21880726957482452,-0.0152397950019961,0.15731945906803824,0.3574353973694499,0.011596709366066407,0.7728558820658583,-0.3552439905798167,0.8433272822416945
-0.9537738690885937,1,-0.04046486870995454,2,-1.0134732062477538,-0.8633557240412861,1,1.479759297596685,0.279705596772716,1,-1.2061502209920298,-1.012340415329351,-0.02544667403658987,7,1.152834072528232,1,0.09592666435061213,0.6956899915746471,-0.6594307537576322,1,-0.8850184679723064,-0.4292901468837605,0.2856770558156722,0.21880726957482452,-0.5272969070690668,-0.61354589036535,0.3574353973694499,0.011596709366066407,0.7728558820658583,-0.6761095304583609,0.8433272822416945
0.024493659783746062,2,1.633785585944351,1,0.21346162034001492,0.0999330154962399,3,0.6301526513763747,-1.557913295991049,0,1.3360190184821756,0.389912032759361,-0.932273603340525,2,0.24111055585492935,2,-0.585050462969074,0.6747180622693154,0.5397814623541853,0,0.7522889022459932,-0.4292901468837605,-1.565321388477609,-0.9455246264432461,-0.39928262905229917,2.469915507368203,0.3574353973694499,-0.6456433009709989,-0.6113636082013505,-0.6761095304583609,-0.5750835929245423
0.1331900518806727,0,-0.5582742876752037,1,-0.40000579295386945,0.0999330154962399,3,-1.5169153072889052,-0.6391038496091666,0,0.6027009686338471,-2.414592863418063,-0.02544667403658987,6,1.152834072528232,0,-0.22384574645005173,0.19771223397556364,1.738993678466003,1,-0.8850184679723064,-0.4292901468837605,1.2111762779623128,2.5474710616109655,0.7528458730986101,0.15731945906803824,0.3574353973694499,0.9974567248716644,1.8802314742796253,-0.3552439905798167,1.4106916323081893
-1.171166653282447,2,-0.5607400468131335,2,0.09076813768123806,0.0999330154962399,3,1.3299255673524053,0.279705596772716,1,-1.0105987410324755,0.389912032759361,-0.02544667403658987,7,1.152834072528232,2,-0.36089106536462195,-0.7301196987811231,-0.6594307537576322,0,-0.6121339062692566,-0.4292901468837605,-1.565321388477609,-0.9455246264432461,-0.7833254631026022,0.9281848085014265,0.3574353973694499,-0.31702329580246624,-0.3345197101479087,-0.3552439905798167,-0.5750835929245423
1.0027611886560859,1,1.0148800423239819,2,-0.5226992756126463,1.063221755033766,2,-1.5910089101569556,-1.557913295991049,1,1.53157049844173,0.389912032759361,-0.02544667403658987,7,1.152834072528232,2,-0.12972004679244767,0.8631839236105174,0.5397814623541853,1,1.570942587355143,2.3294268625987633,0.2856770558156722,-0.9455246264432461,0.36880303904830697,0.9281848085014265,0.3574353973694499,0.34021671453459906,0.4960119840124166,-0.6761095304583609,1.1270094572749418
-0.845077476991667,0,1.7176213966339628,1,-1.0134732062477538,-1.8266444635788122,5,-1.3506163319628368,1.1985150431545986,1,-1.2550380909819183,0.389912032759361,-0.02544667403658987,4,0.24111055585492935,1,-0.4384438427348826,1.6848894490100224,-0.6594307537576322,0,-0.6121339062692566,-0.4292901468837605,-1.565321388477609,0.21880726957482452,-0.14325407301876378,-1.3844112397987383,0.3574353973694499,0.5045267171188654,0.7728558820658583,-0.6761095304583609,1.4106916323081893
-0.845077476991667,2,1.115976166979102,1,1.6857834122453375,-0.8633557240412861,1,-0.33635723492463704,0.279705596772716,1,0.7004767086136243,1.792164480848073,-0.932273603340525,6,0.24111055585492935,1,-0.7824382168785867,1.3324484357177373,-0.6594307537576322,0,2.389596272464293,2.3294268625987633,0.2856770558156722,0.21880726957482452,-0.14325407301876378,0.15731945906803824,0.3574353973694499,0.5045267171188654,0.7728558820658583,-0.6761095304583609,0.8433272822416945
-1.171166653282447,2,-0.8023844423302497,1,-0.7680862409302001,0.0999330154962399,1,0.910061817766787,-1.557913295991049,0,1.0915796685327328,0.389912032759361,-0.932273603340525,6,1.152834072528232,1,-0.9182086956172075,-0.4474912823710159,-0.6594307537576322,0,1.570942587355143,2.3294268625987633,-1.565321388477609,-0.9455246264432461,-1.295382575169673,1.6990501579348147,0.3574353973694499,-0.9742633061395315,-1.165051404308234,-0.6761095304583609,-1.142447942991037
-1.3885594374763002,2,-0.07005397836511164,1,-1.0134732062477538,-0.8633557240412861,1,1.5686716210383453,-0.6391038496091666,1,-1.0594866110223642,-1.012340415329351,-0.02544667403658987,0,0.24111055585492935,2,-0.3751267806627246,-0.02706743784064217,-0.6594307537576322,0,-0.8850184679723064,-0.4292901468837605,-0.6398221663309683,-0.9455246264432461,-0.9113397411193699,-0.61354589036535,-1.0820989427212115,-0.48133329838673256,-0.3345197101479087,-0.3552439905798167,-0.5750835929245423
-0.6276846927978138,1,-0.6815622445716916,1,-0.890779723588977,0.0999330154962399,1,0.7174184503098562,-0.6391038496091666,1,1.3360190184821756,0.389912032759361,-0.932273603340525,2,1.152834072528232,1,-0.5652904402418569,0.9527016889675035,1.339256273095397,1,-0.6121339062692566,-0.4292901468837605,0.2856770558156722,0.21880726957482452,-0.5272969070690668,-0.61354589036535,-2.521633282811873,-0.8099533035552652,-0.6113636082013505,-0.03437845070127261,-0.5750835929245423
1.220153972849939,2,-0.7580007778475141,2,0.8269290336338992,1.063221755033766,1,0.8705452295704935,0.279705596772716,0,1.4337947584619528,0.389912032759361,-0.02544667403658987,7,0.24111055585492935,0,0.011999686100604007,-0.0871682016888074,2.1387310838366087,0,-0.3392493445662066,-0.4292901468837605,0.2856770558156722,0.21880726957482452,0.8808601511153777,-0.61354589036535,0.3574353973694499,0.17590671195033272,0.7728558820658583,1.569949248691448,0.8433272822416945
1.220153972849939,1,-0.22539680405468637,2,-0.27731231029509257,-0.8633557240412861,3,1.0911795136664655,1.1985150431545986,0,1.3849068884720641,0.389912032759361,-0.932273603340525,8,0.24111055585492935,1,-0.7919995181982079,-0.36205530191238283,-0.2596933483870263,1,-1.1579030296753563,-0.4292901468837605,0.2856770558156722,1.383139165592895,1.0088744291321454,0.15731945906803824,0.3574353973694499,0.34021671453459906,0.7728558820658583,1.569949248691448,0.8433272822416945
0.1331900518806727,2,-1.1204673711231885,2,0.09076813768123806,-0.8633557240412861,1,1.667463091529079,-1.557913295991049,0,1.629346238421507,0.389912032759361,-0.02544667403658987,7,1.152834072528232,1,-0.22087111937283624,-1.1725007310405688,-0.6594307537576322,0,-1.1579030296753563,-0.4292901468837605,0.2856770558156722,0.21880726957482452,-0.14325407301876378,-1.3844112397987383,0.3574353973694499,0.5045267171188654,0.7728558820658583,-0.3552439905798167,1.4106916323081893
-1.0624702611855203,2,-0.0034784816410081713,1,-0.40000579295386945,1.063221755033766,3,-0.6146198768068705,-1.557913295991049,0,-0.03284134123470423,-1.012340415329351,-0.932273603340525,6,0.24111055585492935,0,-0.8914370519222682,-1.3088886471269205,-1.0591681591282378,0,-0.8850184679723064,-0.4292901468837605,0.2856770558156722,1.383139165592895,-0.6553111850858345,1.6990501579348147,-1.0820989427212115,-0.31702329580246624,-0.3345197101479087,-0.6761095304583609,-0.2914014178912949
0.1331900518806727,2,1.431593336634111,1,-0.031925344977538815,-0.8633557240412861,1,-1.2896949251602177,0.279705596772716,0,0.40714948867429285,0.389912032759361,-0.932273603340525,2,1.152834072528232,2,-0.8699772422937851,-1.1250675754976376,-0.6594307537576322,0,-0.8850184679723064,-0.4292901468837605,0.2856770558156722,-0.9455246264432461,-1.1673682971529054,0.15731945906803824,0.3574353973694499,-0.8099533035552652,-0.6113636082013505,-0.03437845070127261,-0.8587657679577896
0.5679756202683792,2,-1.317728102157569,2,-0.5226992756126463,-0.8633557240412861,2,0.001180289252036555,1.1985150431545986,1,1.1404675385226213,0.389912032759361,2.6950341138752156,3,0.24111055585492935,1,2.532783660678063,-0.9208375793765889,1.339256273095397,0,-0.6121339062692566,-0.4292901468837605,-0.6398221663309683,-0.9455246264432461,1.2649029851656808,0.15731945906803824,1.7969697374601115,-0.9742633061395315,-1.165051404308234,-0.6761095304583609,-1.142447942991037
0.8940647965591592,0,1.0814555390480853,1,-1.0134732062477538,-1.8266444635788122,1,1.1257565283382223,0.279705596772716,1,0.3582616186844043,-1.012340415329351,0.8813802552673452,0,0.24111055585492935,1,0.9275474057949964,-1.5366240942143474,0.14004405698357952,0,2.1167117107612428,2.3294268625987633,1.2111762779623128,0.21880726957482452,1.7769600972327515,0.15731945906803824,-1.0820989427212115,2.6405567507143273,2.9876070664933927,3.816008027841257,-0.007719242858047555
-1.3885594374763002,2,1.409401504392743,2,0.09076813768123806,1.063221755033766,2,-0.858305504017347,1.1985150431545986,0,0.50492522865407,0.389912032759361,-0.02544667403658987,7,0.24111055585492935,0,-0.4509797711317193,-1.1819310616677985,-0.6594307537576322,1,-0.8850184679723064,-0.4292901468837605,1.2111762779623128,0.21880726957482452,-0.7833254631026022,-0.61354589036535,1.7969697374601115,-0.31702329580246624,-0.6113636082013505,-0.6761095304583609,-0.2914014178912949
-0.30159551650703387,2,-1.3448514526747963,1,-1.0134732062477538,-0.8633557240412861,1,-0.6244990238559438,-0.6391038496091666,1,0.7982524485934014,-1.012340415329351,-0.932273603340525,6,1.152834072528232,1,-0.5865377765076818,1.193808500377122,-0.6594307537576322,1,-0.6121339062692566,-0.4292901468837605,1.2111762779623128,0.21880726957482452,-0.6553111850858345,0.15731945906803824,0.3574353973694499,-0.15271329321819993,0.2191680859589748,-0.3552439905798167,-0.2914014178912949
-1.171166653282447,2,-1.4977285192264413,1,-1.0134732062477538,-0.8633557240412861,3,0.09009261269369692,-1.557913295991049,1,-0.3750564311639242,-1.012340415329351,-0.932273603340525,2,-1.582336477491676,1,-0.5157841467424851,-0.44636527274388393,-0.6594307537576322,0,0.2065197788398933,-0.4292901468837605,-1.565321388477609,1.383139165592895,-0.6553111850858345,-0.61354589036535,0.3574353973694499,-0.31702329580246624,-0.3345197101479087,-0.3552439905798167,-0.2914014178912949
1.1114575807530125,1,0.7239204640482704,2,-0.031925344977538815,0.0999330154962399,1,1.132342626370938,0.279705596772716,1,0.7493645786035128,-2.414592863418063,1.7882071845712804,7,0.24111055585492935,1,1.3924391232912439,1.38663764902346,1.738993678466003,0,-1.1579030296753563,-0.4292901468837605,0.2856770558156722,-0.9455246264432461,1.7769600972327515,0.15731945906803824,-2.521633282811873,2.6405567507143273,0.2191680859589748,3.816008027841257,1.6943738073414365
-1.2798630453793736,1,-0.06758821922718188,1,-0.890779723588977,-1.8266444635788122,1,1.0286115823556674,1.1985150431545986,1,0.50492522865407,1.792164480848073,-0.02544667403658987,4,0.24111055585492935,0,-0.24997997005701628,-1.31451869526258,-0.6594307537576322,0,0.47940434054294323,-0.4292901468837605,0.2856770558156722,1.383139165592895,-0.5272969070690668,2.469915507368203,0.3574353973694499,0.011596709366066407,0.7728558820658583,-0.6761095304583609,0.8433272822416945
0.4592792281714526,2,-0.7801926100888819,1,-0.40000579295386945,0.0999330154962399,3,-0.9258130088526817,1.1985150431545986,1,1.3849068884720641,-1.012340415329351,-0.02544667403658987,4,-0.6706129608183733,2,-0.0744769725013031,-0.5914797634405078,1.339256273095397,1,-0.06636478286315664,-0.4292901468837605,1.2111762779623128,-0.9455246264432461,-0.39928262905229917,0.15731945906803824,0.3574353973694499,-0.31702329580246624,-0.05767581209446695,-0.3552439905798167,-0.5750835929245423
-1.8233450058640068,2,0.8422769026688988,2,-0.890779723588977,0.0999330154962399,3,1.0351976803883831,0.279705596772716,0,-1.743916790880804,0.389912032759361,-0.932273603340525,8,0.24111055585492935,2,-0.7648029277779521,-0.14938023358784497,-0.6594307537576322,0,1.025173463949043,-0.4292901468837605,-1.565321388477609,-0.9455246264432461,-1.1673682971529054,0.15731945906803824,0.3574353973694499,-0.8099533035552652,-0.6113636082013505,-0.03437845070127261,-0.5750835929245423
-1.171166653282447,1,-0.9207408809508781,0,0.9496225162926761,1.063221755033766,1,-0.6920065286912785,-0.6391038496091666,0,-0.42394430115381276,0.389912032759361,-0.932273603340525,1,0.24111055585492935,0,-0.7737268090095986,1.1957790172246028,-1.0591681591282378,1,-1.1579030296753563,-0.4292901468837605,-0.6398221663309683,0.21880726957482452,-0.39928262905229917,-0.61354589036535,-1.0820989427212115,0.011596709366066407,0.7728558820658583,-0.3552439905798167,-1.142447942991037
1.1114575807530125,1,-0.19827345353745904,2,2.1765573428804452,-0.8633557240412861,1,-0.400571690743614,-0.6391038496091666,0,0.50492522865407,1.792164480848073,-0.02544667403658987,7,0.24111055585492935,2,0.0030758048689575744,-0.5592477378638571,0.5397814623541853,1,-0.8850184679723064,-0.4292901468837605,1.2111762779623128,-0.9455246264432461,-0.39928262905229917,-0.61354589036535,0.3574353973694499,-0.31702329580246624,-0.05767581209446695,-0.3552439905798167,-0.2914014178912949
-1.171166653282447,1,-0.5533427693993441,1,-1.0134732062477538,-0.8633557240412861,1,-0.3890460191863617,-1.557913295991049,0,0.2115980087147386,-2.414592863418063,-0.932273603340525,2,1.152834072528232,0,-0.42888254141526144,-1.2701820661942613,0.14004405698357952,0,-0.3392493445662066,-0.4292901468837605,-1.565321388477609,0.21880726957482452,-0.7833254631026022,-0.61354589036535,0.3574353973694499,-0.8099533035552652,-0.6113636082013505,-0.03437845070127261,-1.142447942991037
0.024493659783746062,2,1.6535116590477892,1,0.09076813768123806,0.0999330154962399,3,1.0072067637493418,-0.6391038496091666,0,0.2115980087147386,0.389912032759361,-0.932273603340525,6,-0.6706129608183733,1,-0.5198211406329918,-0.6135777023729713,-0.6594307537576322,0,-1.1579030296753563,-0.4292901468837605,-1.565321388477609,0.21880726957482452,-0.39928262905229917,-0.61354589036535,-2.521633282811873,0.17590671195033272,-0.05767581209446695,1.569949248691448,0.8433272822416945
0.350582836074526,2,1.2343326055997303,1,1.8084768949041143,-0.8633557240412861,5,-1.141507719424117,-1.557913295991049,1,-0.2283928211942585,0.389912032759361,-0.02544667403658987,6,1.152834072528232,0,-0.650917205393131,1.4264702395832511,-0.6594307537576322,0,0.47940434054294323,-0.4292901468837605,-1.565321388477609,1.383139165592895,-0.2712683510355315,0.15731945906803824,0.3574353973694499,0.34021671453459906,1.0496997801193,0.6073526290558157,0.8433272822416945
-1.2798630453793736,2,-1.2092347000886599,0,-0.890779723588977,0.0999330154962399,0,1.5785507680874187,0.279705596772716,0,0.7493645786035128,0.389912032759361,-0.932273603340525,1,-0.6706129608183733,1,-0.8914370519222682,0.7519904729312421,0.5397814623541853,0,-0.3392493445662066,-0.4292901468837605,0.2856770558156722,-0.9455246264432461,-0.6553111850858345,0.15731945906803824,0.3574353973694499,-0.8099533035552652,-1.165051404308234,-0.3552439905798167,-0.5750835929245423
1.1114575807530125,0,0.911318158530932,1,0.5815420683163456,1.063221755033766,5,1.4912849691539372,0.279705596772716,1,-0.13061708121448137,0.389912032759361,-0.02544667403658987,6,-0.6706129608183733,1,-0.19452442240321344,-1.7153781225215368,2.1387310838366087,0,0.7522889022459932,-0.4292901468837605,0.2856770558156722,0.21880726957482452,0.6248315950818424,0.9281848085014265,1.7969697374601115,0.17590671195033272,0.7728558820658583,-0.3552439905798167,0.8433272822416945
-0.845077476991667,2,-0.5114248640545382,1,-0.27731231029509257,0.0999330154962399,1,1.4073122192368135,1.1985150431545986,1,-0.3750564311639242,0.389912032759361,-0.932273603340525,2,-1.582336477491676,2,-0.9179962222545492,0.713846896812149,0.14004405698357952,0,-0.3392493445662066,-0.4292901468837605,-0.6398221663309683,-0.9455246264432461,-0.0152397950019961,-0.61354589036535,0.3574353973694499,-0.6456433009709989,-0.6113636082013505,-0.3552439905798167,-0.5750835929245423
-0.08420273231318058,2,0.208576804220951,2,-1.0134732062477538,1.063221755033766,1,0.9166479157995026,-0.6391038496091666,0,0.3093737486945157,0.389912032759361,-0.02544667403658987,7,0.24111055585492935,2,0.0918896704601054,1.004216629408788,1.339256273095397,0,-0.6121339062692566,-0.4292901468837605,-1.565321388477609,-0.9455246264432461,0.49681731706507465,1.6990501579348147,0.3574353973694499,-0.9742633061395315,-1.165051404308234,-0.6761095304583609,-1.142447942991037
-0.30159551650703387,2,1.298442343185904,2,-0.7680862409302001,0.0999330154962399,4,0.7404697934243607,1.1985150431545986,1,0.7004767086136243,-2.414592863418063,-0.02544667403658987,7,-1.582336477491676,2,-0.34495556316525333,0.2222029433656825,0.14004405698357952,0,0.7522889022459932,-0.4292901468837605,1.2111762779623128,-0.9455246264432461,0.49681731706507465,-0.61354589036535,0.3574353973694499,0.9974567248716644,1.3265436781727418,0.2864870891772715,2.2617381574079314
-1.0624702611855203,2,0.38117994387603404,2,-0.031925344977538815,0.0999330154962399,2,1.542327228907483,1.1985150431545986,1,-1.1083744810122527,0.389912032759361,-0.02544667403658987,7,1.152834072528232,2,-0.48391314234374777,-1.2967840436352525,-0.6594307537576322,0,-0.3392493445662066,-0.4292901468837605,-1.565321388477609,-0.9455246264432461,-0.5272969070690668,1.6990501579348147,0.3574353973694499,0.011596709366066407,0.7728558820658583,-0.6761095304583609,0.8433272822416945
-0.5189883007008872,2,0.3195359654277901,2,0.09076813768123806,0.0999330154962399,2,-0.5043027347588844,1.1985150431545986,1,-0.5706079111234784,0.389912032759361,-0.02544667403658987,7,1.152834072528232,2,-0.20961003115194907,1.040248937477009,-0.6594307537576322,0,-0.8850184679723064,-0.4292901468837605,1.2111762779623128,-0.9455246264432461,-0.14325407301876378,-0.61354589036535,-1.0820989427212115,0.5045267171188654,0.7728558820658583,-0.6761095304583609,1.1270094572749418
1.4375467570437923,1,1.0715925024963662,1,1.3177029642690068,2.026510494571292,3,0.9512249304712593,-0.6391038496091666,1,-1.2550380909819183,0.389912032759361,1.7882071845712804,0,0.24111055585492935,1,1.0331466670361458,0.8975272172380404,-0.2596933483870263,1,-0.06636478286315664,-0.4292901468837605,0.2856770558156722,0.21880726957482452,2.6730600433501253,0.15731945906803824,0.3574353973694499,3.7907267688041917,1.0496997801193,3.1742769480841684,2.545420332441178
-0.7363810848947404,2,0.12967251180719874,2,0.09076813768123806,0.0999330154962399,2,0.24815896547887092,0.279705596772716,1,0.2604858787046272,-1.012340415329351,-0.02544667403658987,7,0.24111055585492935,1,0.041533483510100534,-1.6336016733510825,-0.6594307537576322,0,0.7522889022459932,-0.4292901468837605,-1.565321388477609,0.21880726957482452,-0.14325407301876378,0.15731945906803824,0.3574353973694499,0.5045267171188654,-0.3345197101479087,-0.3552439905798167,-0.007719242858047555
-1.7146486137670802,2,-1.5864958481919127,2,0.3361551029987918,0.0999330154962399,1,-0.8797103226236727,0.279705596772716,0,1.1404675385226213,1.792164480848073,-0.932273603340525,8,-0.6706129608183733,2,-0.7790386430760547,1.5637026628899515,-0.6594307537576322,0,-0.06636478286315664,-0.4292901468837605,1.2111762779623128,-0.9455246264432461,-1.295382575169673,-2.1552765892321264,0.3574353973694499,-0.9742633061395315,-1.165051404308234,-0.6761095304583609,-1.142447942991037
-1.171166653282447,2,1.5869361623236857,2,1.6857834122453375,0.0999330154962399,2,-1.5745436650751667,0.279705596772716,0,-0.961710871042587,-1.012340415329351,-0.02544667403658987,7,1.152834072528232,1,-0.4728645274855188,1.0026683661714817,1.738993678466003,1,1.025173463949043,-0.4292901468837605,0.2856770558156722,0.21880726957482452,-0.7833254631026022,-0.61354589036535,-1.0820989427212115,-0.8099533035552652,-0.6113636082013505,-0.6761095304583609,-1.142447942991037
-1.0624702611855203,2,-1.3078650656058501,1,-0.5226992756126463,-1.8266444635788122,5,-0.30342674476105913,0.279705596772716,1,-1.2061502209920298,-1.012340415329351,0.8813802552673452,5,1.152834072528232,0,1.365242532870988,-0.7699522893409141,-0.6594307537576322,1,0.2065197788398933,-0.4292901468837605,-0.6398221663309683,0.21880726957482452,-0.2712683510355315,0.15731945906803824,0.3574353973694499,0.34021671453459906,1.0496997801193,-0.6761095304583609,1.1270094572749418
0.6766720123653059,1,-0.0601909418133926,2,0.7042355509751225,0.0999330154962399,1,-0.45161395049715974,1.1985150431545986,1,-0.961710871042587,-1.012340415329351,-0.02544667403658987,7,1.152834072528232,1,0.08955246347086468,1.3189363201921545,0.14004405698357952,0,0.7522889022459932,-0.4292901468837605,0.2856770558156722,0.21880726957482452,-0.5272969070690668,1.6990501579348147,0.3574353973694499,-0.8099533035552652,-0.6113636082013505,-0.03437845070127261,-0.5750835929245423
-0.6276846927978138,2,-1.4977285192264413,1,-0.890779723588977,1.063221755033766,1,-0.9916739891798375,0.279705596772716,1,-1.6950289208909155,0.389912032759361,-0.932273603340525,6,1.152834072528232,0,-0.783500583691878,-0.9240748570545931,-1.0591681591282378,1,0.7522889022459932,-0.4292901468837605,-0.6398221663309683,0.21880726957482452,-1.0393540191361377,-0.61354589036535,-2.521633282811873,-0.8099533035552652,-0.6113636082013505,-0.03437845070127261,-0.5750835929245423
-0.19289912441010723,2,1.4858400376685656,2,2.299250825539222,1.063221755033766,1,0.8656056560459569,-0.6391038496091666,0,1.53157049844173,-1.012340415329351,-0.932273603340525,8,0.24111055585492935,1,-0.8398060247963138,1.673770103942095,-1.0591681591282378,0,2.1167117107612428,2.3294268625987633,-1.565321388477609,1.383139165592895,-0.6553111850858345,1.6990501579348147,0.3574353973694499,-0.31702329580246624,-0.3345197101479087,0.6073526290558157,-0.5750835929245423
-1.6059522216701536,2,-0.6544388940544642,1,0.7042355509751225,0.0999330154962399,3,-1.455993900486286,-0.6391038496091666,0,-0.3750564311639242,0.389912032759361,-0.932273603340525,2,1.152834072528232,2,-0.7461052718640263,1.3332929429380862,-0.6594307537576322,0,-0.06636478286315664,-0.4292901468837605,0.2856770558156722,-0.9455246264432461,-1.295382575169673,1.6990501579348147,0.3574353973694499,-1.138573308723798,-1.165051404308234,-0.6761095304583609,-1.142447942991037
0.7853684044622325,2,0.29980989232435207,1,-0.890779723588977,0.0999330154962399,1,1.1109378077646122,0.279705596772716,0,1.4337947584619528,1.792164480848073,0.8813802552673452,0,1.152834072528232,1,0.31796132832848173,0.07005089249948433,-0.6594307537576322,1,1.025173463949043,-0.4292901468837605,-0.6398221663309683,0.21880726957482452,-0.2712683510355315,-0.61354589036535,0.3574353973694499,0.17590671195033272,0.7728558820658583,1.2490837088129039,0.8433272822416945
0.024493659783746062,2,0.018713350600359648,0,-0.40000579295386945,1.063221755033766,0,-1.474105670076254,0.279705596772716,1,-0.17950495120436993,0.389912032759361,-0.932273603340525,1,-1.582336477491676,0,-0.9156590152653085,1.3140100280734524,0.5397814623541853,1,1.843827149058193,2.3294268625987633,1.2111762779623128,-0.9455246264432461,-0.5272969070690668,0.15731945906803824,0.3574353973694499,-0.6456433009709989,-0.6113636082013505,-0.6761095304583609,-0.5750835929245423
0.5679756202683792,1,1.4020042269789539,1,2.299250825539222,1.063221755033766,5,-0.7858584256574755,1.1985150431545986,0,1.0426917985428443,-1.012340415329351,-0.02544667403658987,0,1.152834072528232,1,-0.3950992767525999,-1.3971396516533832,-1.0591681591282378,0,-1.1579030296753563,-0.4292901468837605,1.2111762779623128,2.5474710616109655,-0.5272969070690668,0.9281848085014265,1.7969697374601115,-0.15271329321819993,0.2191680859589748,-0.6761095304583609,-0.007719242858047555
0.5679756202683792,2,1.1480310357721888,1,-0.7680862409302001,0.0999330154962399,1,-0.22110051935211436,0.279705596772716,0,1.3849068884720641,1.792164480848073,-0.02544667403658987,2,1.152834072528232,1,-0.24466813599056006,1.3249886219379885,-0.2596933483870263,1,-0.6121339062692566,-0.4292901468837605,-0.6398221663309683,0.21880726957482452,0.7528458730986101,-1.3844112397987383,-1.0820989427212115,-0.31702329580246624,-0.3345197101479087,-0.3552439905798167,-0.2914014178912949
-0.6276846927978138,2,1.6362513450822809,1,1.6857834122453375,0.0999330154962399,3,-1.0888189351623925,-0.6391038496091666,1,-0.13061708121448137,-1.012340415329351,-0.02544667403658987,0,1.152834072528232,1,-0.17008998569751488,0.013468908736106282,-1.0591681591282378,0,1.570942587355143,2.3294268625987633,-0.6398221663309683,0.21880726957482452,-0.14325407301876378,-0.61354589036535,0.3574353973694499,0.34021671453459906,-1.165051404308234,1.569949248691448,1.1270094572749418
-0.08420273231318058,2,0.289946855772633,1,-0.40000579295386945,1.063221755033766,1,0.3173129948223845,0.279705596772716,1,-0.32616856117403564,-2.414592863418063,-0.932273603340525,2,0.24111055585492935,0,-0.7737268090095986,-1.0482174184458852,-0.6594307537576322,0,-0.3392493445662066,-0.4292901468837605,0.2856770558156722,0.21880726957482452,-0.5272969070690668,0.9281848085014265,0.3574353973694499,0.011596709366066407,0.7728558820658583,-0.3552439905798167,0.8433272822416945
-2.04073779005786,2,-1.4040296719851106,1,-0.7680862409302001,0.0999330154962399,1,-1.0262510038515944,0.279705596772716,1,-0.619495781113367,0.389912032759361,-0.932273603340525,2,0.24111055585492935,2,-1.0544041210811448,1.5371006854489604,-0.6594307537576322,0,-0.6121339062692566,-0.4292901468837605,0.2856770558156722,-0.9455246264432461,-1.4233968531864407,-0.61354589036535,0.3574353973694499,-1.138573308723798,-1.165051404308234,-0.6761095304583609,-1.142447942991037
1.1114575807530125,1,-1.4360845407781975,2,-0.7680862409302001,0.0999330154962399,3,-0.46478614656259093,1.1985150431545986,0,-0.8639351310628098,0.389912032759361,1.7882071845712804,7,0.24111055585492935,0,1.569641907748223,-0.5752933750504867,2.5384684892072147,1,-0.8850184679723064,-0.4292901468837605,1.2111762779623128,1.383139165592895,2.1610029312830545,-0.61354589036535,-1.0820989427212115,2.476246748130061,-0.6113636082013505,2.8534114082056243,2.545420332441178
-0.30159551650703387,2,1.2836477883583255,1,1.3177029642690068,0.0999330154962399,5,0.3897600731822559,0.279705596772716,0,1.0915796685327328,1.792164480848073,-0.932273603340525,6,0.24111055585492935,1,-0.8068726535842853,1.0318038652735195,-1.0591681591282378,0,0.47940434054294323,-0.4292901468837605,1.2111762779623128,-0.9455246264432461,-1.1673682971529054,1.6990501579348147,-1.0820989427212115,-0.9742633061395315,-1.165051404308234,-0.6761095304583609,-1.142447942991037
2.3071178938192056,2,1.165291349737697,1,-0.5226992756126463,0.0999330154962399,5,-0.14536039197588516,0.279705596772716,0,-1.4505895709414727,-1.012340415329351,0.8813802552673452,0,-0.6706129608183733,0,0.8859026267139797,-0.7118220423402297,-0.2596933483870263,1,-0.6121339062692566,-0.4292901468837605,1.2111762779623128,0.21880726957482452,1.6489458192159838,0.15731945906803824,0.3574353973694499,-0.15271329321819993,-1.165051404308234,-0.6761095304583609,-0.007719242858047555
-0.08420273231318058,2,-1.1599195173300647,1,-0.890779723588977,0.0999330154962399,1,-0.8681846510664204,1.1985150431545986,0,1.4337947584619528,0.389912032759361,-0.932273603340525,6,0.24111055585492935,1,-0.8157965348159317,-0.34403914787827244,0.5397814623541853,0,-0.6121339062692566,-0.4292901468837605,-0.6398221663309683,0.21880726957482452,-0.6553111850858345,0.15731945906803824,0.3574353973694499,-0.8099533035552652,-0.6113636082013505,-0.03437845070127261,-0.5750835929245423
0.7853684044622325,1,0.2973441331864223,1,1.8084768949041143,0.0999330154962399,1,-1.04765582245792,1.1985150431545986,1,-1.1572623510021414,0.389912032759361,-0.932273603340525,2,0.24111055585492935,0,-0.6844879966931342,0.7892895418299863,0.14004405698357952,1,1.843827149058193,2.3294268625987633,1.2111762779623128,0.21880726957482452,1.0088744291321454,-2.1552765892321264,-2.521633282811873,-0.9742633061395315,-1.165051404308234,-0.6761095304583609,-1.142447942991037
0.350582836074526,1,-0.2648489502615625,1,0.21346162034001492,0.0999330154962399,5,1.5752577190710608,1.1985150431545986,0,0.3093737486945157,0.389912032759361,-0.02544667403658987,2,0.24111055585492935,1,-0.012647223967752808,1.7645546301296045,-0.6594307537576322,0,-1.1579030296753563,-0.4292901468837605,-1.565321388477609,0.21880726957482452,-0.14325407301876378,-0.61354589036535,1.7969697374601115,0.5045267171188654,1.3265436781727418,2.2116803284485362,-0.007719242858047555
1.872332325431499,2,-1.5889616073298425,1,-0.031925344977538815,-0.8633557240412861,1,1.5489133269401985,-1.557913295991049,0,0.016046528755184336,0.389912032759361,-0.02544667403658987,6,0.24111055585492935,1,-0.7405809644349118,1.1487681152918459,0.14004405698357952,0,-1.1579030296753563,-0.4292901468837605,0.2856770558156722,1.383139165592895,-0.2712683510355315,2.469915507368203,-1.0820989427212115,-0.48133329838673256,-0.3345197101479087,-0.03437845070127261,-0.2914014178912949
2.3071178938192056,2,-1.6086876804332806,1,1.6857834122453375,1.063221755033766,3,-1.4214168858145293,1.1985150431545986,0,1.3360190184821756,0.389912032759361,0.8813802552673452,0,1.152834072528232,1,0.8349090196760001,-1.5267715099769434,-0.6594307537576322,0,-0.8850184679723064,-0.4292901468837605,1.2111762779623128,0.21880726957482452,3.6971742674842667,0.15731945906803824,-1.0820989427212115,5.433826794646855,1.6033875762261836,4.1368735677198005,0.5596451072084472
-1.497255829573227,2,-0.9182751218129483,2,-0.27731231029509257,0.0999330154962399,1,1.1092912832564334,0.279705596772716,1,1.5804583684316185,0.389912032759361,-0.932273603340525,8,1.152834072528232,0,-0.8727393960083424,1.518803029008067,-0.6594307537576322,1,1.570942587355143,2.3294268625987633,-0.6398221663309683,0.21880726957482452,-1.0393540191361377,-0.61354589036535,0.3574353973694499,-0.6456433009709989,-0.6113636082013505,-0.6761095304583609,-0.5750835929245423
-0.6276846927978138,1,-0.8763572164681425,2,-0.5226992756126463,0.0999330154962399,2,-1.0361301509006677,1.1985150431545986,0,0.84714031858329,0.389912032759361,-0.932273603340525,8,-0.6706129608183733,0,-0.7635280876020026,-1.4642779756711228,-0.6594307537576322,0,-1.1579030296753563,-0.4292901468837605,0.2856770558156722,0.21880726957482452,-1.1673682971529054,1.6990501579348147,-1.0820989427212115,-0.8099533035552652,-0.6113636082013505,-0.03437845070127261,-0.5750835929245423
0.1331900518806727,2,0.06802853335895481,1,-1.0134732062477538,1.063221755033766,1,-0.5010096857425267,-0.6391038496091666,0,-1.646141050901027,1.792164480848073,-0.02544667403658987,0,1.152834072528232,2,0.2639930942132866,0.7137061456087574,-1.0591681591282378,0,-0.6121339062692566,-0.4292901468837605,0.2856770558156722,-0.9455246264432461,-0.14325407301876378,0.9281848085014265,-1.0820989427212115,0.34021671453459906,0.7728558820658583,-0.3552439905798167,1.1270094572749418
0.1331900518806727,2,-0.9922478959508411,1,-0.890779723588977,-0.8633557240412861,3,1.003913714732984,1.1985150431545986,0,-0.619495781113367,-1.012340415329351,0.8813802552673452,4,0.24111055585492935,1,0.2918271047215171,-0.015948092772714643,0.14004405698357952,1,1.025173463949043,-0.4292901468837605,1.2111762779623128,0.21880726957482452,-0.14325407301876378,2.469915507368203,1.7969697374601115,-0.31702329580246624,-0.05767581209446695,-0.6761095304583609,-0.5750835929245423
-0.9537738690885937,2,0.4822760685311541,1,-0.031925344977538815,0.0999330154962399,3,-0.1618256370576741,0.279705596772716,0,0.50492522865407,0.389912032759361,-0.932273603340525,6,0.24111055585492935,0,-0.851067113017201,-0.6303270955765583,0.9395188677247911,0,0.7522889022459932,-0.4292901468837605,-0.6398221663309683,0.21880726957482452,-0.6553111850858345,-0.61354589036535,0.3574353973694499,-0.8099533035552652,-0.6113636082013505,-0.03437845070127261,-0.5750835929245423
-1.171166653282447,2,0.32939900197950917,2,-1.0134732062477538,0.0999330154962399,1,-0.9093477637708928,0.279705596772716,1,-0.47283217114370135,0.389912032759361,-0.02544667403658987,7,0.24111055585492935,1,-0.2308573674177739,0.8225068258303775,-0.6594307537576322,0,0.47940434054294323,-0.4292901468837605,-0.6398221663309683,0.21880726957482452,-0.39928262905229917,0.15731945906803824,0.3574353973694499,0.17590671195033272,0.7728558820658583,1.569949248691448,0.8433272822416945
-1.0624702611855203,2,0.8817290488757749,1,0.9496225162926761,0.0999330154962399,5,-1.3094532192583643,0.279705596772716,1,-0.7661593910830328,0.389912032759361,-0.932273603340525,6,-0.6706129608183733,1,-0.7063727530469338,-0.13347534760460686,-1.0591681591282378,1,0.2065197788398933,-0.4292901468837605,1.2111762779623128,0.21880726957482452,-0.6553111850858345,0.15731945906803824,-1.0820989427212115,-0.31702329580246624,-0.6113636082013505,-0.3552439905798167,-0.8587657679577896
-0.5189883007008872,2,-0.666767689744113,1,-0.890779723588977,0.0999330154962399,5,1.6625235180045423,1.1985150431545986,1,0.5538130986439586,0.389912032759361,-0.932273603340525,6,-1.582336477491676,2,-0.8378937645323896,-0.42567484584533527,-0.6594307537576322,0,-0.3392493445662066,-0.4292901468837605,1.2111762779623128,-0.9455246264432461,-0.9113397411193699,0.9281848085014265,0.3574353973694499,-0.48133329838673256,-0.6113636082013505,-0.3552439905798167,-0.5750835929245423
0.024493659783746062,2,0.4378924040484185,1,-1.0134732062477538,0.0999330154962399,1,0.27614988211791214,1.1985150431545986,0,-0.5217200411335899,-1.012340415329351,-0.02544667403658987,4,1.152834072528232,1,0.0194362537936427,-0.6124516927458394,-0.6594307537576322,0,-0.6121339062692566,-0.4292901468837605,-0.6398221663309683,0.21880726957482452,0.36880303904830697,-0.61354589036535,-1.0820989427212115,1.1617667274559307,1.0496997801193,0.2864870891772715,1.978055982374684
-0.845077476991667,2,-0.8147132380198985,2,0.09076813768123806,0.0999330154962399,3,1.0236720088311309,0.279705596772716,1,-1.2061502209920298,-1.012340415329351,-0.02544667403658987,7,0.24111055585492935,2,-0.10911013061459758,1.2809334952764528,2.5384684892072147,0,-1.1579030296753563,-0.4292901468837605,0.2856770558156722,-0.9455246264432461,-0.39928262905229917,-0.61354589036535,0.3574353973694499,-0.31702329580246624,-0.6113636082013505,-0.3552439905798167,-0.007719242858047555
1.0027611886560859,2,-0.38320538888219086,1,-1.0134732062477538,1.063221755033766,3,-1.2188943713085252,1.1985150431545986,1,1.4826826284518413,0.389912032759361,0.8813802552673452,0,-1.582336477491676,0,0.6402834194810445,-0.2736635461825286,1.738993678466003,0,0.2065197788398933,-0.4292901468837605,0.2856770558156722,0.21880726957482452,0.7528458730986101,0.15731945906803824,0.3574353973694499,-0.48133329838673256,-0.6113636082013505,-0.6761095304583609,-0.2914014178912949
-0.08420273231318058,2,-0.5927949156062203,1,0.3361551029987918,1.063221755033766,1,0.9643971265366905,0.279705596772716,0,0.45603735866418144,0.389912032759361,-0.02544667403658987,4,0.24111055585492935,1,-0.3653530059804452,-0.2662037324027797,2.5384684892072147,1,-0.8850184679723064,-0.4292901468837605,-0.6398221663309683,1.383139165592895,-0.5272969070690668,-0.61354589036535,0.3574353973694499,-0.6456433009709989,-0.6113636082013505,-0.3552439905798167,-0.8587657679577896
-0.5189883007008872,2,0.5759749157724849,1,-0.031925344977538815,0.0999330154962399,3,-1.380253773110057,-1.557913295991049,0,-1.2550380909819183,0.389912032759361,-0.932273603340525,2,-1.582336477491676,2,-0.46372817289121415,-0.5754341262538781,1.738993678466003,0,1.843827149058193,2.3294268625987633,-1.565321388477609,-0.9455246264432461,-0.14325407301876378,-0.61354589036535,1.7969697374601115,-0.31702329580246624,-0.05767581209446695,-0.6761095304583609,-0.007719242858047555
-0.7363810848947404,2,-1.3769063214678834,1,-0.27731231029509257,0.0999330154962399,3,0.9561645039957961,-0.6391038496091666,1,-0.9128230010526984,-1.012340415329351,-0.932273603340525,6,-0.6706129608183733,1,-0.9012108266045477,-1.261736993990772,-0.6594307537576322,0,-0.8850184679723064,-0.4292901468837605,-0.6398221663309683,0.21880726957482452,-0.6553111850858345,0.15731945906803824,-1.0820989427212115,-0.15271329321819993,-0.05767581209446695,-0.3552439905798167,-0.8587657679577896
-0.6276846927978138,0,-0.5237536597441871,2,-0.890779723588977,1.063221755033766,1,0.48690501916481077,1.1985150431545986,0,-0.47283217114370135,0.389912032759361,0.8813802552673452,7,0.24111055585492935,0,0.7371712728532058,-0.7568624274255058,-0.6594307537576322,1,1.025173463949043,-0.4292901468837605,-1.565321388477609,0.21880726957482452,-0.14325407301876378,1.6990501579348147,-1.0820989427212115,0.5045267171188654,1.0496997801193,2.2116803284485362,0.5596451072084472
-0.30159551650703387,2,0.026110628014148922,2,-0.15461882763631568,-0.8633557240412861,5,1.3085207487460797,-0.6391038496091666,1,1.2382432785023985,1.792164480848073,-0.02544667403658987,7,0.24111055585492935,1,0.08849009665757343,1.1000681989183911,-0.6594307537576322,0,1.570942587355143,2.3294268625987633,0.2856770558156722,1.383139165592895,-0.14325407301876378,1.6990501579348147,0.3574353973694499,0.5045267171188654,1.0496997801193,0.6073526290558157,1.1270094572749418
0.7853684044622325,1,-0.4867672726752407,0,-1.0134732062477538,2.026510494571292,0,1.0104998127656997,-1.557913295991049,1,-1.4505895709414727,0.389912032759361,-0.02544667403658987,1,1.152834072528232,1,-0.13588177430953688,-0.536164540507653,0.5397814623541853,1,-1.1579030296753563,-0.4292901468837605,0.2856770558156722,-0.9455246264432461,0.36880303904830697,0.15731945906803824,0.3574353973694499,0.5045267171188654,0.7728558820658583,-0.6761095304583609,-0.5750835929245423
2.3071178938192056,1,-0.04539638698581405,1,-0.890779723588977,-1.8266444635788122,1,-0.18158393115582086,1.1985150431545986,1,-0.47283217114370135,-1.012340415329351,-0.932273603340525,2,1.152834072528232,0,-0.8504296929292262,-0.1306603235367771,2.5384684892072147,1,-0.3392493445662066,-0.4292901468837605,1.2111762779623128,0.21880726957482452,-1.0393540191361377,0.15731945906803824,-1.0820989427212115,-0.9742633061395315,-1.165051404308234,-0.6761095304583609,-1.142447942991037
0.7853684044622325,2,0.33433052025536864,1,-0.7680862409302001,0.0999330154962399,1,0.5017237397384209,-1.557913295991049,1,1.0915796685327328,0.389912032759361,-0.932273603340525,2,-1.582336477491676,1,-0.8542542134570748,0.05020497282128457,0.5397814623541853,0,-0.8850184679723064,-0.4292901468837605,0.2856770558156722,-0.9455246264432461,-0.14325407301876378,0.9281848085014265,1.7969697374601115,-0.6456433009709989,-0.6113636082013505,-0.3552439905798167,-0.5750835929245423
-0.6276846927978138,2,0.6893998361172538,2,0.09076813768123806,-0.8633557240412861,3,1.4550614299740015,0.279705596772716,0,0.9449160585630672,0.389912032759361,-0.02544667403658987,7,1.152834072528232,0,0.042595850323391776,0.8167360264913265,-0.2596933483870263,1,-1.1579030296753563,-0.4292901468837605,1.2111762779623128,0.21880726957482452,-0.39928262905229917,-0.61354589036535,0.3574353973694499,-0.31702329580246624,-0.6113636082013505,-0.3552439905798167,-0.007719242858047555
0.1331900518806727,2,0.7017286318069026,1,2.421944308197999,0.0999330154962399,5,-1.2435922389312086,1.1985150431545986,1,-0.619495781113367,0.389912032759361,-0.02544667403658987,4,1.152834072528232,1,-0.02582057245256421,-1.4254306435350723,0.14004405698357952,0,0.7522889022459932,-0.4292901468837605,-1.565321388477609,0.21880726957482452,-0.2712683510355315,0.15731945906803824,-2.521633282811873,0.011596709366066407,0.7728558820658583,-0.3552439905798167,0.8433272822416945
-1.2798630453793736,2,-1.5273176288815986,1,-0.890779723588977,-1.8266444635788122,3,-0.2869614996792702,-1.557913295991049,1,-0.0817292112245928,1.792164480848073,-0.932273603340525,6,-1.582336477491676,2,-0.628607502314015,1.0302556020362132,1.738993678466003,0,-0.6121339062692566,-0.4292901468837605,0.2856770558156722,-0.9455246264432461,-0.6553111850858345,0.15731945906803824,-1.0820989427212115,-0.48133329838673256,-0.3345197101479087,-0.6761095304583609,-0.8587657679577896
-0.19289912441010723,2,1.1307707218066805,1,-1.0134732062477538,1.063221755033766,1,-0.3330641859082793,1.1985150431545986,0,-1.303925960971807,1.792164480848073,-0.932273603340525,6,0.24111055585492935,2,-0.823658049234287,-0.1423426734182706,0.14004405698357952,0,-0.6121339062692566,-0.4292901468837605,0.2856770558156722,-0.9455246264432461,-0.5272969070690668,-2.1552765892321264,0.3574353973694499,-0.8099533035552652,-0.6113636082013505,-0.03437845070127261,-0.5750835929245423
-0.08420273231318058,2,-1.5075915557781605,1,-0.27731231029509257,1.063221755033766,4,-0.1305416714022751,-0.6391038496091666,1,-0.0817292112245928,0.389912032759361,-0.932273603340525,6,1.152834072528232,2,-0.36216590554057143,1.2640433508694744,-0.2596933483870263,0,0.7522889022459932,-0.4292901468837605,0.2856770558156722,-0.9455246264432461,-0.39928262905229917,2.469915507368203,0.3574353973694499,-0.15271329321819993,-0.6113636082013505,-0.6761095304583609,-0.8587657679577896
-0.08420273231318058,2,-0.5977264338820798,2,-0.7680862409302001,0.0999330154962399,3,1.6394721748900378,-1.557913295991049,0,1.3360190184821756,-1.012340415329351,0.8813802552673452,7,1.152834072528232,1,0.2680300881037933,-0.2276379026735121,-1.0591681591282378,0,1.025173463949043,-0.4292901468837605,0.2856770558156722,1.383139165592895,-0.14325407301876378,-0.61354589036535,0.3574353973694499,0.34021671453459906,0.7728558820658583,0.2864870891772715,-0.007719242858047555
0.24188644397759934,1,-0.08238277405476042,2,1.3177029642690068,0.0999330154962399,1,1.290408979156112,0.279705596772716,1,0.7982524485934014,0.389912032759361,-0.02544667403658987,7,1.152834072528232,0,-0.4792387283652663,0.6862596609474174,-0.2596933483870263,0,0.7522889022459932,-0.4292901468837605,1.2111762779623128,0.21880726957482452,-0.5272969070690668,2.469915507368203,0.3574353973694499,-0.8099533035552652,-0.8882075062547923,-0.03437845070127261,-0.5750835929245423
-0.19289912441010723,2,0.023644868876219166,1,0.8269290336338992,0.0999330154962399,3,-1.6700420865495427,-1.557913295991049,1,0.84714031858329,1.792164480848073,-0.932273603340525,2,-0.6706129608183733,1,-0.8406559182469469,0.30496465095987724,-1.0591681591282378,0,-0.6121339062692566,-0.4292901468837605,0.2856770558156722,0.21880726957482452,-0.6553111850858345,1.6990501579348147,0.3574353973694499,-0.31702329580246624,-0.05767581209446695,-0.6761095304583609,-0.2914014178912949
0.4592792281714526,1,0.14200130749684753,1,0.09076813768123806,0.0999330154962399,1,-1.365435052536447,1.1985150431545986,1,1.18935540851251,-1.012340415329351,1.7882071845712804,3,-1.582336477491676,0,2.294388547775508,-0.20047292041895498,0.5397814623541853,0,-0.6121339062692566,-0.4292901468837605,-0.6398221663309683,0.21880726957482452,1.2649029851656808,-0.61354589036535,-1.0820989427212115,0.011596709366066407,0.4960119840124166,1.569949248691448,0.8433272822416945
-0.08420273231318058,2,-0.6643019306061833,2,-0.7680862409302001,-1.8266444635788122,1,-0.10090423025505497,0.279705596772716,1,-0.7661593910830328,-1.012340415329351,0.8813802552673452,7,1.152834072528232,1,0.8376711733905573,-1.2378092894142192,-0.6594307537576322,1,-1.1579030296753563,-0.4292901468837605,-1.565321388477609,0.21880726957482452,0.6248315950818424,2.469915507368203,0.3574353973694499,1.4903867326244633,0.7728558820658583,0.2864870891772715,0.8433272822416945
-0.845077476991667,1,-0.8812887347440019,2,-0.890779723588977,-0.8633557240412861,1,-1.0542419204906357,-0.6391038496091666,1,-1.1083744810122527,0.389912032759361,-0.02544667403658987,7,1.152834072528232,2,-0.3885126025101942,0.8371449509830922,-0.6594307537576322,0,0.7522889022459932,-0.4292901468837605,-1.565321388477609,-0.9455246264432461,-0.14325407301876378,0.15731945906803824,-1.0820989427212115,0.5045267171188654,0.7728558820658583,-0.6761095304583609,1.4106916323081893
-0.08420273231318058,1,-0.575534601640712,1,1.072315998951453,1.063221755033766,1,-1.0229579548352365,0.279705596772716,1,0.7004767086136243,1.792164480848073,-0.932273603340525,2,1.152834072528232,1,-0.5725145345722373,-1.012044359174273,0.5397814623541853,0,0.7522889022459932,-0.4292901468837605,1.2111762779623128,1.383139165592895,-0.9113397411193699,-0.61354589036535,0.3574353973694499,-0.9742633061395315,-1.165051404308234,-0.6761095304583609,-1.142447942991037
-0.41029190860396053,2,-1.4459475773299164,1,-0.27731231029509257,0.0999330154962399,3,-0.34788290648188935,0.279705596772716,1,-0.8639351310628098,0.389912032759361,0.8813802552673452,5,0.24111055585492935,1,1.1279097867817247,1.644353102433274,-1.0591681591282378,0,-1.1579030296753563,-0.4292901468837605,1.2111762779623128,-0.9455246264432461,0.36880303904830697,0.15731945906803824,1.7969697374601115,0.9974567248716644,1.3265436781727418,0.2864870891772715,0.8433272822416945
-0.08420273231318058,2,-0.7234801499164975,1,-0.7680862409302001,0.0999330154962399,5,-1.0394231999170256,0.279705596772716,1,-1.7928046608706927,0.389912032759361,-0.02544667403658987,6,-0.6706129608183733,2,-0.40317326453361335,1.6851709514168054,0.5397814623541853,0,-0.8850184679723064,-0.4292901468837605,1.2111762779623128,-0.9455246264432461,-0.14325407301876378,-0.61354589036535,0.3574353973694499,0.17590671195033272,-1.165051404308234,1.569949248691448,0.8433272822416945
0.1331900518806727,2,1.715155637496033,1,0.09076813768123806,0.0999330154962399,3,-0.6491968914786272,0.279705596772716,0,0.45603735866418144,0.389912032759361,-0.02544667403658987,0,0.24111055585492935,1,0.7312220186987749,1.1065427542743995,0.14004405698357952,0,1.025173463949043,-0.4292901468837605,0.2856770558156722,0.21880726957482452,0.8808601511153777,0.9281848085014265,0.3574353973694499,-0.9742633061395315,-1.165051404308234,-0.6761095304583609,-1.142447942991037
1.872332325431499,2,-1.0440288378473659,1,1.19500948161023,1.063221755033766,3,-0.37752034762910947,1.1985150431545986,0,1.3849068884720641,0.389912032759361,-0.02544667403658987,4,-1.582336477491676,0,-0.19069990187536498,1.1763553511565774,2.5384684892072147,1,-1.1579030296753563,-0.4292901468837605,-0.6398221663309683,1.383139165592895,-0.2712683510355315,0.9281848085014265,0.3574353973694499,-0.31702329580246624,-0.3345197101479087,-0.3552439905798167,-0.007719242858047555
0.024493659783746062,0,1.512963388185793,1,-0.5226992756126463,-0.8633557240412861,5,0.6779018621135627,0.279705596772716,1,0.84714031858329,1.792164480848073,-0.932273603340525,2,0.24111055585492935,2,-0.612459526751988,1.570458720652743,-1.0591681591282378,0,-0.3392493445662066,-0.4292901468837605,-1.565321388477609,-0.9455246264432461,-0.5272969070690668,-0.61354589036535,-2.521633282811873,-0.15271329321819993,0.2191680859589748,-0.3552439905798167,-0.2914014178912949
-0.41029190860396053,0,0.5883037114621337,2,-0.15461882763631568,-1.8266444635788122,1,0.02587815687471999,-0.6391038496091666,0,1.0426917985428443,-1.012340415329351,-0.932273603340525,8,1.152834072528232,2,-0.8585036807102397,1.0028091173748732,-1.0591681591282378,0,1.025173463949043,-0.4292901468837605,1.2111762779623128,-0.9455246264432461,-1.0393540191361377,-0.61354589036535,-1.0820989427212115,-0.8099533035552652,-0.6113636082013505,-0.03437845070127261,-0.5750835929245423
1.4375467570437923,2,-0.9601930271577542,2,2.299250825539222,0.0999330154962399,2,1.6905144346435836,1.1985150431545986,1,-1.3528138309616955,-1.012340415329351,0.8813802552673452,7,-1.582336477491676,0,0.9500695822367707,0.3200250297227664,0.5397814623541853,1,-0.6121339062692566,-0.4292901468837605,-0.6398221663309683,0.21880726957482452,1.136888707148913,0.15731945906803824,0.3574353973694499,-0.6456433009709989,-0.6113636082013505,-0.03437845070127261,-1.142447942991037
1.3288503649468657,2,-0.8122474788819688,1,1.3177029642690068,1.063221755033766,3,-1.4131842632736349,0.279705596772716,0,1.4337947584619528,0.389912032759361,-0.02544667403658987,4,-1.582336477491676,1,0.0391962765208598,-1.233446002109083,-0.6594307537576322,0,-0.3392493445662066,-0.4292901468837605,0.2856770558156722,-0.9455246264432461,0.6248315950818424,-0.61354589036535,-1.0820989427212115,1.326076730040197,1.8802314742796253,0.9282181689343597,1.978055982374684
-0.41029190860396053,1,-0.9108778443991591,2,-0.27731231029509257,0.0999330154962399,3,0.7388232689161819,1.1985150431545986,1,-0.619495781113367,0.389912032759361,-0.02544667403658987,7,-1.582336477491676,1,-0.42697028115133717,0.4424785766733607,-1.0591681591282378,0,-0.3392493445662066,-0.4292901468837605,-1.565321388477609,1.383139165592895,-0.7833254631026022,-0.61354589036535,0.3574353973694499,-0.48133329838673256,-0.3345197101479087,-0.6761095304583609,-0.2914014178912949
-1.0624702611855203,0,-1.4533448547437058,2,-1.0134732062477538,-1.8266444635788122,2,-0.953803925491723,0.279705596772716,1,0.3093737486945157,0.389912032759361,-0.02544667403658987,7,-0.6706129608183733,1,-0.007122916538638349,1.0971124236471699,-1.0591681591282378,1,-0.6121339062692566,-0.4292901468837605,1.2111762779623128,0.21880726957482452,-0.6553111850858345,-2.1552765892321264,0.3574353973694499,-0.31702329580246624,-0.05767581209446695,-0.3552439905798167,-0.007719242858047555
-0.9537738690885937,2,0.8817290488757749,1,-0.890779723588977,1.063221755033766,3,-0.968622646065333,-1.557913295991049,1,0.84714031858329,-2.414592863418063,-0.932273603340525,6,1.152834072528232,1,-0.620108567807685,1.4672880885667825,0.9395188677247911,1,-0.6121339062692566,-0.4292901468837605,1.2111762779623128,-0.9455246264432461,-0.7833254631026022,0.9281848085014265,-1.0820989427212115,-0.6456433009709989,-0.6113636082013505,-0.03437845070127261,-0.5750835929245423
0.24188644397759934,2,1.4389906140479,0,-0.890779723588977,0.0999330154962399,1,-0.19640265172943092,1.1985150431545986,0,-1.2061502209920298,-1.012340415329351,-0.02544667403658987,1,1.152834072528232,1,-0.2504049167823328,-0.9180225553087592,2.1387310838366087,0,-1.1579030296753563,-0.4292901468837605,0.2856770558156722,1.383139165592895,0.2407887610315393,-0.61354589036535,0.3574353973694499,-0.31702329580246624,-0.05767581209446695,-0.6761095304583609,-0.007719242858047555
-0.19289912441010723,2,-1.71471532336426,1,-0.890779723588977,0.0999330154962399,1,0.8903035236686402,-1.557913295991049,0,0.11382226873496147,0.389912032759361,-0.932273603340525,2,-1.582336477491676,0,-0.9154465419026503,1.7321818533495623,-0.6594307537576322,1,-0.8850184679723064,-0.4292901468837605,1.2111762779623128,0.21880726957482452,-1.295382575169673,-0.61354589036535,0.3574353973694499,-0.9742633061395315,-1.165051404308234,-0.6761095304583609,-1.142447942991037
1.4375467570437923,2,0.8052905155999524,1,-1.0134732062477538,-0.8633557240412861,3,-0.051508495009688106,1.1985150431545986,1,-0.03284134123470423,0.389912032759361,1.7882071845712804,5,1.152834072528232,0,2.3407077408350063,-1.083405219293757,2.5384684892072147,0,1.843827149058193,2.3294268625987633,0.2856770558156722,0.21880726957482452,2.6730600433501253,-1.3844112397987383,-1.0820989427212115,-0.31702329580246624,-0.05767581209446695,-0.3552439905798167,-0.2914014178912949
-0.08420273231318058,2,-1.4385502999161273,1,-0.40000579295386945,-0.8633557240412861,3,-1.4000120672082037,-0.6391038496091666,1,0.84714031858329,0.389912032759361,-0.02544667403658987,4,-0.6706129608183733,0,-0.3062854111614521,-1.6176967873678445,1.339256273095397,0,1.298058025652093,2.3294268625987633,1.2111762779623128,1.383139165592895,-0.5272969070690668,-2.1552765892321264,0.3574353973694499,-0.6456433009709989,-0.6113636082013505,-0.6761095304583609,-0.8587657679577896
-1.7146486137670802,2,-1.1401934442266266,2,-0.27731231029509257,-1.8266444635788122,2,1.2377201948943872,-0.6391038496091666,1,-1.743916790880804,0.389912032759361,-0.932273603340525,8,-0.6706129608183733,2,-0.78690015749441,-1.371663683839524,-0.6594307537576322,0,-0.6121339062692566,-0.4292901468837605,-0.6398221663309683,-0.9455246264432461,-1.295382575169673,0.15731945906803824,0.3574353973694499,-0.9742633061395315,-1.165051404308234,-0.3552439905798167,-1.142447942991037
1.4375467570437923,1,1.1011816121515234,0,-0.7680862409302001,0.0999330154962399,3,-0.6327316463968383,-1.557913295991049,1,1.5804583684316185,0.389912032759361,2.6950341138752156,3,-0.6706129608183733,1,2.5108989043242635,-0.8886055537999382,-0.6594307537576322,0,-1.1579030296753563,-0.4292901468837605,0.2856770558156722,0.21880726957482452,2.6730600433501253,-0.61354589036535,0.3574353973694499,4.119346773972724,0.2191680859589748,2.5325458683270803,0.8433272822416945
1.6549395412376458,2,0.4798103093932244,1,-0.27731231029509257,1.063221755033766,1,0.14772097047995827,-0.6391038496091666,1,0.9938039285529556,0.389912032759361,0.8813802552673452,0,-0.6706129608183733,2,0.863167976909547,0.142115508635926,1.738993678466003,0,1.025173463949043,-0.4292901468837605,1.2111762779623128,-0.9455246264432461,0.8808601511153777,0.9281848085014265,0.3574353973694499,0.17590671195033272,0.4960119840124166,0.6073526290558157,-1.142447942991037
-0.41029190860396053,2,1.1776201454273458,1,0.7042355509751225,-1.8266444635788122,3,-0.7348161659039298,-0.6391038496091666,1,-0.5217200411335899,0.389912032759361,0.8813802552673452,3,0.24111055585492935,1,1.5356461697229034,1.4506794465665869,1.738993678466003,1,-0.8850184679723064,-0.4292901468837605,1.2111762779623128,-0.9455246264432461,0.49681731706507465,-0.61354589036535,1.7969697374601115,0.011596709366066407,0.4960119840124166,1.569949248691448,0.8433272822416945
1.1114575807530125,2,0.49707062335873264,1,-0.6453927582714232,0.0999330154962399,1,1.3151068467787954,0.279705596772716,0,1.2382432785023985,-1.012340415329351,0.8813802552673452,4,-0.6706129608183733,0,0.8393709602918232,0.6979420108289108,2.1387310838366087,1,-0.8850184679723064,-0.4292901468837605,0.2856770558156722,0.21880726957482452,2.1610029312830545,0.9281848085014265,0.3574353973694499,2.476246748130061,1.8802314742796253,3.816008027841257,1.6943738073414365
-1.6059522216701536,2,1.0617294659446472,1,-1.0134732062477538,-0.8633557240412861,1,-0.2573240585320501,1.1985150431545986,1,-1.646141050901027,-1.012340415329351,-0.02544667403658987,4,1.152834072528232,1,-0.34155598936272136,0.6803481104049749,1.339256273095397,0,1.843827149058193,2.3294268625987633,-1.565321388477609,1.383139165592895,-0.9113397411193699,-0.61354589036535,-2.521633282811873,-0.8099533035552652,-0.6113636082013505,-0.03437845070127261,-0.5750835929245423
-0.9537738690885937,2,0.22337135904852956,1,-0.890779723588977,1.063221755033766,3,-0.3297711368919215,0.279705596772716,1,-1.0105987410324755,0.389912032759361,-0.932273603340525,6,0.24111055585492935,2,-0.42505802088741296,0.29018577460377104,1.339256273095397,0,0.47940434054294323,-0.4292901468837605,1.2111762779623128,-0.9455246264432461,-0.7833254631026022,0.15731945906803824,-1.0820989427212115,-0.8099533035552652,-0.6113636082013505,-0.03437845070127261,-0.8587657679577896
-0.41029190860396053,0,-0.6643019306061833,2,0.8269290336338992,0.0999330154962399,1,1.0747142685846764,0.279705596772716,0,-1.4994774409313611,0.389912032759361,-0.02544667403658987,7,1.152834072528232,0,-0.21555928530638002,0.25584248097624807,-0.6594307537576322,1,2.6624808341673427,2.3294268625987633,0.2856770558156722,0.21880726957482452,-0.5272969070690668,-0.61354589036535,0.3574353973694499,-0.15271329321819993,0.2191680859589748,-0.3552439905798167,-0.5750835929245423
0.350582836074526,2,-0.4177260168132075,2,-0.6453927582714232,1.063221755033766,2,-1.3390906604055846,0.279705596772716,1,0.016046528755184336,-1.012340415329351,0.8813802552673452,7,1.152834072528232,1,0.9502820555994289,-0.8107701383244456,1.738993678466003,0,-1.1579030296753563,-0.4292901468837605,-1.565321388477609,0.21880726957482452,0.49681731706507465,-0.61354589036535,-1.0820989427212115,0.8331467222873981,1.8802314742796253,-0.03437845070127261,1.978055982374684
-1.0624702611855203,1,-0.01580727733065696,2,-0.890779723588977,-1.8266444635788122,1,0.5642916710492188,1.1985150431545986,1,-1.1572623510021414,-2.414592863418063,-0.02544667403658987,7,1.152834072528232,2,-0.27866387401587983,0.8557241098307685,0.14004405698357952,0,1.298058025652093,2.3294268625987633,-0.6398221663309683,-0.9455246264432461,-0.39928262905229917,0.15731945906803824,0.3574353973694499,-0.15271329321819993,-0.6113636082013505,-0.6761095304583609,-1.142447942991037
0.350582836074526,2,-0.6322470618130964,1,-1.0134732062477538,1.063221755033766,1,1.619713880791891,-1.557913295991049,1,0.7982524485934014,0.389912032759361,-0.932273603340525,2,1.152834072528232,1,-0.8449053855001118,-1.4430245439590081,2.1387310838366087,0,1.025173463949043,-0.4292901468837605,0.2856770558156722,1.383139165592895,-0.39928262905229917,0.15731945906803824,-1.0820989427212115,-0.9742633061395315,-1.165051404308234,-0.6761095304583609,-1.142447942991037
1.9810287175284256,1,0.7189889457724109,1,-0.890779723588977,-1.8266444635788122,1,0.11149743130002257,1.1985150431545986,1,-0.0817292112245928,0.389912032759361,0.8813802552673452,4,-0.6706129608183733,1,0.9759913324810771,0.21122434950114646,0.14004405698357952,0,0.7522889022459932,-0.4292901468837605,-0.6398221663309683,0.21880726957482452,1.5209315411992161,0.9281848085014265,0.3574353973694499,-0.6456433009709989,-0.6113636082013505,-0.3552439905798167,-0.5750835929245423
-0.41029190860396053,2,0.5365227695656088,1,1.9311703775628912,0.0999330154962399,3,0.13125572539816932,-1.557913295991049,1,-0.5706079111234784,-1.012340415329351,-0.932273603340525,6,-0.6706129608183733,2,-0.8646654082273288,-1.5932060779777255,0.5397814623541853,1,1.298058025652093,2.3294268625987633,-0.6398221663309683,-0.9455246264432461,-0.7833254631026022,-2.1552765892321264,0.3574353973694499,-0.8099533035552652,-0.6113636082013505,-0.03437845070127261,-0.5750835929245423
0.024493659783746062,2,-0.43005481250285627,2,-1.0134732062477538,1.063221755033766,1,-0.0959646567305183,-1.557913295991049,1,-1.0105987410324755,-1.012340415329351,0.8813802552673452,7,0.24111055585492935,1,0.8980136083854998,0.08581502727933095,0.9395188677247911,0,-1.1579030296753563,-0.4292901468837605,0.2856770558156722,-0.9455246264432461,0.7528458730986101,-0.61354589036535,-2.521633282811873,1.1617667274559307,-0.8882075062547923,2.8534114082056243,0.8433272822416945
-0.30159551650703387,2,-0.7111513542268487,2,-0.7680862409302001,-0.8633557240412861,1,1.2360736703862083,1.1985150431545986,0,-1.6950289208909155,-2.414592863418063,-0.02544667403658987,7,1.152834072528232,2,-0.07511439258927784,1.5539908298559388,0.9395188677247911,0,-0.8850184679723064,-0.4292901468837605,-1.565321388477609,-0.9455246264432461,-0.6553111850858345,0.15731945906803824,0.3574353973694499,-0.8099533035552652,-0.6113636082013505,-0.03437845070127261,-0.5750835929245423
1.0027611886560859,2,-1.5569067385367557,2,-0.6453927582714232,-0.8633557240412861,2,0.41445794080493936,1.1985150431545986,0,-1.646141050901027,-1.012340415329351,2.6950341138752156,3,-0.6706129608183733,1,2.636045714929972,-0.6145629607967117,-0.2596933483870263,0,-0.3392493445662066,-0.4292901468837605,0.2856770558156722,0.21880726957482452,1.9049743752495192,-0.61354589036535,0.3574353973694499,0.6688367197031317,-0.05767581209446695,-0.6761095304583609,1.1270094572749418
0.1331900518806727,2,1.0987158530135936,2,0.5815420683163456,0.0999330154962399,1,0.9117083422749659,0.279705596772716,1,0.6515888386237357,0.389912032759361,-0.02544667403658987,7,-0.6706129608183733,1,0.7524693549645997,-0.2754933118266179,-1.0591681591282378,0,-1.1579030296753563,-0.4292901468837605,1.2111762779623128,0.21880726957482452,-0.14325407301876378,0.15731945906803824,0.3574353973694499,0.34021671453459906,1.0496997801193,1.569949248691448,0.8433272822416945
-0.7363810848947404,2,0.8348796252551095,1,-0.40000579295386945,0.0999330154962399,5,0.4655002005584851,-1.557913295991049,0,-0.9128230010526984,-1.012340415329351,-0.02544667403658987,2,1.152834072528232,1,-0.3730020470361421,1.3116172576157972,-1.0591681591282378,0,-0.8850184679723064,-0.4292901468837605,-1.565321388477609,0.21880726957482452,-0.14325407301876378,2.469915507368203,0.3574353973694499,0.34021671453459906,-0.6113636082013505,1.2490837088129039,0.8433272822416945
-0.30159551650703387,2,0.07296005163481432,0,-0.7680862409302001,-0.8633557240412861,0,-0.29848717123652246,0.279705596772716,1,1.0426917985428443,0.389912032759361,-0.932273603340525,1,1.152834072528232,1,-0.5621033398019831,-1.6987694805213414,-1.0591681591282378,0,1.025173463949043,-0.4292901468837605,0.2856770558156722,0.21880726957482452,-0.9113397411193699,-1.3844112397987383,-2.521633282811873,-0.6456433009709989,-0.6113636082013505,-0.6761095304583609,-0.5750835929245423
-0.30159551650703387,2,0.8151535521516714,1,-0.7680862409302001,0.0999330154962399,1,1.036844204896562,1.1985150431545986,0,-0.03284134123470423,0.389912032759361,-0.02544667403658987,6,-0.6706129608183733,0,-0.2017485167335939,0.7065278342357916,-0.6594307537576322,0,-0.8850184679723064,-0.4292901468837605,0.2856770558156722,0.21880726957482452,-0.0152397950019961,-0.61354589036535,0.3574353973694499,0.6688367197031317,1.0496997801193,1.569949248691448,1.4106916323081893
-0.08420273231318058,0,-1.2289607731920977,2,0.7042355509751225,1.063221755033766,2,1.6592304689881845,1.1985150431545986,1,1.0426917985428443,-2.414592863418063,-0.02544667403658987,7,1.152834072528232,0,-0.2074852975253666,-0.5455948711348828,-0.6594307537576322,0,2.389596272464293,2.3294268625987633,-1.565321388477609,0.21880726957482452,0.49681731706507465,0.9281848085014265,-1.0820989427212115,1.326076730040197,2.1570753723330673,2.8534114082056243,1.978055982374684
-0.19289912441010723,2,0.8546056983585476,0,2.0538638602216683,1.063221755033766,1,1.6658165670209002,0.279705596772716,0,-1.743916790880804,0.389912032759361,0.8813802552673452,1,1.152834072528232,2,0.5215108097550837,0.3279070971126897,-0.6594307537576322,1,0.2065197788398933,-0.4292901468837605,0.2856770558156722,-0.9455246264432461,-0.2712683510355315,-0.61354589036535,0.3574353973694499,0.34021671453459906,-1.165051404308234,-0.3552439905798167,0.8433272822416945
-0.19289912441010723,2,1.175154386289416,1,0.8269290336338992,0.0999330154962399,1,-0.7282300678712142,1.1985150431545986,1,0.2604858787046272,0.389912032759361,0.8813802552673452,0,0.24111055585492935,1,0.26548040775189435,-0.002435977247131825,0.5397814623541853,1,-0.8850184679723064,-0.4292901468837605,0.2856770558156722,-0.9455246264432461,-0.14325407301876378,-0.61354589036535,0.3574353973694499,0.17590671195033272,0.7728558820658583,-0.6761095304583609,-1.142447942991037
0.350582836074526,2,-0.4645754404338729,2,-0.27731231029509257,1.063221755033766,3,1.1718592145672313,-0.6391038496091666,1,1.0426917985428443,0.389912032759361,2.6950341138752156,3,-0.6706129608183733,2,2.857867905545183,-1.4023474461788683,-0.6594307537576322,0,-0.3392493445662066,-0.4292901468837605,-0.6398221663309683,-0.9455246264432461,1.2649029851656808,0.15731945906803824,-1.0820989427212115,2.311936745545795,1.0496997801193,3.1742769480841684,1.1270094572749418
-1.3885594374763002,2,1.3650178399100075,2,-0.7680862409302001,-0.8633557240412861,4,-1.4823382926171484,-1.557913295991049,0,-1.646141050901027,0.389912032759361,-0.02544667403658987,7,0.24111055585492935,1,-0.2939619561272737,0.45134590248702444,-1.0591681591282378,0,1.570942587355143,2.3294268625987633,-1.565321388477609,0.21880726957482452,-0.9113397411193699,-0.61354589036535,-1.0820989427212115,-0.6456433009709989,-0.6113636082013505,-0.6761095304583609,-0.5750835929245423
1.7636359333345724,2,1.4217303000823918,2,-0.890779723588977,-0.8633557240412861,3,-0.07785288714055044,0.279705596772716,1,-1.0594866110223642,0.389912032759361,1.7882071845712804,3,0.24111055585492935,0,1.7995380861444479,-0.052684156857892926,1.339256273095397,0,-0.6121339062692566,-0.4292901468837605,0.2856770558156722,0.21880726957482452,1.3929172631824485,0.15731945906803824,1.7969697374601115,1.6546967352087296,2.433919270386509,4.1368735677198005,-0.5750835929245423
-0.5189883007008872,2,0.4378924040484185,1,-0.890779723588977,0.0999330154962399,3,1.0582490235028876,1.1985150431545986,1,-1.0594866110223642,0.389912032759361,-0.02544667403658987,6,-0.6706129608183733,0,-0.1938870023152387,1.5772147784155344,-1.0591681591282378,0,-0.6121339062692566,-0.4292901468837605,0.2856770558156722,1.383139165592895,-0.14325407301876378,0.9281848085014265,-1.0820989427212115,0.34021671453459906,0.2191680859589748,-0.3552439905798167,0.5596451072084472
-0.9537738690885937,1,-1.258549882847255,1,-0.890779723588977,-0.8633557240412861,3,0.783279430637012,0.279705596772716,1,-1.4017017009515842,-1.012340415329351,-0.932273603340525,2,-1.582336477491676,2,-0.8119720142880833,-1.2607517355670317,1.738993678466003,0,-1.1579030296753563,-0.4292901468837605,0.2856770558156722,-0.9455246264432461,-0.39928262905229917,-0.61354589036535,-1.0820989427212115,-1.138573308723798,-1.165051404308234,-0.6761095304583609,-1.142447942991037
1.9810287175284256,2,1.0592637068067174,1,-0.6453927582714232,1.063221755033766,1,0.7783398571124753,1.1985150431545986,1,-1.7928046608706927,0.389912032759361,-0.02544667403658987,0,0.24111055585492935,1,-0.49878627772982514,0.2576722466203374,-1.0591681591282378,1,0.2065197788398933,-0.4292901468837605,-0.6398221663309683,-0.9455246264432461,-0.9113397411193699,-0.61354589036535,0.3574353973694499,-0.6456433009709989,-0.6113636082013505,-0.3552439905798167,-0.5750835929245423
-0.7363810848947404,2,-1.1895086269852218,1,-0.890779723588977,0.0999330154962399,1,-0.7907979991820123,0.279705596772716,0,-1.1572623510021414,-2.414592863418063,-0.02544667403658987,4,1.152834072528232,2,-0.061941044104466436,1.4751701559567059,-0.2596933483870263,0,1.298058025652093,2.3294268625987633,0.2856770558156722,-0.9455246264432461,-0.0152397950019961,-0.61354589036535,0.3574353973694499,-0.31702329580246624,-0.05767581209446695,-0.6761095304583609,-0.5750835929245423
-1.171166653282447,1,0.21597408163474027,1,-0.5226992756126463,-0.8633557240412861,3,-0.2968406467283436,0.279705596772716,0,1.0426917985428443,-1.012340415329351,-0.932273603340525,6,0.24111055585492935,1,-0.8534043200064417,0.9269442187468613,-0.6594307537576322,1,-0.3392493445662066,-0.4292901468837605,-1.565321388477609,0.21880726957482452,-0.39928262905229917,-0.61354589036535,0.3574353973694499,0.17590671195033272,0.7728558820658583,-0.3552439905798167,0.8433272822416945
-1.497255829573227,2,1.093784334737734,1,-0.40000579295386945,0.0999330154962399,1,-0.3577620535309627,0.279705596772716,1,-0.17950495120436993,1.792164480848073,-0.932273603340525,2,-1.582336477491676,1,-1.0159464424400018,-1.5295865340447732,-0.6594307537576322,1,1.570942587355143,2.3294268625987633,0.2856770558156722,1.383139165592895,-1.295382575169673,-0.61354589036535,0.3574353973694499,-1.138573308723798,-1.165051404308234,-0.6761095304583609,-1.142447942991037
1.5462431491407191,2,0.911318158530932,1,-0.27731231029509257,1.063221755033766,3,-1.3456767584383,-0.6391038496091666,1,-1.5972531809111383,-1.012340415329351,-0.02544667403658987,4,0.24111055585492935,1,-0.05322963623547825,-0.04635035270527598,-0.2596933483870263,0,0.47940434054294323,-0.4292901468837605,0.2856770558156722,-0.9455246264432461,-0.14325407301876378,-0.61354589036535,0.3574353973694499,-0.9742633061395315,-1.165051404308234,-0.6761095304583609,-1.142447942991037
0.5679756202683792,2,0.3269332428415794,1,-1.0134732062477538,-0.8633557240412861,1,-0.33141766140010037,1.1985150431545986,0,-1.1572623510021414,-1.012340415329351,-0.02544667403658987,4,1.152834072528232,1,-0.06810277162155565,-1.4442913047895316,2.5384684892072147,1,-0.6121339062692566,-0.4292901468837605,1.2111762779623128,0.21880726957482452,-0.39928262905229917,0.9281848085014265,0.3574353973694499,-0.48133329838673256,-0.3345197101479087,-0.6761095304583609,-0.5750835929245423
-0.19289912441010723,2,1.3403602485307098,1,2.1765573428804452,-1.8266444635788122,3,-0.2836684506629124,0.279705596772716,0,-0.6683836511032556,-1.012340415329351,-0.932273603340525,6,-1.582336477491676,2,-0.8123969610133998,0.49821605321638984,-0.6594307537576322,0,-1.1579030296753563,-0.4292901468837605,1.2111762779623128,-0.9455246264432461,-0.6553111850858345,0.15731945906803824,-1.0820989427212115,-0.15271329321819993,0.2191680859589748,-0.3552439905798167,-0.8587657679577896
-0.19289912441010723,2,-0.44484936733043484,2,-1.0134732062477538,0.0999330154962399,2,-0.7051787247567097,-0.6391038496091666,1,0.8960281885731786,0.389912032759361,-0.02544667403658987,7,0.24111055585492935,1,-0.3538794443968997,0.6118022743533204,2.5384684892072147,0,-1.1579030296753563,-0.4292901468837605,0.2856770558156722,-0.9455246264432461,0.49681731706507465,-0.61354589036535,0.3574353973694499,0.6688367197031317,1.3265436781727418,1.2490837088129039,1.4106916323081893
-1.8233450058640068,2,1.3872096721513754,1,0.09076813768123806,-1.8266444635788122,3,-0.5388797494306412,1.1985150431545986,1,-1.6950289208909155,0.389912032759361,-0.932273603340525,6,0.24111055585492935,2,-1.141730673133685,1.7856673106383276,-0.6594307537576322,1,-1.1579030296753563,-0.4292901468837605,1.2111762779623128,-0.9455246264432461,-1.295382575169673,1.6990501579348147,0.3574353973694499,-0.9742633061395315,-1.165051404308234,-0.3552439905798167,-0.8587657679577896
-0.9537738690885937,2,-0.15635554819265315,2,2.0538638602216683,0.0999330154962399,1,0.5906360631800812,0.279705596772716,1,-0.9128230010526984,-1.012340415329351,-0.02544667403658987,7,-1.582336477491676,1,-0.352392130858292,1.3962087308540811,-0.6594307537576322,0,-1.1579030296753563,-0.4292901468837605,0.2856770558156722,0.21880726957482452,-0.7833254631026022,-2.1552765892321264,0.3574353973694499,-0.31702329580246624,-0.3345197101479087,-0.6761095304583609,-0.007719242858047555
-0.845077476991667,2,0.35159083422087695,1,0.7042355509751225,-1.8266444635788122,1,0.2860290291669855,-0.6391038496091666,0,0.11382226873496147,-2.414592863418063,-0.932273603340525,6,1.152834072528232,1,-0.8954740458127749,1.7763777312144895,-1.0591681591282378,1,0.7522889022459932,-0.4292901468837605,-1.565321388477609,0.21880726957482452,-0.6553111850858345,-0.61354589036535,-1.0820989427212115,-0.31702329580246624,-0.05767581209446695,-0.3552439905798167,-0.2914014178912949
0.6766720123653059,2,0.4502211997380673,1,0.3361551029987918,0.0999330154962399,1,-0.8369006854110214,-1.557913295991049,1,-0.3750564311639242,-1.012340415329351,1.7882071845712804,5,-0.6706129608183733,0,1.6899018310127916,-1.4029104509924342,-0.6594307537576322,0,-1.1579030296753563,-0.4292901468837605,0.2856770558156722,0.21880726957482452,1.7769600972327515,0.15731945906803824,0.3574353973694499,2.96917675588286,1.6033875762261836,0.2864870891772715,1.4106916323081893
0.350582836074526,1,0.25296046870368666,1,2.0538638602216683,-0.8633557240412861,3,0.2498054899870498,0.279705596772716,0,1.2382432785023985,-1.012340415329351,-0.02544667403658987,6,1.152834072528232,1,-0.416559086381083,0.969873335781265,0.14004405698357952,1,-0.6121339062692566,-0.4292901468837605,1.2111762779623128,0.21880726957482452,0.6248315950818424,0.15731945906803824,-2.521633282811873,-0.9742633061395315,-0.8882075062547923,-0.6761095304583609,-1.142447942991037
-0.845077476991667,2,1.4833742785306359,1,-0.40000579295386945,-1.8266444635788122,3,0.26956378408519654,-0.6391038496091666,0,-0.619495781113367,0.389912032759361,-0.932273603340525,2,1.152834072528232,1,-0.6908621975728817,1.6931937700101203,-0.6594307537576322,0,-0.6121339062692566,-0.4292901468837605,-1.565321388477609,0.21880726957482452,-0.14325407301876378,1.6990501579348147,0.3574353973694499,0.5045267171188654,1.0496997801193,-0.6761095304583609,1.1270094572749418
1.0027611886560859,2,1.2811820292203957,2,-0.7680862409302001,0.0999330154962399,5,1.3743817290732356,-1.557913295991049,0,-1.0594866110223642,1.792164480848073,1.7882071845712804,7,-1.582336477491676,0,1.4538439250994777,-0.9252008666817251,-0.2596933483870263,0,-0.8850184679723064,-0.4292901468837605,1.2111762779623128,0.21880726957482452,1.7769600972327515,1.6990501579348147,0.3574353973694499,1.9833167403772622,3.5412948626002763,-0.03437845070127261,1.1270094572749418
0.7853684044622325,1,-0.9133436035370888,1,-1.0134732062477538,-0.8633557240412861,3,1.257478488992534,0.279705596772716,1,1.5804583684316185,0.389912032759361,-0.932273603340525,6,-0.6706129608183733,0,-0.8585036807102397,-0.4532620817100669,-0.6594307537576322,1,-0.8850184679723064,-0.4292901468837605,0.2856770558156722,2.5474710616109655,-0.6553111850858345,-0.61354589036535,-1.0820989427212115,-0.31702329580246624,-0.3345197101479087,-0.03437845070127261,-0.2914014178912949
1.1114575807530125,2,-1.0859467431921719,1,-0.890779723588977,1.063221755033766,3,0.6828414356380994,-1.557913295991049,0,0.7493645786035128,0.389912032759361,1.7882071845712804,5,0.24111055585492935,1,2.291838867423609,1.7440049544344474,0.14004405698357952,0,1.025173463949043,-0.4292901468837605,-0.6398221663309683,1.383139165592895,1.9049743752495192,-0.61354589036535,1.7969697374601115,2.1476267429615286,3.5412948626002763,0.9282181689343597,0.5596451072084472
-0.5189883007008872,1,-0.9108778443991591,1,1.8084768949041143,1.063221755033766,1,-0.42197650934993963,-1.557913295991049,1,0.6515888386237357,0.389912032759361,-0.02544667403658987,2,1.152834072528232,1,-0.2280952137032167,0.9618505171879502,-0.6594307537576322,0,-0.06636478286315664,-0.4292901468837605,1.2111762779623128,1.383139165592895,-0.14325407301876378,-0.61354589036535,0.3574353973694499,0.5045267171188654,1.0496997801193,0.6073526290558157,0.8433272822416945
0.1331900518806727,2,-1.0785494657783825,1,-1.0134732062477538,-1.8266444635788122,1,-0.6030942052496182,0.279705596772716,0,-1.1572623510021414,0.389912032759361,-0.932273603340525,6,-1.582336477491676,2,-0.7996485592539049,0.035003842855003894,0.14004405698357952,0,0.47940434054294323,-0.4292901468837605,1.2111762779623128,-0.9455246264432461,-0.39928262905229917,0.15731945906803824,-1.0820989427212115,-1.138573308723798,-1.165051404308234,-0.6761095304583609,-1.142447942991037
1.5462431491407191,2,-0.07251973750304139,0,-0.5226992756126463,0.0999330154962399,1,0.5330077053938199,0.279705596772716,1,0.84714031858329,0.389912032759361,1.7882071845712804,3,-0.6706129608183733,0,1.6240350885887347,0.46105773552103707,-0.6594307537576322,1,-1.1579030296753563,-0.4292901468837605,-0.6398221663309683,0.21880726957482452,2.801074321366893,-0.61354589036535,0.3574353973694499,4.283656776556991,1.3265436781727418,-0.6761095304583609,1.6943738073414365
2.3071178938192056,0,-1.0095082099163493,1,-1.0134732062477538,1.063221755033766,1,-0.9982600872125531,1.1985150431545986,1,-1.6950289208909155,-2.414592863418063,-0.02544667403658987,0,0.24111055585492935,0,-0.1535170634101715,0.38617809531676567,-0.2596933483870263,1,-0.6121339062692566,-0.4292901468837605,1.2111762779623128,0.21880726957482452,0.1127744830147716,-0.61354589036535,0.3574353973694499,-0.31702329580246624,-0.3345197101479087,-0.3552439905798167,-0.5750835929245423
-0.19289912441010723,2,-1.4903312418126522,2,-1.0134732062477538,0.0999330154962399,3,-0.6722482345931318,-1.557913295991049,0,0.6515888386237357,0.389912032759361,-0.02544667403658987,7,0.24111055585492935,2,-0.32370822689942846,-1.0717228694122638,-0.6594307537576322,0,0.2065197788398933,-0.4292901468837605,1.2111762779623128,-0.9455246264432461,-0.7833254631026022,0.15731945906803824,0.3574353973694499,-0.31702329580246624,-0.05767581209446695,-0.6761095304583609,-0.2914014178912949
0.8940647965591592,2,1.5992649580133345,1,2.421944308197999,0.0999330154962399,5,0.7190649748180351,-0.6391038496091666,1,-0.5706079111234784,0.389912032759361,0.8813802552673452,4,1.152834072528232,1,0.6368838456785125,0.057383284194250435,0.5397814623541853,1,0.7522889022459932,-0.4292901468837605,1.2111762779623128,1.383139165592895,-0.14325407301876378,0.9281848085014265,1.7969697374601115,-0.6456433009709989,-0.8882075062547923,-0.3552439905798167,-0.5750835929245423
2.0897251096253524,2,0.0803573290486036,1,-0.031925344977538815,0.0999330154962399,3,-0.4384417544317286,0.279705596772716,1,0.7004767086136243,0.389912032759361,1.7882071845712804,0,1.152834072528232,1,1.0029754495386745,0.8596651435257302,1.738993678466003,0,-1.1579030296753563,-0.4292901468837605,0.2856770558156722,-0.9455246264432461,2.41703148731659,-1.3844112397987383,-1.0820989427212115,0.5045267171188654,0.7728558820658583,-0.3552439905798167,-0.8587657679577896
0.024493659783746062,2,-1.6654001406056649,1,-0.7680862409302001,0.0999330154962399,4,0.055515598021940116,1.1985150431545986,0,-1.5483653109212498,0.389912032759361,-0.02544667403658987,0,-0.6706129608183733,2,-0.48348819561843126,-0.06535176516312682,0.14004405698357952,0,-0.06636478286315664,-0.4292901468837605,-1.565321388477609,-0.9455246264432461,-0.39928262905229917,0.15731945906803824,-1.0820989427212115,-0.48133329838673256,-0.3345197101479087,-0.6761095304583609,-0.8587657679577896
0.024493659783746062,1,1.1800859045652756,2,-1.0134732062477538,1.063221755033766,3,1.1059982342400756,0.279705596772716,1,-1.743916790880804,-2.414592863418063,-0.02544667403658987,7,1.152834072528232,0,0.6676924832639586,-0.9339274412919972,-0.6594307537576322,0,-0.3392493445662066,-0.4292901468837605,0.2856770558156722,1.383139165592895,-0.6553111850858345,-0.61354589036535,-1.0820989427212115,-0.15271329321819993,-0.3345197101479087,-0.3552439905798167,-0.2914014178912949
0.24188644397759934,2,0.2554262278416164,2,-0.890779723588977,2.026510494571292,1,-0.07126678910783485,-1.557913295991049,1,-1.2550380909819183,1.792164480848073,0.8813802552673452,7,0.24111055585492935,2,0.31817380169113996,-1.6541513490462396,-1.0591681591282378,0,0.7522889022459932,-0.4292901468837605,1.2111762779623128,-0.9455246264432461,-0.2712683510355315,0.15731945906803824,0.3574353973694499,0.17590671195033272,0.7728558820658583,-0.6761095304583609,0.8433272822416945
-0.19289912441010723,2,0.048302460255516745,1,-0.890779723588977,0.0999330154962399,1,0.2530985390034076,0.279705596772716,1,-1.1083744810122527,-1.012340415329351,0.8813802552673452,4,-0.6706129608183733,0,0.8268350318949866,0.7425601423040125,-0.2596933483870263,0,0.7522889022459932,-0.4292901468837605,-0.6398221663309683,0.21880726957482452,0.49681731706507465,-0.61354589036535,1.7969697374601115,0.011596709366066407,0.7728558820658583,1.2490837088129039,-0.007719242858047555
1.872332325431499,2,0.696797113531043,2,-0.890779723588977,1.063221755033766,1,0.06868779408737127,0.279705596772716,0,-1.2550380909819183,-1.012340415329351,0.8813802552673452,7,0.24111055585492935,1,0.914374057310185,-0.8332903308670836,1.339256273095397,0,-1.1579030296753563,-0.4292901468837605,-0.6398221663309683,0.21880726957482452,0.2407887610315393,0.9281848085014265,0.3574353973694499,0.34021671453459906,-0.05767581209446695,1.569949248691448,-1.142447942991037
-0.5189883007008872,0,0.7633726102551465,1,2.421944308197999,1.063221755033766,3,0.029171205891077783,1.1985150431545986,0,0.11382226873496147,0.389912032759361,-0.932273603340525,2,0.24111055585492935,2,-0.5009110113564076,-0.4472097799642329,2.5384684892072147,0,-0.8850184679723064,-0.4292901468837605,-0.6398221663309683,-0.9455246264432461,-0.14325407301876378,-0.61354589036535,0.3574353973694499,0.17590671195033272,0.7728558820658583,1.569949248691448,0.8433272822416945
1.220153972849939,2,-0.6643019306061833,2,2.421944308197999,-1.8266444635788122,3,-0.9142873372954294,-1.557913295991049,0,1.18935540851251,0.389912032759361,0.8813802552673452,3,0.24111055585492935,1,1.3006506306228807,1.3604579251926434,0.14004405698357952,0,1.570942587355143,2.3294268625987633,-0.6398221663309683,0.21880726957482452,0.49681731706507465,0.15731945906803824,-2.521633282811873,-1.138573308723798,-1.165051404308234,-0.6761095304583609,-1.142447942991037
-0.41029190860396053,1,0.06802853335895481,1,-1.0134732062477538,1.063221755033766,4,-0.049861970501509215,0.279705596772716,0,0.84714031858329,1.792164480848073,-0.02544667403658987,0,-0.6706129608183733,1,-0.19006248178739021,0.8232105818473349,-0.6594307537576322,1,-0.6121339062692566,-0.4292901468837605,-1.565321388477609,0.21880726957482452,-0.6553111850858345,-0.61354589036535,0.3574353973694499,-0.15271329321819993,0.2191680859589748,-0.3552439905798167,-0.5750835929245423
-0.6276846927978138,2,-1.3571802483644453,2,-0.40000579295386945,1.063221755033766,1,-1.4247099348308871,-0.6391038496091666,1,0.45603735866418144,-2.414592863418063,-0.02544667403658987,7,0.24111055585492935,1,-0.044730701729148316,0.9045647774076148,0.5397814623541853,1,0.7522889022459932,-0.4292901468837605,-0.6398221663309683,-0.9455246264432461,0.1127744830147716,0.15731945906803824,-1.0820989427212115,0.011596709366066407,0.7728558820658583,1.569949248691448,0.8433272822416945
1.0027611886560859,2,-0.6741649671579023,2,-1.0134732062477538,-0.8633557240412861,2,-1.2913414496683966,-0.6391038496091666,0,1.2382432785023985,0.389912032759361,0.8813802552673452,7,-1.582336477491676,0,0.8648677638108131,-1.713689108080839,-0.6594307537576322,0,2.6624808341673427,2.3294268625987633,0.2856770558156722,2.5474710616109655,1.6489458192159838,-0.61354589036535,0.3574353973694499,2.804866753298594,2.433919270386509,4.1368735677198005,0.8433272822416945
0.1331900518806727,2,-0.2747119868132815,1,1.6857834122453375,1.063221755033766,1,-1.046009297949741,1.1985150431545986,1,0.7493645786035128,0.389912032759361,-0.02544667403658987,0,1.152834072528232,0,-0.1354568275842204,0.6455825631672775,2.5384684892072147,0,-0.3392493445662066,-0.4292901468837605,-0.6398221663309683,0.21880726957482452,-0.14325407301876378,-0.61354589036535,0.3574353973694499,-0.8099533035552652,-0.6113636082013505,-0.3552439905798167,-0.5750835929245423
0.1331900518806727,2,1.2861135474962553,2,-1.0134732062477538,1.063221755033766,1,1.5917229641528499,1.1985150431545986,1,0.9449160585630672,0.389912032759361,-0.02544667403658987,7,-0.6706129608183733,1,-0.41273456585323454,-0.9396982406310482,-1.0591681591282378,0,-0.06636478286315664,-0.4292901468837605,-1.565321388477609,1.383139165592895,0.6248315950818424,0.15731945906803824,0.3574353973694499,1.326076730040197,2.433919270386509,0.9282181689343597,1.1270094572749418
0.6766720123653059,2,0.9359757499102296,2,-0.890779723588977,0.0999330154962399,3,1.115877381289149,1.1985150431545986,1,0.3093737486945157,0.389912032759361,-0.02544667403658987,7,1.152834072528232,1,0.3111621807234178,-1.1602553763455095,-0.6594307537576322,1,0.47940434054294323,-0.4292901468837605,-1.565321388477609,0.21880726957482452,-0.14325407301876378,0.15731945906803824,0.3574353973694499,0.5045267171188654,1.3265436781727418,1.890814788569992,1.1270094572749418
0.024493659783746062,1,0.2209055999105998,1,-0.031925344977538815,0.0999330154962399,3,-1.0295440528679523,-0.6391038496091666,1,-0.6683836511032556,0.389912032759361,-0.932273603340525,6,1.152834072528232,1,-0.8619032545127717,-0.40836244782818226,-0.6594307537576322,1,-0.8850184679723064,-0.4292901468837605,0.2856770558156722,2.5474710616109655,-0.9113397411193699,0.15731945906803824,-1.0820989427212115,-0.48133329838673256,-0.6113636082013505,-0.3552439905798167,-0.5750835929245423
0.24188644397759934,2,0.8940578445654237,2,-0.7680862409302001,-0.8633557240412861,3,-0.9603900235244386,1.1985150431545986,0,-1.2550380909819183,0.389912032759361,-0.02544667403658987,7,0.24111055585492935,1,-0.24318082245195233,0.4878004641654198,0.5397814623541853,1,0.7522889022459932,-0.4292901468837605,-1.565321388477609,-0.9455246264432461,0.1127744830147716,0.15731945906803824,-1.0820989427212115,-0.9742633061395315,-1.165051404308234,-0.6761095304583609,-1.142447942991037
-0.9537738690885937,2,0.911318158530932,0,-0.15461882763631568,-0.8633557240412861,3,-0.26226363205658676,-0.6391038496091666,1,-0.17950495120436993,-1.012340415329351,-0.932273603340525,1,1.152834072528232,0,-0.30734777797474333,1.358628159548554,-0.6594307537576322,0,-0.6121339062692566,-0.4292901468837605,1.2111762779623128,0.21880726957482452,-0.6553111850858345,2.469915507368203,0.3574353973694499,-0.31702329580246624,-0.8882075062547923,-0.6761095304583609,-0.007719242858047555
-0.19289912441010723,1,0.9852909326688247,1,1.072315998951453,1.063221755033766,1,1.68063528759451,0.279705596772716,1,0.6515888386237357,0.389912032759361,-0.02544667403658987,0,0.24111055585492935,1,-0.1473553358930823,1.4471606664817998,-0.6594307537576322,1,-0.3392493445662066,-0.4292901468837605,1.2111762779623128,1.383139165592895,-0.14325407301876378,-0.61354589036535,1.7969697374601115,0.5045267171188654,-0.6113636082013505,-0.6761095304583609,-0.5750835929245423
-0.7363810848947404,2,-1.2610156419851846,1,-0.890779723588977,0.0999330154962399,1,-1.5004500622071164,0.279705596772716,1,1.5804583684316185,-1.012340415329351,-0.02544667403658987,0,1.152834072528232,1,-0.4739268942988101,0.21361711995880175,-0.6594307537576322,0,1.025173463949043,-0.4292901468837605,-1.565321388477609,2.5474710616109655,-0.0152397950019961,0.15731945906803824,0.3574353973694499,0.6688367197031317,1.6033875762261836,2.5325458683270803,1.1270094572749418
0.24188644397759934,2,-0.9552615088818946,1,0.4588485856575687,1.063221755033766,3,0.4589141025257696,0.279705596772716,0,1.3360190184821756,-1.012340415329351,1.7882071845712804,3,-0.6706129608183733,0,2.28206509274133,0.4253069298595992,1.339256273095397,1,-0.6121339062692566,-0.4292901468837605,1.2111762779623128,1.383139165592895,1.2649029851656808,0.9281848085014265,0.3574353973694499,1.9833167403772622,1.3265436781727418,4.1368735677198005,-0.5750835929245423
0.6766720123653059,2,0.058165496807235775,1,-0.40000579295386945,0.0999330154962399,3,1.3793213025977722,-1.557913295991049,0,0.7004767086136243,-1.012340415329351,2.6950341138752156,3,0.24111055585492935,1,2.7641671526128957,1.1579169435122927,1.738993678466003,0,-0.6121339062692566,-0.4292901468837605,1.2111762779623128,-0.9455246264432461,1.2649029851656808,-0.61354589036535,0.3574353973694499,1.4903867326244633,2.1570753723330673,1.2490837088129039,2.829102507474426
-1.0624702611855203,2,0.432960885772559,1,-0.27731231029509257,0.0999330154962399,3,-0.4351487054153708,1.1985150431545986,0,-0.5706079111234784,-1.012340415329351,-0.02544667403658987,0,-1.582336477491676,2,0.09103977700947241,1.2788222272255805,2.1387310838366087,0,1.025173463949043,-0.4292901468837605,-1.565321388477609,-0.9455246264432461,-0.2712683510355315,-0.61354589036535,-2.521633282811873,0.011596709366066407,0.4960119840124166,-0.6761095304583609,0.8433272822416945
0.5679756202683792,2,-0.8319735519854068,2,0.5815420683163456,-0.8633557240412861,3,-0.15194649000860075,0.279705596772716,0,0.06493439874507291,-1.012340415329351,-0.02544667403658987,7,0.24111055585492935,2,-0.02943261961775443,-0.9132370143934486,1.738993678466003,0,0.47940434054294323,-0.4292901468837605,-1.565321388477609,-0.9455246264432461,-0.14325407301876378,2.469915507368203,0.3574353973694499,-0.31702329580246624,-0.05767581209446695,-0.6761095304583609,-0.2914014178912949
-0.6276846927978138,2,-0.809781719744039,1,-0.6453927582714232,0.0999330154962399,3,1.461647528006717,-1.557913295991049,0,-0.2283928211942585,1.792164480848073,-0.932273603340525,2,0.24111055585492935,0,-0.5108972594013453,0.24190811184049077,2.1387310838366087,0,-0.8850184679723064,-0.4292901468837605,-0.6398221663309683,0.21880726957482452,-0.9113397411193699,-2.1552765892321264,-1.0820989427212115,-0.8099533035552652,-0.6113636082013505,-0.03437845070127261,-0.5750835929245423
0.24188644397759934,2,0.7954274790482334,1,-0.40000579295386945,0.0999330154962399,3,-0.15853258804131634,1.1985150431545986,1,0.16271013872485005,0.389912032759361,-0.932273603340525,2,-1.582336477491676,1,-0.8453303322254283,-1.4088220015348767,1.738993678466003,1,1.570942587355143,2.3294268625987633,1.2111762779623128,-0.9455246264432461,-0.39928262905229917,-0.61354589036535,-2.521633282811873,-0.8099533035552652,-0.6113636082013505,-0.03437845070127261,-0.5750835929245423
-0.845077476991667,2,-0.259917431985703,1,-1.0134732062477538,0.0999330154962399,1,0.38811354867407705,1.1985150431545986,0,0.9938039285529556,-1.012340415329351,1.7882071845712804,5,1.152834072528232,0,2.06980420344574,-1.5326830605193857,0.14004405698357952,0,-0.3392493445662066,-0.4292901468837605,-0.6398221663309683,1.383139165592895,-0.2712683510355315,-0.61354589036535,-1.0820989427212115,0.011596709366066407,0.7728558820658583,-0.3552439905798167,0.8433272822416945
1.3288503649468657,1,-0.40293146198562896,1,0.09076813768123806,1.063221755033766,1,-1.0410697244252045,0.279705596772716,0,-1.5483653109212498,0.389912032759361,2.6950341138752156,5,-1.582336477491676,2,2.6096990179603488,1.5879118698732875,2.5384684892072147,1,-1.1579030296753563,-0.4292901468837605,1.2111762779623128,-0.9455246264432461,1.3929172631824485,0.9281848085014265,0.3574353973694499,-0.6456433009709989,-0.6113636082013505,-0.3552439905798167,-0.5750835929245423
0.1331900518806727,2,1.490771555944425,2,-1.0134732062477538,0.0999330154962399,1,1.5357411308747673,-1.557913295991049,1,-0.3750564311639242,-1.012340415329351,-0.932273603340525,8,-1.582336477491676,2,-0.7488674255785835,-0.39963587321791005,0.5397814623541853,0,-0.3392493445662066,-0.4292901468837605,-1.565321388477609,-0.9455246264432461,1.136888707148913,0.15731945906803824,-1.0820989427212115,-0.9742633061395315,-1.165051404308234,-0.6761095304583609,-1.142447942991037
-0.19289912441010723,2,1.4685797237030573,1,-0.031925344977538815,1.063221755033766,3,1.6131277827591755,-0.6391038496091666,1,-0.9128230010526984,0.389912032759361,-0.02544667403658987,6,0.24111055585492935,2,-0.2729270932241071,0.6172915712855884,-0.6594307537576322,0,1.025173463949043,-0.4292901468837605,-0.6398221663309683,-0.9455246264432461,-0.14325407301876378,1.6990501579348147,0.3574353973694499,0.5045267171188654,0.7728558820658583,-0.6761095304583609,1.1270094572749418
0.5679756202683792,2,0.026110628014148922,1,1.6857834122453375,2.026510494571292,1,-0.922519959836324,-1.557913295991049,0,-1.1083744810122527,0.389912032759361,1.7882071845712804,5,1.152834072528232,2,2.041757719574851,0.2236104553995974,-0.2596933483870263,0,-0.3392493445662066,-0.4292901468837605,-0.6398221663309683,-0.9455246264432461,0.6248315950818424,-0.61354589036535,0.3574353973694499,-0.9742633061395315,-1.165051404308234,-0.6761095304583609,-1.142447942991037
-0.6276846927978138,1,-0.5878633973303607,1,-0.7680862409302001,0.0999330154962399,1,0.8376147394069156,1.1985150431545986,0,-1.646141050901027,0.389912032759361,-0.932273603340525,6,0.24111055585492935,2,-0.488375082959571,-1.4295124284334253,-0.6594307537576322,0,-0.8850184679723064,-0.4292901468837605,-1.565321388477609,-0.9455246264432461,-0.5272969070690668,-0.61354589036535,-2.521633282811873,0.011596709366066407,-0.6113636082013505,1.569949248691448,0.8433272822416945
-0.30159551650703387,2,1.0839212981860151,2,0.4588485856575687,1.063221755033766,3,1.5192758857929785,1.1985150431545986,1,-1.3528138309616955,0.389912032759361,0.8813802552673452,7,0.24111055585492935,0,0.4771038769595098,1.2106986447841004,-0.6594307537576322,0,0.7522889022459932,-0.4292901468837605,0.2856770558156722,0.21880726957482452,-0.2712683510355315,-0.61354589036535,-1.0820989427212115,0.17590671195033272,0.7728558820658583,-0.3552439905798167,-0.8587657679577896
-0.08420273231318058,2,1.54255249784095,1,0.5815420683163456,-1.8266444635788122,1,-0.1717047841067475,0.279705596772716,1,0.06493439874507291,0.389912032759361,-0.02544667403658987,0,1.152834072528232,1,0.04323327041136652,-1.335912878178086,-1.0591681591282378,1,0.47940434054294323,-0.4292901468837605,-1.565321388477609,0.21880726957482452,0.7528458730986101,-0.61354589036535,-1.0820989427212115,1.4903867326244633,1.0496997801193,0.6073526290558157,1.978055982374684
-1.0624702611855203,1,0.07296005163481432,2,-0.15461882763631568,-1.8266444635788122,2,-0.37587382312093054,0.279705596772716,1,0.84714031858329,0.389912032759361,-0.02544667403658987,7,1.152834072528232,1,-0.4335569553937429,1.364680461294388,-1.0591681591282378,0,1.025173463949043,-0.4292901468837605,-0.6398221663309683,0.21880726957482452,-0.7833254631026022,0.15731945906803824,0.3574353973694499,-0.48133329838673256,-0.6113636082013505,-0.3552439905798167,-0.8587657679577896
0.350582836074526,0,0.7263862231862002,2,2.299250825539222,0.0999330154962399,4,-0.6804808571340263,0.279705596772716,1,-0.42394430115381276,-2.414592863418063,0.8813802552673452,7,-1.582336477491676,0,0.966642504524114,-0.4137109935570588,0.14004405698357952,0,-0.06636478286315664,-0.4292901468837605,0.2856770558156722,0.21880726957482452,1.136888707148913,-0.61354589036535,0.3574353973694499,-0.9742633061395315,-1.165051404308234,-0.6761095304583609,-0.8587657679577896
-0.30159551650703387,2,0.4230978492208399,2,-1.0134732062477538,0.0999330154962399,5,0.8343216903905578,1.1985150431545986,1,-0.13061708121448137,-1.012340415329351,0.8813802552673452,7,0.24111055585492935,1,0.14883253165251598,-0.2849236424538476,-0.6594307537576322,1,-0.3392493445662066,-0.4292901468837605,1.2111762779623128,-0.9455246264432461,-0.14325407301876378,0.15731945906803824,0.3574353973694499,0.5045267171188654,1.3265436781727418,1.890814788569992,0.5596451072084472
0.6766720123653059,2,0.49707062335873264,1,-0.27731231029509257,0.0999330154962399,1,-0.9505108764753651,0.279705596772716,0,-1.1572623510021414,0.389912032759361,0.8813802552673452,0,-1.582336477491676,1,0.7654302300867528,-0.7108367839164893,2.1387310838366087,0,0.2065197788398933,-0.4292901468837605,-1.565321388477609,0.21880726957482452,-0.14325407301876378,-1.3844112397987383,-1.0820989427212115,-0.9742633061395315,-1.165051404308234,-0.6761095304583609,-1.142447942991037
-0.6276846927978138,2,-1.1673167947438539,2,-0.15461882763631568,-0.8633557240412861,1,0.6993066807198883,-1.557913295991049,1,-1.743916790880804,0.389912032759361,0.8813802552673452,7,1.152834072528232,0,0.9371087071146176,-0.8341348380874325,-0.6594307537576322,0,0.7522889022459932,-0.4292901468837605,-1.565321388477609,0.21880726957482452,0.2407887610315393,1.6990501579348147,0.3574353973694499,0.9974567248716644,0.7728558820658583,2.2116803284485362,1.4106916323081893
0.4592792281714526,2,-0.3881369071580504,1,-1.0134732062477538,0.0999330154962399,1,1.5983090621855653,1.1985150431545986,1,0.45603735866418144,0.389912032759361,-0.932273603340525,6,1.152834072528232,1,-0.7650154011406104,0.999290337290086,0.14004405698357952,0,1.843827149058193,2.3294268625987633,-1.565321388477609,0.21880726957482452,0.1127744830147716,0.15731945906803824,0.3574353973694499,-0.31702329580246624,-0.3345197101479087,-0.3552439905798167,-1.142447942991037
-0.6276846927978138,1,0.8028247564620227,1,-1.0134732062477538,0.0999330154962399,1,1.5275085083338729,1.1985150431545986,1,-0.9128230010526984,-2.414592863418063,-0.02544667403658987,6,-1.582336477491676,1,-0.2931120626766407,-1.2021992349561728,-0.6594307537576322,0,1.570942587355143,2.3294268625987633,-0.6398221663309683,-0.9455246264432461,-0.14325407301876378,2.469915507368203,0.3574353973694499,0.5045267171188654,1.0496997801193,1.890814788569992,0.8433272822416945
0.8940647965591592,1,1.226935328185941,1,-1.0134732062477538,1.063221755033766,3,1.4715266750557905,-0.6391038496091666,1,-1.1083744810122527,0.389912032759361,-0.02544667403658987,0,0.24111055585492935,2,-0.20897261106397433,0.027966282685429514,0.5397814623541853,0,-0.8850184679723064,-0.4292901468837605,0.2856770558156722,-0.9455246264432461,0.1127744830147716,0.15731945906803824,0.3574353973694499,-0.48133329838673256,-0.6113636082013505,-0.6761095304583609,-0.2914014178912949
-0.41029190860396053,1,-0.718548631640638,2,0.09076813768123806,0.0999330154962399,2,-0.9587434990162597,-0.6391038496091666,1,-1.0105987410324755,-1.012340415329351,-0.02544667403658987,7,1.152834072528232,2,-0.3613160120899384,-1.4068514846873958,0.14004405698357952,0,-0.3392493445662066,-0.4292901468837605,0.2856770558156722,-0.9455246264432461,-0.2712683510355315,2.469915507368203,-1.0820989427212115,0.011596709366066407,0.7728558820658583,-0.6761095304583609,-0.8587657679577896
-1.0624702611855203,2,1.0370718745653495,1,-0.5226992756126463,0.0999330154962399,1,-0.9785017931144064,0.279705596772716,0,0.8960281885731786,0.389912032759361,-0.932273603340525,6,-0.6706129608183733,2,-0.8296073033887179,0.9325742668825208,-0.6594307537576322,1,-0.8850184679723064,-0.4292901468837605,-0.6398221663309683,-0.9455246264432461,-0.9113397411193699,-0.61354589036535,-1.0820989427212115,-0.48133329838673256,-0.3345197101479087,-0.3552439905798167,-0.5750835929245423
-0.08420273231318058,1,0.208576804220951,1,1.6857834122453375,-0.8633557240412861,3,1.700393581692657,0.279705596772716,1,-1.2550380909819183,1.792164480848073,-0.02544667403658987,2,1.152834072528232,1,-0.8098472806615008,-0.2846421400470646,0.5397814623541853,0,0.47940434054294323,-0.4292901468837605,0.2856770558156722,0.21880726957482452,0.7528458730986101,0.15731945906803824,0.3574353973694499,-0.31702329580246624,-0.6113636082013505,-0.6761095304583609,-0.2914014178912949
-0.41029190860396053,2,-1.3127965838817095,1,1.4403964469277837,0.0999330154962399,3,1.1027051852237177,-0.6391038496091666,1,0.6027009686338471,1.792164480848073,-0.932273603340525,2,-0.6706129608183733,1,-0.9252203165849296,-0.09505026907873072,-0.6594307537576322,0,0.7522889022459932,-0.4292901468837605,1.2111762779623128,2.5474710616109655,0.36880303904830697,2.469915507368203,0.3574353973694499,1.1617667274559307,1.8802314742796253,-0.03437845070127261,2.545420332441178
-0.6276846927978138,2,-0.3190956512960172,1,2.0538638602216683,-1.8266444635788122,1,-1.6667490375331848,-1.557913295991049,1,-1.743916790880804,0.389912032759361,-0.932273603340525,6,0.24111055585492935,0,-0.7376063373576963,0.1207213257204199,-0.6594307537576322,0,0.47940434054294323,-0.4292901468837605,1.2111762779623128,0.21880726957482452,-0.7833254631026022,-1.3844112397987383,-1.0820989427212115,-0.31702329580246624,-0.6113636082013505,0.6073526290558157,-0.2914014178912949
-1.9320413979609334,1,-0.4867672726752407,2,-1.0134732062477538,-1.8266444635788122,5,-1.3061601702420067,0.279705596772716,0,1.629346238421507,-2.414592863418063,-0.932273603340525,8,-1.582336477491676,2,-0.8621157278754299,0.9397525782554866,-1.0591681591282378,0,1.570942587355143,2.3294268625987633,-1.565321388477609,-0.9455246264432461,-1.295382575169673,1.6990501579348147,1.7969697374601115,-1.138573308723798,-1.165051404308234,-0.6761095304583609,-1.142447942991037
-0.5189883007008872,1,1.2614559561169576,1,-0.27731231029509257,0.0999330154962399,1,-1.1019911312278237,-0.6391038496091666,1,1.629346238421507,1.792164480848073,-0.932273603340525,2,-0.6706129608183733,1,-0.7624657207887114,1.6537834330605037,-0.6594307537576322,0,1.298058025652093,2.3294268625987633,0.2856770558156722,-0.9455246264432461,-0.7833254631026022,0.15731945906803824,-2.521633282811873,-0.31702329580246624,-0.8882075062547923,-0.6761095304583609,-0.2914014178912949
-0.08420273231318058,0,-1.4360845407781975,1,1.072315998951453,1.063221755033766,1,0.17241883810264172,-1.557913295991049,1,0.5538130986439586,0.389912032759361,-0.02544667403658987,4,1.152834072528232,2,0.29671399206265686,1.2563020346829425,-0.2596933483870263,0,1.298058025652093,2.3294268625987633,-1.565321388477609,-0.9455246264432461,0.8808601511153777,-2.1552765892321264,0.3574353973694499,0.6688367197031317,1.3265436781727418,-0.6761095304583609,1.4106916323081893
0.024493659783746062,2,1.0839212981860151,0,-0.15461882763631568,-0.8633557240412861,4,1.2607715380088917,0.279705596772716,1,1.0915796685327328,0.389912032759361,-0.02544667403658987,1,-0.6706129608183733,0,-0.49113723667412823,-0.2083549878088783,-0.2596933483870263,0,-0.6121339062692566,-0.4292901468837605,0.2856770558156722,-0.9455246264432461,1.0088744291321454,0.9281848085014265,-1.0820989427212115,0.5045267171188654,-1.165051404308234,0.6073526290558157,0.8433272822416945
-0.9537738690885937,2,0.849674180082688,2,0.09076813768123806,-1.8266444635788122,3,0.04563645097286674,1.1985150431545986,1,0.3582616186844043,0.389912032759361,-0.932273603340525,8,-0.6706129608183733,1,-1.13259431853938,1.2768517103780996,-0.6594307537576322,0,1.843827149058193,2.3294268625987633,-0.6398221663309683,-0.9455246264432461,-1.295382575169673,1.6990501579348147,0.3574353973694499,-0.9742633061395315,-1.165051404308234,-0.6761095304583609,-1.142447942991037
-1.2798630453793736,2,0.39350873956568283,2,2.299250825539222,0.0999330154962399,1,-1.3917794446673093,-1.557913295991049,1,-1.2550380909819183,-1.012340415329351,-0.02544667403658987,7,0.24111055585492935,1,0.4794410839487505,1.4810817064991484,-0.2596933483870263,0,0.7522889022459932,-0.4292901468837605,1.2111762779623128,-0.9455246264432461,-0.6553111850858345,0.15731945906803824,0.3574353973694499,-0.8099533035552652,-0.6113636082013505,-0.03437845070127261,-0.5750835929245423
-0.845077476991667,2,0.013781832324500134,1,-1.0134732062477538,-0.8633557240412861,1,-0.3495294309900682,-0.6391038496091666,0,-1.4994774409313611,-1.012340415329351,-0.932273603340525,2,-1.582336477491676,1,-0.8633905680513794,-1.072989630242787,-0.6594307537576322,1,-1.1579030296753563,-0.4292901468837605,1.2111762779623128,0.21880726957482452,-1.295382575169673,-1.3844112397987383,0.3574353973694499,-0.9742633061395315,-1.165051404308234,-0.6761095304583609,-1.142447942991037
-0.845077476991667,2,0.758441091979287,1,2.299250825539222,1.063221755033766,1,0.15101401949631607,0.279705596772716,0,1.2871311484922872,0.389912032759361,-0.932273603340525,6,1.152834072528232,0,-0.8219582623330209,1.7813040233331916,0.5397814623541853,0,1.843827149058193,2.3294268625987633,-1.565321388477609,0.21880726957482452,-0.0152397950019961,-1.3844112397987383,0.3574353973694499,0.011596709366066407,0.2191680859589748,-0.3552439905798167,0.8433272822416945
0.4592792281714526,0,-1.3621117666403046,1,-0.27731231029509257,-1.8266444635788122,1,0.01105943630110993,-0.6391038496091666,0,-0.5706079111234784,-2.414592863418063,2.6950341138752156,5,0.24111055585492935,0,2.8876141763173377,0.8405229798644879,-0.6594307537576322,0,1.843827149058193,2.3294268625987633,-0.6398221663309683,1.383139165592895,1.2649029851656808,0.15731945906803824,0.3574353973694499,2.311936745545795,3.2644509645468345,0.9282181689343597,1.6943738073414365
-0.7363810848947404,2,1.0863870573239447,0,-0.031925344977538815,0.0999330154962399,0,-1.3901329201591304,0.279705596772716,1,-0.9128230010526984,0.389912032759361,-0.02544667403658987,1,1.152834072528232,1,-0.007547863263954846,-0.04649110390866747,-1.0591681591282378,1,1.025173463949043,-0.4292901468837605,1.2111762779623128,-0.9455246264432461,0.1127744830147716,-0.61354589036535,-2.521633282811873,0.6688367197031317,1.3265436781727418,0.6073526290558157,0.8433272822416945
0.24188644397759934,2,1.1184419261170317,1,0.09076813768123806,-1.8266444635788122,3,1.270650685057965,0.279705596772716,1,-0.0817292112245928,0.389912032759361,0.8813802552673452,5,0.24111055585492935,2,1.5046250587747991,-0.9005694060882147,1.738993678466003,0,1.570942587355143,2.3294268625987633,0.2856770558156722,-0.9455246264432461,-0.2712683510355315,0.15731945906803824,0.3574353973694499,-0.48133329838673256,-0.3345197101479087,-0.03437845070127261,-0.5750835929245423
-1.6059522216701536,2,1.2195380507721518,1,-0.15461882763631568,-1.8266444635788122,3,1.242659768418924,0.279705596772716,0,0.6027009686338471,0.389912032759361,-0.932273603340525,2,-1.582336477491676,1,-0.8466051724013778,0.23740407333196317,-0.6594307537576322,1,0.47940434054294323,-0.4292901468837605,0.2856770558156722,-0.9455246264432461,-1.295382575169673,2.469915507368203,0.3574353973694499,-0.9742633061395315,-1.165051404308234,-0.6761095304583609,-1.142447942991037
-0.6276846927978138,0,0.442823922324278,1,-1.0134732062477538,1.063221755033766,3,-1.1859638811449473,0.279705596772716,1,1.1404675385226213,-2.414592863418063,-0.02544667403658987,4,0.24111055585492935,1,-0.43291953530576816,-1.3978434076703408,-1.0591681591282378,0,-0.8850184679723064,-0.4292901468837605,1.2111762779623128,0.21880726957482452,-0.6553111850858345,-0.61354589036535,0.3574353973694499,-0.31702329580246624,-0.05767581209446695,-0.3552439905798167,-0.007719242858047555
0.8940647965591592,2,1.0715925024963662,2,0.21346162034001492,-0.8633557240412861,1,0.027524681382898885,1.1985150431545986,0,1.1404675385226213,0.389912032759361,1.7882071845712804,3,1.152834072528232,1,2.394038554862227,-1.2538549266008487,0.14004405698357952,0,-0.6121339062692566,-0.4292901468837605,-0.6398221663309683,0.21880726957482452,1.9049743752495192,0.9281848085014265,1.7969697374601115,0.34021671453459906,-0.3345197101479087,-0.3552439905798167,-0.8587657679577896
0.5679756202683792,1,-0.6593704123303238,1,2.421944308197999,-0.8633557240412861,1,-0.7924445236901911,-1.557913295991049,0,1.2382432785023985,0.389912032759361,-0.02544667403658987,6,0.24111055585492935,0,-0.38808765578487775,-0.19427986746972953,-0.2596933483870263,0,-1.1579030296753563,-0.4292901468837605,-0.6398221663309683,0.21880726957482452,1.0088744291321454,0.15731945906803824,0.3574353973694499,-0.31702329580246624,-0.05767581209446695,-0.6761095304583609,-0.5750835929245423
-0.6276846927978138,1,-0.0034784816410081713,1,-0.27731231029509257,-0.8633557240412861,1,-0.9653295970489753,0.279705596772716,0,-0.9128230010526984,-1.012340415329351,0.8813802552673452,4,0.24111055585492935,1,0.544032986196858,-0.03917204133231011,-0.6594307537576322,0,2.389596272464293,2.3294268625987633,-1.565321388477609,0.21880726957482452,-0.14325407301876378,-0.61354589036535,0.3574353973694499,0.5045267171188654,1.3265436781727418,1.890814788569992,1.4106916323081893
1.5462431491407191,2,1.2392641238755897,1,-0.890779723588977,0.0999330154962399,3,-1.0213114303270576,1.1985150431545986,1,0.84714031858329,-2.414592863418063,-0.02544667403658987,4,-0.6706129608183733,0,-0.19133732196333972,0.2827259608240222,0.9395188677247911,0,0.7522889022459932,-0.4292901468837605,1.2111762779623128,0.21880726957482452,0.2407887610315393,0.15731945906803824,0.3574353973694499,-0.48133329838673256,-0.8882075062547923,-0.3552439905798167,-0.5750835929245423
-0.30159551650703387,1,-0.3215614104339469,1,-1.0134732062477538,0.0999330154962399,3,0.2563915880197654,1.1985150431545986,1,1.4826826284518413,-1.012340415329351,-0.02544667403658987,0,-1.582336477491676,2,-0.22087111937283624,1.610572813619317,-1.0591681591282378,0,1.298058025652093,2.3294268625987633,0.2856770558156722,-0.9455246264432461,0.36880303904830697,0.15731945906803824,0.3574353973694499,0.9974567248716644,1.3265436781727418,0.6073526290558157,1.4106916323081893
-0.41029190860396053,0,-0.19087617612366978,2,0.9496225162926761,0.0999330154962399,1,-0.05974111755058258,1.1985150431545986,1,-1.4017017009515842,0.389912032759361,1.7882071845712804,3,0.24111055585492935,2,2.3502690421546277,0.8693769765597429,-0.6594307537576322,0,-1.1579030296753563,-0.4292901468837605,1.2111762779623128,-0.9455246264432461,-0.14325407301876378,-0.61354589036535,0.3574353973694499,0.5045267171188654,1.0496997801193,1.2490837088129039,-1.142447942991037
-0.19289912441010723,2,1.0469349111170687,2,-0.27731231029509257,1.063221755033766,1,1.5373876553829462,0.279705596772716,0,-0.5706079111234784,0.389912032759361,-0.02544667403658987,7,1.152834072528232,1,-0.2504049167823328,-0.10222858045169658,-0.6594307537576322,1,-1.1579030296753563,-0.4292901468837605,1.2111762779623128,-0.9455246264432461,-0.14325407301876378,-0.61354589036535,0.3574353973694499,0.5045267171188654,1.0496997801193,-0.6761095304583609,1.4106916323081893
0.350582836074526,2,-0.8763572164681425,2,-0.890779723588977,-0.8633557240412861,2,1.5769042435792398,-0.6391038496091666,0,1.2382432785023985,0.389912032759361,-0.02544667403658987,7,-0.6706129608183733,1,-0.1499050162449813,-1.4151558056874936,0.14004405698357952,0,-0.3392493445662066,-0.4292901468837605,0.2856770558156722,0.21880726957482452,0.49681731706507465,0.9281848085014265,0.3574353973694499,0.6688367197031317,1.0496997801193,0.9282181689343597,1.6943738073414365
-0.41029190860396053,2,-0.6495073757786047,2,0.09076813768123806,2.026510494571292,2,0.39469964670679264,1.1985150431545986,1,0.7493645786035128,1.792164480848073,0.8813802552673452,7,0.24111055585492935,0,0.42441048302026413,1.0409526934939664,-1.0591681591282378,1,-0.3392493445662066,-0.4292901468837605,1.2111762779623128,1.383139165592895,-0.14325407301876378,0.15731945906803824,0.3574353973694499,0.34021671453459906,1.0496997801193,-0.6761095304583609,1.1270094572749418
-0.30159551650703387,2,1.480908519392706,2,-0.031925344977538815,-1.8266444635788122,1,0.22181457334800858,-0.6391038496091666,0,0.16271013872485005,0.389912032759361,-0.02544667403658987,7,0.24111055585492935,1,-0.1420435018266261,-1.1940356651594666,-0.6594307537576322,0,1.298058025652093,2.3294268625987633,-1.565321388477609,-0.9455246264432461,-0.6553111850858345,0.15731945906803824,-1.0820989427212115,-0.15271329321819993,0.2191680859589748,-0.3552439905798167,-0.2914014178912949
-0.30159551650703387,2,1.4735112419789167,1,-1.0134732062477538,2.026510494571292,1,-0.5685171905778613,-0.6391038496091666,1,-1.2061502209920298,0.389912032759361,-0.932273603340525,6,1.152834072528232,1,-0.784350477142511,-0.9363202117496525,-0.6594307537576322,0,-0.8850184679723064,-0.4292901468837605,1.2111762779623128,0.21880726957482452,-0.14325407301876378,0.9281848085014265,-1.0820989427212115,0.5045267171188654,1.3265436781727418,1.890814788569992,1.1270094572749418
-0.7363810848947404,2,-1.593893125605702,1,-0.15461882763631568,-0.8633557240412861,1,-0.021871053862467984,-0.6391038496091666,0,0.3093737486945157,1.792164480848073,0.8813802552673452,5,-1.582336477491676,1,1.0694796120507064,0.49117849304681543,-1.0591681591282378,1,-0.8850184679723064,-0.4292901468837605,0.2856770558156722,2.5474710616109655,-0.2712683510355315,0.9281848085014265,-1.0820989427212115,0.17590671195033272,0.7728558820658583,-0.3552439905798167,0.8433272822416945
-0.41029190860396053,1,1.461182446289268,1,-0.7680862409302001,1.063221755033766,1,-1.6848608071231526,1.1985150431545986,0,-0.5217200411335899,0.389912032759361,-0.932273603340525,6,0.24111055585492935,1,-0.7380312840830129,1.2451826896150149,-0.6594307537576322,1,-1.1579030296753563,-0.4292901468837605,0.2856770558156722,-0.9455246264432461,-0.39928262905229917,0.15731945906803824,0.3574353973694499,0.17590671195033272,0.7728558820658583,0.2864870891772715,-1.142447942991037
0.8940647965591592,0,-1.359646007502375,1,1.6857834122453375,-0.8633557240412861,1,-0.04327587246879363,1.1985150431545986,1,-1.2061502209920298,0.389912032759361,-0.02544667403658987,2,-1.582336477491676,1,-0.584200569518441,-0.03846828531535267,-0.6594307537576322,1,-0.06636478286315664,-0.4292901468837605,0.2856770558156722,0.21880726957482452,-0.2712683510355315,-0.61354589036535,0.3574353973694499,0.34021671453459906,1.0496997801193,-0.6761095304583609,1.1270094572749418
0.024493659783746062,0,-1.6210164761229293,2,-0.031925344977538815,1.063221755033766,3,-0.6623690875440584,-1.557913295991049,1,0.11382226873496147,0.389912032759361,0.8813802552673452,7,-0.6706129608183733,0,0.5208733896671089,1.4572947531259868,-0.6594307537576322,0,-0.6121339062692566,-0.4292901468837605,1.2111762779623128,0.21880726957482452,-0.2712683510355315,2.469915507368203,0.3574353973694499,0.34021671453459906,0.2191680859589748,1.569949248691448,0.8433272822416945
-0.6276846927978138,2,-0.26731470939949226,2,-0.27731231029509257,0.0999330154962399,2,-0.9719156950816908,1.1985150431545986,1,0.3093737486945157,0.389912032759361,-0.02544667403658987,7,1.152834072528232,0,0.24742017192594323,-1.0090885839030517,0.5397814623541853,0,-0.8850184679723064,-0.4292901468837605,1.2111762779623128,2.5474710616109655,0.2407887610315393,0.15731945906803824,0.3574353973694499,0.011596709366066407,0.7728558820658583,-0.3552439905798167,0.8433272822416945
-0.5189883007008872,1,0.5069336599104517,1,-0.890779723588977,-0.8633557240412861,1,-1.679921233598616,1.1985150431545986,1,0.6027009686338471,0.389912032759361,-0.932273603340525,2,1.152834072528232,2,-0.7042480194203513,-0.34460215269183836,-1.0591681591282378,0,-0.6121339062692566,-0.4292901468837605,0.2856770558156722,-0.9455246264432461,-0.39928262905229917,-0.61354589036535,-1.0820989427212115,0.011596709366066407,0.7728558820658583,0.2864870891772715,0.5596451072084472
-0.9537738690885937,2,-0.3930684254339099,1,-1.0134732062477538,0.0999330154962399,5,0.4490349554766962,1.1985150431545986,1,0.84714031858329,0.389912032759361,-0.932273603340525,6,-1.582336477491676,2,-0.9141717017267008,-1.3484397352799284,-0.2596933483870263,0,-1.1579030296753563,-0.4292901468837605,-0.6398221663309683,-0.9455246264432461,-0.7833254631026022,-0.61354589036535,-1.0820989427212115,-0.6456433009709989,-0.6113636082013505,-0.3552439905798167,-0.5750835929245423
-1.171166653282447,2,-0.2870407825029303,1,-0.890779723588977,-1.8266444635788122,3,0.6235665533436592,-1.557913295991049,1,-1.4994774409313611,-1.012340415329351,-0.932273603340525,6,1.152834072528232,2,-0.5266202882380557,-1.4444320559929231,-1.0591681591282378,0,-0.8850184679723064,-0.4292901468837605,1.2111762779623128,-0.9455246264432461,-0.7833254631026022,-0.61354589036535,0.3574353973694499,-0.48133329838673256,-0.3345197101479087,-0.3552439905798167,-0.8587657679577896
-0.7363810848947404,2,-1.6308795126746483,1,1.5630899295865606,0.0999330154962399,1,-0.03998282345243584,-1.557913295991049,0,-0.9128230010526984,0.389912032759361,-0.932273603340525,6,0.24111055585492935,1,-0.9031230868684719,-0.3903462937940719,0.5397814623541853,1,-1.1579030296753563,-0.4292901468837605,-0.6398221663309683,-0.9455246264432461,-0.5272969070690668,-0.61354589036535,0.3574353973694499,-0.31702329580246624,-0.6113636082013505,-0.6761095304583609,-0.8587657679577896
-0.41029190860396053,1,0.8422769026688988,2,-1.0134732062477538,0.0999330154962399,1,-1.6074741552387446,0.279705596772716,0,-1.2061502209920298,1.792164480848073,-0.02544667403658987,7,-1.582336477491676,1,-0.21385949840511403,-1.565055837299428,-0.2596933483870263,0,1.025173463949043,-0.4292901468837605,-1.565321388477609,1.383139165592895,-0.14325407301876378,0.15731945906803824,0.3574353973694499,-0.31702329580246624,-0.3345197101479087,-0.3552439905798167,-0.2914014178912949
0.1331900518806727,2,-1.5569067385367557,1,-1.0134732062477538,0.0999330154962399,1,-0.4697257200871276,0.279705596772716,0,0.7004767086136243,0.389912032759361,0.8813802552673452,4,0.24111055585492935,2,0.31413680780063324,0.1526718488902876,0.5397814623541853,1,-0.3392493445662066,-0.4292901468837605,1.2111762779623128,-0.9455246264432461,-0.14325407301876378,0.9281848085014265,1.7969697374601115,-0.9742633061395315,-1.165051404308234,-0.6761095304583609,-1.142447942991037
0.4592792281714526,2,1.5080318699099333,1,1.19500948161023,-0.8633557240412861,1,-1.143154243932296,0.279705596772716,1,-1.4994774409313611,0.389912032759361,-0.02544667403658987,6,-1.582336477491676,0,-0.7033981259697184,0.7832372400841524,-0.2596933483870263,0,0.2065197788398933,-0.4292901468837605,-1.565321388477609,1.383139165592895,0.7528458730986101,-0.61354589036535,-1.0820989427212115,-0.9742633061395315,-1.165051404308234,-0.6761095304583609,-1.142447942991037
1.5462431491407191,1,0.8644687349102665,1,-0.15461882763631568,1.063221755033766,1,-1.3983655427000248,-1.557913295991049,1,-0.6683836511032556,-2.414592863418063,0.8813802552673452,4,1.152834072528232,2,0.906725016254488,1.5254183355674669,-0.2596933483870263,0,-0.06636478286315664,-0.4292901468837605,1.2111762779623128,-0.9455246264432461,0.8808601511153777,-0.61354589036535,0.3574353973694499,-0.48133329838673256,-0.6113636082013505,-0.6761095304583609,-0.2914014178912949
0.1331900518806727,1,-0.809781719744039,1,0.3361551029987918,0.0999330154962399,1,-0.31495241631831145,-1.557913295991049,1,-1.0594866110223642,-1.012340415329351,-0.02544667403658987,0,-1.582336477491676,0,-0.0200837916607915,-1.411496274399315,-0.2596933483870263,0,-0.06636478286315664,-0.4292901468837605,0.2856770558156722,0.21880726957482452,0.2407887610315393,0.15731945906803824,-1.0820989427212115,-0.48133329838673256,-0.3345197101479087,-0.3552439905798167,-0.5750835929245423
-1.0624702611855203,2,-0.17608162129609123,2,1.6857834122453375,-1.8266444635788122,3,1.3760282535814146,-0.6391038496091666,0,-1.4994774409313611,-1.012340415329351,-0.02544667403658987,8,0.24111055585492935,1,-0.6039605922456581,-1.0266824843269877,-0.6594307537576322,0,1.570942587355143,2.3294268625987633,1.2111762779623128,0.21880726957482452,-0.2712683510355315,1.6990501579348147,0.3574353973694499,0.34021671453459906,1.0496997801193,0.9282181689343597,1.1270094572749418
1.7636359333345724,2,-1.7196468416401196,1,1.6857834122453375,1.063221755033766,1,-0.2095748477948621,1.1985150431545986,0,0.2604858787046272,0.389912032759361,1.7882071845712804,5,1.152834072528232,2,1.6769409558906385,0.8295443859999518,1.339256273095397,0,0.7522889022459932,-0.4292901468837605,0.2856770558156722,-0.9455246264432461,2.801074321366893,-2.1552765892321264,0.3574353973694499,0.8331467222873981,1.3265436781727418,0.2864870891772715,1.1270094572749418
-0.7363810848947404,2,1.3773466355996562,2,0.8269290336338992,-1.8266444635788122,1,0.7421163179325396,1.1985150431545986,1,1.4337947584619528,0.389912032759361,-0.02544667403658987,7,0.24111055585492935,1,-0.22979500060448269,-1.6008066429608658,2.1387310838366087,0,-0.06636478286315664,-0.4292901468837605,0.2856770558156722,1.383139165592895,-0.9113397411193699,-0.61354589036535,-1.0820989427212115,-0.8099533035552652,-0.8882075062547923,-0.03437845070127261,-0.5750835929245423
-0.7363810848947404,2,0.3589881116346662,2,-0.031925344977538815,0.0999330154962399,3,1.3957865476795612,-0.6391038496091666,1,1.0915796685327328,0.389912032759361,-0.932273603340525,8,1.152834072528232,2,-1.126432591022291,0.24021909739979294,-0.6594307537576322,0,-0.6121339062692566,-0.4292901468837605,0.2856770558156722,-0.9455246264432461,-1.295382575169673,0.15731945906803824,-1.0820989427212115,-0.9742633061395315,-1.165051404308234,-0.6761095304583609,-1.142447942991037
-0.7363810848947404,2,0.29980989232435207,1,-1.0134732062477538,0.0999330154962399,1,-0.3659946760718572,1.1985150431545986,1,-1.4017017009515842,-2.414592863418063,-0.932273603340525,2,0.24111055585492935,1,-0.5417058969867913,1.416336152939064,0.14004405698357952,0,1.570942587355143,2.3294268625987633,0.2856770558156722,1.383139165592895,-0.5272969070690668,-0.61354589036535,0.3574353973694499,-0.8099533035552652,-0.6113636082013505,-0.6761095304583609,-0.5750835929245423
2.3071178938192056,2,0.6302216168069396,1,-1.0134732062477538,0.0999330154962399,3,0.6499109454745214,1.1985150431545986,0,0.45603735866418144,0.389912032759361,2.6950341138752156,5,-1.582336477491676,1,2.8298214216742945,1.1462345936307992,0.14004405698357952,1,1.570942587355143,2.3294268625987633,0.2856770558156722,0.21880726957482452,2.6730600433501253,0.15731945906803824,0.3574353973694499,0.34021671453459906,1.0496997801193,-0.3552439905798167,0.2759629321751998
-0.30159551650703387,2,-1.4385502999161273,2,-1.0134732062477538,1.063221755033766,2,0.030817730399256678,-0.6391038496091666,1,0.40714948867429285,1.792164480848073,-0.02544667403658987,7,1.152834072528232,0,0.7101871557956082,-0.2863311544877625,-1.0591681591282378,0,-1.1579030296753563,-0.4292901468837605,1.2111762779623128,0.21880726957482452,0.6248315950818424,-0.61354589036535,-1.0820989427212115,1.326076730040197,-0.8882075062547923,-0.6761095304583609,1.4106916323081893
-1.171166653282447,1,0.7313177414620596,1,-0.40000579295386945,0.0999330154962399,4,1.4649405770230748,0.279705596772716,1,-0.27728069118414705,1.792164480848073,-0.932273603340525,2,1.152834072528232,1,-0.8155840614532736,-1.0148593832421027,-1.0591681591282378,0,0.7522889022459932,-0.4292901468837605,-1.565321388477609,0.21880726957482452,-0.39928262905229917,0.15731945906803824,0.3574353973694499,0.011596709366066407,0.7728558820658583,1.569949248691448,0.8433272822416945
1.5462431491407191,2,0.9335099907722998,2,0.5815420683163456,-0.8633557240412861,1,-0.8698311755745993,0.279705596772716,0,0.9938039285529556,0.389912032759361,-0.02544667403658987,7,1.152834072528232,1,-0.30734777797474333,0.07736995507584168,0.5397814623541853,0,-1.1579030296753563,-0.4292901468837605,0.2856770558156722,0.21880726957482452,0.8808601511153777,-0.61354589036535,-1.0820989427212115,0.011596709366066407,0.7728558820658583,-0.6761095304583609,0.8433272822416945
0.24188644397759934,2,-1.6826604545711732,1,0.09076813768123806,-1.8266444635788122,3,-0.9867344156553008,0.279705596772716,1,1.5804583684316185,0.389912032759361,1.7882071845712804,3,-1.582336477491676,1,2.270379057795126,-1.2607517355670317,-0.6594307537576322,1,-0.3392493445662066,-0.4292901468837605,1.2111762779623128,-0.9455246264432461,1.2649029851656808,0.15731945906803824,0.3574353973694499,2.311936745545795,1.3265436781727418,2.8534114082056243,1.6943738073414365
-0.08420273231318058,0,-0.4053972211235587,2,0.09076813768123806,1.063221755033766,3,-0.7183509208221409,-0.6391038496091666,1,-1.6950289208909155,0.389912032759361,0.8813802552673452,7,1.152834072528232,2,0.7643678632734616,0.14155250382236007,-0.6594307537576322,0,-0.3392493445662066,-0.4292901468837605,1.2111762779623128,-0.9455246264432461,-0.14325407301876378,0.15731945906803824,-1.0820989427212115,0.5045267171188654,-0.3345197101479087,2.2116803284485362,0.8433272822416945
-0.5189883007008872,2,-0.5212879006062573,2,-0.15461882763631568,-0.8633557240412861,5,-0.9752087440980486,0.279705596772716,0,-0.0817292112245928,-1.012340415329351,-0.02544667403658987,7,-0.6706129608183733,1,-0.2453055560785348,1.4513832025835445,-0.6594307537576322,1,-1.1579030296753563,-0.4292901468837605,1.2111762779623128,-0.9455246264432461,0.2407887610315393,-0.61354589036535,0.3574353973694499,0.9974567248716644,2.1570753723330673,2.8534114082056243,1.4106916323081893
2.0897251096253524,1,1.0863870573239447,1,-0.031925344977538815,0.0999330154962399,3,0.07033431859555017,-1.557913295991049,0,-0.17950495120436993,0.389912032759361,-0.932273603340525,6,0.24111055585492935,1,-0.7310196631152907,-0.30378430370830695,-0.2596933483870263,0,1.025173463949043,-0.4292901468837605,-0.6398221663309683,0.21880726957482452,0.8808601511153777,0.9281848085014265,0.3574353973694499,-0.31702329580246624,-0.05767581209446695,-0.6761095304583609,-0.2914014178912949
2.198421501722279,2,-0.972521822847403,1,-1.0134732062477538,-0.8633557240412861,1,0.7487024159652552,-0.6391038496091666,1,1.2871311484922872,1.792164480848073,-0.02544667403658987,6,0.24111055585492935,1,-0.3149968190304403,-1.6314904053002102,-1.0591681591282378,0,2.389596272464293,2.3294268625987633,-1.565321388477609,0.21880726957482452,0.2407887610315393,-0.61354589036535,-1.0820989427212115,0.8331467222873981,1.3265436781727418,-0.03437845070127261,1.1270094572749418
2.198421501722279,2,-1.4533448547437058,2,2.421944308197999,0.0999330154962399,2,-0.7578675090184344,-1.557913295991049,1,-0.5217200411335899,-1.012340415329351,1.7882071845712804,3,1.152834072528232,0,1.6435826379532934,1.0964086676302125,0.14004405698357952,0,-0.8850184679723064,-0.4292901468837605,0.2856770558156722,0.21880726957482452,2.6730600433501253,0.15731945906803824,-1.0820989427212115,-0.9742633061395315,-1.165051404308234,-0.6761095304583609,-1.142447942991037
0.350582836074526,2,0.011316073186570375,1,-0.890779723588977,-1.8266444635788122,3,-0.4367952299235497,1.1985150431545986,0,0.9449160585630672,-1.012340415329351,-0.932273603340525,6,1.152834072528232,2,-0.8585036807102397,1.2128099128349727,-1.0591681591282378,1,1.298058025652093,2.3294268625987633,1.2111762779623128,-0.9455246264432461,-0.7833254631026022,-0.61354589036535,-1.0820989427212115,-0.48133329838673256,-0.6113636082013505,-0.03437845070127261,-0.2914014178912949
-1.497255829573227,1,-0.39799994370976943,2,-0.031925344977538815,0.0999330154962399,2,1.637825650381859,1.1985150431545986,1,-1.646141050901027,0.389912032759361,-0.932273603340525,8,-1.582336477491676,1,-0.9757889768975928,1.7796150088924936,-0.6594307537576322,0,1.025173463949043,-0.4292901468837605,-1.565321388477609,0.21880726957482452,-1.295382575169673,0.15731945906803824,-1.0820989427212115,-0.9742633061395315,-1.165051404308234,-0.3552439905798167,-1.142447942991037
1.7636359333345724,2,1.4685797237030573,1,1.8084768949041143,1.063221755033766,3,1.0878864646501076,-0.6391038496091666,1,-0.9128230010526984,1.792164480848073,0.8813802552673452,0,1.152834072528232,1,0.13225960936517261,-1.5277567684006839,0.14004405698357952,0,-0.06636478286315664,-0.4292901468837605,0.2856770558156722,-0.9455246264432461,-0.0152397950019961,-0.61354589036535,0.3574353973694499,-0.48133329838673256,-0.3345197101479087,-0.3552439905798167,-0.5750835929245423
0.1331900518806727,1,-1.6062219212953508,1,-0.890779723588977,0.0999330154962399,3,1.0648351215356031,1.1985150431545986,0,-1.2061502209920298,-1.012340415329351,-0.932273603340525,2,-0.6706129608183733,2,-0.8376812911697313,1.3390637422771372,-0.6594307537576322,0,1.843827149058193,2.3294268625987633,-0.6398221663309683,-0.9455246264432461,-0.9113397411193699,0.15731945906803824,0.3574353973694499,-0.48133329838673256,-0.3345197101479087,0.2864870891772715,-0.2914014178912949
-0.08420273231318058,2,0.5957009888759229,0,0.4588485856575687,0.0999330154962399,0,-0.3281246123837426,0.279705596772716,1,-1.4994774409313611,0.389912032759361,-0.932273603340525,1,-0.6706129608183733,1,-0.9007858798792311,1.5784815392460578,0.5397814623541853,0,-0.6121339062692566,-0.4292901468837605,-0.6398221663309683,0.21880726957482452,-0.39928262905229917,-0.61354589036535,0.3574353973694499,-0.31702329580246624,-0.6113636082013505,-0.6761095304583609,-0.007719242858047555
-0.845077476991667,1,1.512963388185793,2,-1.0134732062477538,-1.8266444635788122,3,-1.1793777831122316,-0.6391038496091666,0,-1.2061502209920298,0.389912032759361,0.8813802552673452,7,1.152834072528232,1,0.3262477894721534,-1.085657238548021,-0.6594307537576322,0,-0.3392493445662066,-0.4292901468837605,1.2111762779623128,0.21880726957482452,-0.0152397950019961,1.6990501579348147,0.3574353973694499,0.6688367197031317,1.6033875762261836,0.6073526290558157,-0.8587657679577896
0.1331900518806727,2,-1.4755366869850737,1,0.09076813768123806,0.0999330154962399,3,1.6246534543164277,-0.6391038496091666,0,1.5804583684316185,-2.414592863418063,0.8813802552673452,5,0.24111055585492935,1,1.449806931208971,-1.5392983670787859,0.14004405698357952,0,-0.8850184679723064,-0.4292901468837605,-1.565321388477609,0.21880726957482452,1.136888707148913,0.15731945906803824,0.3574353973694499,1.819006737792996,3.2644509645468345,-0.3552439905798167,1.978055982374684
1.1114575807530125,2,0.9384415090481594,1,1.9311703775628912,0.0999330154962399,3,1.588429915136492,-1.557913295991049,1,0.84714031858329,0.389912032759361,0.8813802552673452,0,0.24111055585492935,2,0.478166243772801,-0.1728856845542234,-0.2596933483870263,0,2.1167117107612428,2.3294268625987633,-0.6398221663309683,-0.9455246264432461,1.7769600972327515,0.15731945906803824,0.3574353973694499,1.6546967352087296,2.710763168439951,3.1742769480841684,1.978055982374684
-0.5189883007008872,2,0.7140574274965513,1,-0.27731231029509257,-0.8633557240412861,1,0.4622071515421273,1.1985150431545986,1,0.6027009686338471,0.389912032759361,-0.02544667403658987,2,0.24111055585492935,1,-0.3186088661956305,1.200986811750088,-0.6594307537576322,0,0.7522889022459932,-0.4292901468837605,-1.565321388477609,0.21880726957482452,-0.14325407301876378,0.15731945906803824,0.3574353973694499,0.5045267171188654,-0.05767581209446695,-0.3552439905798167,-0.8587657679577896
-0.19289912441010723,2,0.048302460255516745,1,1.072315998951453,2.026510494571292,1,0.9759227980939428,-0.6391038496091666,1,-0.9128230010526984,1.792164480848073,-0.02544667403658987,6,-1.582336477491676,1,-0.24955502333169977,1.6889712339083756,-0.6594307537576322,0,-1.1579030296753563,-0.4292901468837605,1.2111762779623128,-0.9455246264432461,0.6248315950818424,-0.61354589036535,0.3574353973694499,1.4903867326244633,2.9876070664933927,-0.3552439905798167,1.6943738073414365
-0.08420273231318058,1,0.9754278961171057,1,0.21346162034001492,0.0999330154962399,1,-1.553138846468841,-0.6391038496091666,1,1.3849068884720641,-1.012340415329351,-0.02544667403658987,4,-0.6706129608183733,2,0.02474808786009891,1.1743848343090966,-0.6594307537576322,0,-0.6121339062692566,-0.4292901468837605,0.2856770558156722,-0.9455246264432461,-0.6553111850858345,0.15731945906803824,0.3574353973694499,-0.15271329321819993,0.2191680859589748,-0.6761095304583609,-0.2914014178912949
1.3288503649468657,1,1.665840454737438,1,2.299250825539222,-0.8633557240412861,1,0.6449713719499848,-1.557913295991049,1,1.4826826284518413,-1.012340415329351,-0.02544667403658987,2,-1.582336477491676,2,-0.4458804104279213,1.181985399292237,0.14004405698357952,0,1.298058025652093,2.3294268625987633,-1.565321388477609,-0.9455246264432461,1.136888707148913,-0.61354589036535,0.3574353973694499,-0.48133329838673256,-0.3345197101479087,-0.3552439905798167,-0.2914014178912949
-0.30159551650703387,2,-1.6727974180194543,1,-0.890779723588977,1.063221755033766,3,-0.369287725088215,0.279705596772716,0,0.9449160585630672,-1.012340415329351,-0.932273603340525,6,-1.582336477491676,2,-0.4252704942500712,-0.954617868190546,-0.6594307537576322,0,-1.1579030296753563,-0.4292901468837605,0.2856770558156722,-0.9455246264432461,-0.6553111850858345,0.15731945906803824,0.3574353973694499,-0.15271329321819993,0.2191680859589748,-0.3552439905798167,-0.2914014178912949
0.24188644397759934,2,-0.6790964854337618,1,1.072315998951453,-0.8633557240412861,1,0.483611970148453,-1.557913295991049,1,-1.6950289208909155,0.389912032759361,-0.02544667403658987,4,0.24111055585492935,2,-0.3927620697633592,-0.13516436204530471,-1.0591681591282378,0,-1.1579030296753563,-0.4292901468837605,-1.565321388477609,-0.9455246264432461,-0.2712683510355315,2.469915507368203,0.3574353973694499,0.17590671195033272,0.7728558820658583,-0.3552439905798167,0.8433272822416945
-0.7363810848947404,0,0.07296005163481432,1,-1.0134732062477538,-1.8266444635788122,1,-1.2123082732758095,0.279705596772716,1,1.0426917985428443,-1.012340415329351,0.8813802552673452,4,0.24111055585492935,2,0.4443829791101395,0.9307445012384314,-0.6594307537576322,0,1.843827149058193,2.3294268625987633,0.2856770558156722,-0.9455246264432461,0.1127744830147716,-0.61354589036535,0.3574353973694499,0.6688367197031317,1.0496997801193,0.9282181689343597,1.1270094572749418
1.5462431491407191,1,-0.6371785800889559,2,-0.890779723588977,0.0999330154962399,2,0.5972221612127968,-0.6391038496091666,1,-0.7172715210931442,0.389912032759361,0.8813802552673452,7,-0.6706129608183733,1,0.8952514546709426,0.1523903464835046,-0.2596933483870263,0,-1.1579030296753563,-0.4292901468837605,-0.6398221663309683,-0.9455246264432461,0.36880303904830697,1.6990501579348147,0.3574353973694499,-0.48133329838673256,-0.6113636082013505,0.2864870891772715,-0.5750835929245423
-0.19289912441010723,2,-0.15882130733058292,1,-0.40000579295386945,-1.8266444635788122,1,0.4325697103949072,0.279705596772716,1,-0.03284134123470423,0.389912032759361,-0.932273603340525,6,0.24111055585492935,1,-0.6111846865760385,-1.1671521853116924,-1.0591681591282378,1,-0.3392493445662066,-0.4292901468837605,1.2111762779623128,-0.9455246264432461,-0.9113397411193699,0.15731945906803824,0.3574353973694499,-0.6456433009709989,-0.6113636082013505,-0.03437845070127261,-0.5750835929245423
2.524510678013059,2,0.9359757499102296,2,0.8269290336338992,1.063221755033766,2,-0.48783748967709545,-1.557913295991049,1,0.84714031858329,0.389912032759361,-0.02544667403658987,7,-1.582336477491676,2,-0.20769777088802485,-0.33615708048834914,2.1387310838366087,0,-0.3392493445662066,-0.4292901468837605,1.2111762779623128,-0.9455246264432461,-0.14325407301876378,-1.3844112397987383,0.3574353973694499,-0.8099533035552652,-0.6113636082013505,-0.03437845070127261,-0.5750835929245423
1.4375467570437923,1,0.19378224939337246,2,-1.0134732062477538,1.063221755033766,1,1.6724026650536157,-0.6391038496091666,1,1.3360190184821756,0.389912032759361,-0.02544667403658987,7,0.24111055585492935,0,0.0734044879088378,-0.008066025382791333,1.738993678466003,0,-0.8850184679723064,-0.4292901468837605,1.2111762779623128,1.383139165592895,0.1127744830147716,0.15731945906803824,0.3574353973694499,-0.15271329321819993,-0.3345197101479087,-0.6761095304583609,-0.8587657679577896
0.8940647965591592,2,0.37131690732431505,1,2.299250825539222,0.0999330154962399,5,0.8524334599805257,1.1985150431545986,1,1.4826826284518413,0.389912032759361,-0.932273603340525,6,1.152834072528232,1,-0.9031230868684719,-1.3691301621784773,0.5397814623541853,0,1.298058025652093,2.3294268625987633,1.2111762779623128,0.21880726957482452,-0.39928262905229917,0.15731945906803824,0.3574353973694499,-0.31702329580246624,-0.05767581209446695,-0.6761095304583609,-0.2914014178912949
2.0897251096253524,2,1.480908519392706,1,-0.27731231029509257,0.0999330154962399,1,-1.5086826847480108,1.1985150431545986,1,-0.8639351310628098,-2.414592863418063,0.8813802552673452,4,1.152834072528232,2,0.18644031684302595,1.0395451814600514,0.5397814623541853,0,-1.1579030296753563,-0.4292901468837605,-1.565321388477609,-0.9455246264432461,3.3131314334339637,0.15731945906803824,-1.0820989427212115,-0.15271329321819993,-0.05767581209446695,-0.6761095304583609,-0.5750835929245423
1.0027611886560859,2,-0.2303283223305459,1,-0.890779723588977,-0.8633557240412861,1,1.3645025820241623,1.1985150431545986,1,0.7493645786035128,0.389912032759361,0.8813802552673452,4,1.152834072528232,0,0.46648020882659735,0.799001374863999,0.14004405698357952,0,-0.3392493445662066,-0.4292901468837605,0.2856770558156722,0.21880726957482452,0.1127744830147716,0.9281848085014265,-1.0820989427212115,0.34021671453459906,1.0496997801193,0.6073526290558157,0.8433272822416945
0.5679756202683792,2,0.13706978922098803,1,0.3361551029987918,0.0999330154962399,3,1.2179619007962406,-0.6391038496091666,1,-0.47283217114370135,0.389912032759361,-0.932273603340525,2,-0.6706129608183733,0,-0.7684149749431424,-0.7544696569678505,2.1387310838366087,0,1.843827149058193,2.3294268625987633,-0.6398221663309683,2.5474710616109655,-0.5272969070690668,2.469915507368203,-1.0820989427212115,-0.31702329580246624,-0.3345197101479087,-0.6761095304583609,-0.007719242858047555
2.524510678013059,2,-1.0588233926749446,1,-1.0134732062477538,1.063221755033766,3,1.1010586607155388,0.279705596772716,1,1.2382432785023985,-2.414592863418063,0.8813802552673452,0,1.152834072528232,0,0.95623130975386,0.8662804500851301,0.14004405698357952,0,1.298058025652093,2.3294268625987633,0.2856770558156722,0.21880726957482452,1.0088744291321454,-0.61354589036535,1.7969697374601115,-0.9742633061395315,-1.165051404308234,-0.6761095304583609,-1.142447942991037
-1.2798630453793736,2,-1.623482235260859,2,-0.7680862409302001,-1.8266444635788122,4,-0.2457983869747978,0.279705596772716,1,1.53157049844173,0.389912032759361,-0.02544667403658987,7,-1.582336477491676,1,-0.46500301306716363,0.0071351045834893365,-0.6594307537576322,1,0.7522889022459932,-0.4292901468837605,1.2111762779623128,-0.9455246264432461,-0.7833254631026022,0.15731945906803824,0.3574353973694499,-0.31702329580246624,-0.3345197101479087,-0.6761095304583609,-0.2914014178912949
-0.9537738690885937,0,-1.2807417150886227,0,-1.0134732062477538,-0.8633557240412861,1,1.366149106532341,0.279705596772716,1,-1.1572623510021414,0.389912032759361,-0.932273603340525,1,1.152834072528232,0,-0.7811633767026372,-0.5374313013381765,-0.6594307537576322,0,-0.06636478286315664,-0.4292901468837605,-0.6398221663309683,0.21880726957482452,-1.0393540191361377,-0.61354589036535,0.3574353973694499,-0.6456433009709989,-0.6113636082013505,-0.03437845070127261,-0.5750835929245423
1.7636359333345724,2,-0.47443847698559194,1,-0.890779723588977,2.026510494571292,5,0.895243097193177,0.279705596772716,0,0.5538130986439586,-1.012340415329351,0.8813802552673452,4,1.152834072528232,1,0.8045253288158706,0.043026661448318695,-1.0591681591282378,0,0.2065197788398933,-0.4292901468837605,-0.6398221663309683,0.21880726957482452,2.9290885993836606,0.9281848085014265,0.3574353973694499,4.283656776556991,0.7728558820658583,-0.3552439905798167,1.4106916323081893
0.24188644397759934,2,0.16665889887614513,1,-0.031925344977538815,-0.8633557240412861,3,1.494578018170295,-1.557913295991049,1,0.9938039285529556,0.389912032759361,-0.02544667403658987,4,-1.582336477491676,1,-0.26166600500321996,-0.28112335996227744,-0.6594307537576322,0,2.6624808341673427,2.3294268625987633,1.2111762779623128,0.21880726957482452,-0.14325407301876378,0.15731945906803824,0.3574353973694499,0.5045267171188654,-1.165051404308234,1.569949248691448,1.4106916323081893
1.220153972849939,2,1.0469349111170687,1,0.09076813768123806,0.0999330154962399,1,1.3809678271059511,1.1985150431545986,1,1.18935540851251,-1.012340415329351,2.6950341138752156,5,-0.6706129608183733,1,2.822172380618597,-0.10265083406187105,0.5397814623541853,0,-0.8850184679723064,-0.4292901468837605,1.2111762779623128,-0.9455246264432461,2.289017209299822,0.15731945906803824,0.3574353973694499,2.476246748130061,1.6033875762261836,3.1742769480841684,1.4106916323081893
0.024493659783746062,2,-1.4089611902609702,2,-0.40000579295386945,1.063221755033766,3,-1.0707071655724245,0.279705596772716,1,1.53157049844173,0.389912032759361,-0.02544667403658987,7,1.152834072528232,1,0.025385507948073656,1.198171787682258,0.5397814623541853,0,-0.3392493445662066,-0.4292901468837605,-0.6398221663309683,0.21880726957482452,-0.5272969070690668,1.6990501579348147,1.7969697374601115,-0.31702329580246624,-0.05767581209446695,-0.6761095304583609,-0.8587657679577896
0.4592792281714526,1,0.9877566918067545,1,1.5630899295865606,0.0999330154962399,1,0.5988686857209757,1.1985150431545986,0,0.40714948867429285,0.389912032759361,-0.02544667403658987,6,1.152834072528232,0,-0.19452442240321344,-0.05057288880702061,0.14004405698357952,1,-0.3392493445662066,-0.4292901468837605,-1.565321388477609,1.383139165592895,0.1127744830147716,0.9281848085014265,-1.0820989427212115,-0.15271329321819993,-0.6113636082013505,0.2864870891772715,-0.2914014178912949
-1.7146486137670802,0,0.23570015473817835,2,-0.031925344977538815,-0.8633557240412861,3,-0.8961755677054616,-1.557913295991049,1,-1.3528138309616955,0.389912032759361,-0.932273603340525,8,1.152834072528232,2,-0.8015608195178291,-1.6131927488593167,-0.6594307537576322,0,2.389596272464293,2.3294268625987633,0.2856770558156722,-0.9455246264432461,-1.0393540191361377,0.15731945906803824,-1.0820989427212115,-0.6456433009709989,-0.6113636082013505,-0.03437845070127261,-0.5750835929245423
-0.5189883007008872,2,-1.6826604545711732,2,0.4588485856575687,1.063221755033766,1,-0.27872887713837574,-0.6391038496091666,1,0.3093737486945157,0.389912032759361,-0.02544667403658987,7,1.152834072528232,0,-0.42059608027158973,-0.7125257983571872,-0.2596933483870263,0,-1.1579030296753563,-0.4292901468837605,0.2856770558156722,0.21880726957482452,-0.39928262905229917,0.15731945906803824,-1.0820989427212115,-0.31702329580246624,-0.6113636082013505,-0.6761095304583609,-0.2914014178912949
0.024493659783746062,2,1.4143330226686026,1,-0.890779723588977,-0.8633557240412861,4,-1.6865073316313315,1.1985150431545986,1,1.2382432785023985,-1.012340415329351,-0.932273603340525,2,0.24111055585492935,2,-0.9120469681001183,-1.6772345464024436,1.339256273095397,1,-0.06636478286315664,-0.4292901468837605,-0.6398221663309683,-0.9455246264432461,-0.5272969070690668,0.15731945906803824,0.3574353973694499,-1.138573308723798,-1.165051404308234,-0.6761095304583609,-1.142447942991037
2.4158142859161322,2,1.2935108249100444,1,-0.7680862409302001,0.0999330154962399,3,-1.6766281845822582,0.279705596772716,0,0.7004767086136243,1.792164480848073,-0.932273603340525,2,-1.582336477491676,1,-0.7888124177583342,-0.612029439135665,0.5397814623541853,1,1.298058025652093,2.3294268625987633,-1.565321388477609,2.5474710616109655,0.1127744830147716,0.15731945906803824,-1.0820989427212115,-0.9742633061395315,-1.165051404308234,-0.6761095304583609,-1.142447942991037
0.8940647965591592,1,1.1085788895653126,1,-0.27731231029509257,0.0999330154962399,1,-0.9933205136880164,-1.557913295991049,1,1.4826826284518413,0.389912032759361,0.8813802552673452,2,-1.582336477491676,0,-0.24913007660638328,0.8439010087458836,-0.6594307537576322,0,0.7522889022459932,-0.4292901468837605,-1.565321388477609,0.21880726957482452,1.6489458192159838,-0.61354589036535,0.3574353973694499,2.804866753298594,1.3265436781727418,2.2116803284485362,1.978055982374684
-0.19289912441010723,1,-1.6506055857780864,1,1.9311703775628912,1.063221755033766,1,-0.24250533795844,1.1985150431545986,0,1.4337947584619528,0.389912032759361,-0.932273603340525,6,-0.6706129608183733,0,-0.9264951567608792,0.3236845610109451,-0.6594307537576322,1,1.025173463949043,-0.4292901468837605,-1.565321388477609,0.21880726957482452,-0.14325407301876378,0.15731945906803824,-1.0820989427212115,0.5045267171188654,-0.6113636082013505,1.569949248691448,1.1270094572749418
-0.08420273231318058,1,-0.8147132380198985,1,-0.7680862409302001,0.0999330154962399,5,0.3765878771168248,0.279705596772716,1,-1.0105987410324755,0.389912032759361,-0.932273603340525,6,-0.6706129608183733,1,-0.5716646411216043,-0.7116812911368382,-0.6594307537576322,0,-0.8850184679723064,-0.4292901468837605,0.2856770558156722,-0.9455246264432461,0.1127744830147716,-0.61354589036535,-1.0820989427212115,0.6688367197031317,1.6033875762261836,-0.6761095304583609,0.8433272822416945
0.4592792281714526,2,0.32200172456571985,2,-0.7680862409302001,0.0999330154962399,1,1.6608769934963634,0.279705596772716,1,-0.47283217114370135,-1.012340415329351,-0.02544667403658987,7,-0.6706129608183733,0,0.5429706193835667,-0.29350946586072835,-0.2596933483870263,0,-1.1579030296753563,-0.4292901468837605,0.2856770558156722,0.21880726957482452,0.36880303904830697,1.6990501579348147,0.3574353973694499,-0.31702329580246624,-0.05767581209446695,-0.6761095304583609,-0.007719242858047555
0.4592792281714526,2,0.2381659138761081,2,-0.40000579295386945,0.0999330154962399,1,-1.2024291262267361,1.1985150431545986,0,0.40714948867429285,0.389912032759361,0.8813802552673452,3,1.152834072528232,2,1.5316091758323966,0.050908728838242004,0.14004405698357952,1,0.7522889022459932,-0.4292901468837605,0.2856770558156722,-0.9455246264432461,0.6248315950818424,0.15731945906803824,0.3574353973694499,-0.9742633061395315,-1.165051404308234,-0.6761095304583609,-1.142447942991037
0.5679756202683792,2,-0.48430151353731093,1,-0.27731231029509257,1.063221755033766,3,0.43421623490308614,-0.6391038496091666,0,0.5538130986439586,1.792164480848073,-0.02544667403658987,6,-0.6706129608183733,1,-0.8521294798304923,-1.2223266570411555,1.339256273095397,1,0.2065197788398933,-0.4292901468837605,1.2111762779623128,-0.9455246264432461,0.8808601511153777,-0.61354589036535,0.3574353973694499,-0.9742633061395315,-1.165051404308234,-0.6761095304583609,-1.142447942991037
0.5679756202683792,2,-0.26731470939949226,2,-0.15461882763631568,1.063221755033766,2,-1.6354650718777857,0.279705596772716,1,-0.9128230010526984,0.389912032759361,-0.02544667403658987,7,-0.6706129608183733,1,0.09401440408668789,0.9656507996795204,-1.0591681591282378,0,-1.1579030296753563,-0.4292901468837605,1.2111762779623128,0.21880726957482452,-0.14325407301876378,-0.61354589036535,0.3574353973694499,0.34021671453459906,0.7728558820658583,0.6073526290558157,-0.5750835929245423
-1.3885594374763002,0,0.07542581077274407,2,0.4588485856575687,-0.8633557240412861,1,0.768460710063402,1.1985150431545986,0,0.5538130986439586,0.389912032759361,-0.932273603340525,8,-0.6706129608183733,1,-0.9241579497716385,-1.0147186320387112,-0.6594307537576322,0,-0.6121339062692566,-0.4292901468837605,0.2856770558156722,0.21880726957482452,-1.295382575169673,-0.61354589036535,0.3574353973694499,-0.9742633061395315,-1.165051404308234,-0.6761095304583609,-1.142447942991037
-0.41029190860396053,2,-0.48430151353731093,2,-0.031925344977538815,1.063221755033766,2,0.2119354262989352,-1.557913295991049,0,0.50492522865407,0.389912032759361,-0.02544667403658987,7,-1.582336477491676,2,0.3912646384455774,0.5732364446240528,-1.0591681591282378,1,0.47940434054294323,-0.4292901468837605,-1.565321388477609,-0.9455246264432461,-0.6553111850858345,0.15731945906803824,0.3574353973694499,-0.31702329580246624,-0.6113636082013505,-0.6761095304583609,-0.2914014178912949
0.6766720123653059,1,-0.9306039175025971,1,-1.0134732062477538,0.0999330154962399,1,-0.2079283232866832,1.1985150431545986,0,-1.646141050901027,0.389912032759361,-0.02544667403658987,0,1.152834072528232,1,-0.17433945295067985,1.0513682825449364,0.5397814623541853,0,-0.6121339062692566,-0.4292901468837605,-0.6398221663309683,0.21880726957482452,0.1127744830147716,-0.61354589036535,-1.0820989427212115,-0.31702329580246624,-0.6113636082013505,-0.03437845070127261,-0.5750835929245423
-1.2798630453793736,2,-0.5336166962959061,2,-0.6453927582714232,-1.8266444635788122,2,-0.23591923992572442,0.279705596772716,1,0.9938039285529556,-1.012340415329351,-0.02544667403658987,7,-1.582336477491676,1,-0.45182966458235224,0.5407229166406191,-0.6594307537576322,0,-0.8850184679723064,-0.4292901468837605,-1.565321388477609,-0.9455246264432461,-0.7833254631026022,-1.3844112397987383,1.7969697374601115,-0.31702329580246624,-0.6113636082013505,-0.6761095304583609,-0.2914014178912949
0.1331900518806727,1,1.4587166871513382,1,0.09076813768123806,-1.8266444635788122,3,-0.03668977443607804,0.279705596772716,1,-0.03284134123470423,0.389912032759361,-0.932273603340525,6,0.24111055585492935,1,-0.7858377906811187,-0.3075845861998771,-1.0591681591282378,0,0.47940434054294323,-0.4292901468837605,-0.6398221663309683,0.21880726957482452,-1.0393540191361377,-2.1552765892321264,-1.0820989427212115,-0.8099533035552652,-0.8882075062547923,-0.6761095304583609,-0.5750835929245423
-0.41029190860396053,2,-0.6988225585371999,1,-0.15461882763631568,2.026510494571292,1,0.8013912002269798,1.1985150431545986,1,0.11382226873496147,0.389912032759361,-0.02544667403658987,0,0.24111055585492935,2,0.0011635446050333386,1.0889488538504637,-0.2596933483870263,1,0.47940434054294323,-0.4292901468837605,-1.565321388477609,-0.9455246264432461,0.36880303904830697,2.469915507368203,0.3574353973694499,-1.138573308723798,-1.165051404308234,-0.6761095304583609,-1.142447942991037
1.7636359333345724,2,-0.341287483537385,2,-0.27731231029509257,-0.8633557240412861,2,-0.273789303613839,-1.557913295991049,0,0.5538130986439586,-1.012340415329351,0.8813802552673452,7,1.152834072528232,1,0.9670674512494306,0.901186748526219,1.738993678466003,1,0.7522889022459932,-0.4292901468837605,1.2111762779623128,0.21880726957482452,3.0571028774004283,0.15731945906803824,0.3574353973694499,-0.31702329580246624,-0.6113636082013505,-0.6761095304583609,-0.007719242858047555
0.6766720123653059,1,0.696797113531043,1,2.1765573428804452,0.0999330154962399,1,0.16089316654538943,0.279705596772716,0,0.7982524485934014,0.389912032759361,0.8813802552673452,4,-1.582336477491676,1,0.9428454879063902,-0.3909092986076378,2.1387310838366087,0,-1.1579030296753563,-0.4292901468837605,0.2856770558156722,0.21880726957482452,0.8808601511153777,-1.3844112397987383,0.3574353973694499,0.17590671195033272,0.7728558820658583,-0.6761095304583609,-0.8587657679577896
0.5679756202683792,2,-1.3078650656058501,1,-0.890779723588977,0.0999330154962399,3,-1.1151633272932546,1.1985150431545986,0,-0.5217200411335899,-1.012340415329351,-0.932273603340525,2,-1.582336477491676,0,-0.8051728666830194,-0.8874795441728064,-1.0591681591282378,1,-1.1579030296753563,-0.4292901468837605,0.2856770558156722,0.21880726957482452,-0.14325407301876378,0.9281848085014265,0.3574353973694499,0.34021671453459906,0.4960119840124166,1.569949248691448,1.1270094572749418
1.7636359333345724,2,1.1899489411169946,1,-0.5226992756126463,0.0999330154962399,4,-1.6404046454023224,0.279705596772716,0,-0.42394430115381276,0.389912032759361,2.6950341138752156,3,0.24111055585492935,0,2.7008500905407375,-0.503510261320828,0.5397814623541853,0,-1.1579030296753563,-0.4292901468837605,1.2111762779623128,0.21880726957482452,1.9049743752495192,0.15731945906803824,-1.0820989427212115,1.1617667274559307,2.433919270386509,0.6073526290558157,1.1270094572749418
-0.845077476991667,2,-1.187042867847292,1,-0.15461882763631568,1.063221755033766,4,-0.9455713029508285,-0.6391038496091666,1,0.50492522865407,-2.414592863418063,-0.932273603340525,2,-1.582336477491676,1,-0.9058852405830291,-1.3446394527883583,-0.6594307537576322,1,-1.1579030296753563,-0.4292901468837605,1.2111762779623128,-0.9455246264432461,-0.5272969070690668,0.9281848085014265,-1.0820989427212115,0.011596709366066407,0.7728558820658583,-0.6761095304583609,0.8433272822416945
-0.845077476991667,2,-0.351150520089104,1,2.1765573428804452,0.0999330154962399,3,-0.38739949467818285,-0.6391038496091666,0,-0.03284134123470423,0.389912032759361,-0.02544667403658987,0,0.24111055585492935,1,-0.43504426893235065,1.5815780657206704,0.5397814623541853,0,-0.8850184679723064,-0.4292901468837605,-1.565321388477609,0.21880726957482452,-0.0152397950019961,0.15731945906803824,-1.0820989427212115,0.17590671195033272,0.7728558820658583,-0.3552439905798167,-0.8587657679577896
0.024493659783746062,2,-0.9651245454336137,1,1.19500948161023,-0.8633557240412861,1,-1.5926554346651345,-0.6391038496091666,1,0.3093737486945157,0.389912032759361,-0.932273603340525,6,-0.6706129608183733,1,-0.7140217941026308,-0.5750118726437037,0.5397814623541853,0,1.570942587355143,2.3294268625987633,-1.565321388477609,-0.9455246264432461,-0.39928262905229917,-1.3844112397987383,0.3574353973694499,-0.9742633061395315,-1.165051404308234,-0.6761095304583609,-1.142447942991037
1.4375467570437923,1,0.7781671650827251,1,-1.0134732062477538,0.0999330154962399,1,-1.4609334740108229,-1.557913295991049,0,0.3093737486945157,0.389912032759361,2.6950341138752156,5,-0.6706129608183733,1,2.5049496501698325,-0.6414464406444859,0.14004405698357952,1,1.025173463949043,-0.4292901468837605,-1.565321388477609,-0.9455246264432461,2.1610029312830545,-1.3844112397987383,-1.0820989427212115,0.17590671195033272,-0.3345197101479087,-0.6761095304583609,0.8433272822416945
-0.845077476991667,0,-0.13169795681335558,2,-0.890779723588977,0.0999330154962399,1,-0.920873435328145,1.1985150431545986,1,-0.27728069118414705,0.389912032759361,-0.02544667403658987,7,0.24111055585492935,1,-0.36832763305766064,0.3681619412826552,-0.6594307537576322,0,-0.3392493445662066,-0.4292901468837605,-1.565321388477609,0.21880726957482452,-0.9113397411193699,0.15731945906803824,-1.0820989427212115,-0.48133329838673256,-0.3345197101479087,-0.6761095304583609,-0.5750835929245423
-0.41029190860396053,1,-0.7012883176751297,1,-1.0134732062477538,-0.8633557240412861,1,-1.5728971405669878,-1.557913295991049,0,1.53157049844173,0.389912032759361,0.8813802552673452,5,1.152834072528232,2,1.5033502185988497,0.11734329683902418,-0.6594307537576322,1,-0.8850184679723064,-0.4292901468837605,0.2856770558156722,-0.9455246264432461,0.49681731706507465,-1.3844112397987383,0.3574353973694499,1.326076730040197,2.710763168439951,1.890814788569992,2.2617381574079314
1.9810287175284256,0,-0.8763572164681425,1,-0.890779723588977,-1.8266444635788122,3,0.07527389212008687,0.279705596772716,1,-1.303925960971807,-1.012340415329351,1.7882071845712804,3,-1.582336477491676,2,2.204087368645753,0.42375866662229283,1.738993678466003,0,-0.06636478286315664,-0.4292901468837605,-0.6398221663309683,-0.9455246264432461,2.5450457653333576,0.15731945906803824,1.7969697374601115,0.34021671453459906,0.7728558820658583,1.2490837088129039,-0.5750835929245423
1.5462431491407191,2,1.6510458999098594,1,-0.15461882763631568,1.063221755033766,1,-1.205722175243094,-0.6391038496091666,1,0.7004767086136243,-1.012340415329351,0.8813802552673452,5,-0.6706129608183733,1,1.2976760035456651,0.20038650684000192,0.9395188677247911,0,0.2065197788398933,-0.4292901468837605,1.2111762779623128,1.383139165592895,0.6248315950818424,1.6990501579348147,-2.521633282811873,0.5045267171188654,1.3265436781727418,0.6073526290558157,0.8433272822416945
-0.7363810848947404,1,1.2639217152548874,1,1.6857834122453375,0.0999330154962399,1,-1.4312960328636026,-1.557913295991049,1,1.4337947584619528,-2.414592863418063,-0.932273603340525,6,0.24111055585492935,0,-0.8009233994298544,1.1256849179356418,-0.6594307537576322,0,2.6624808341673427,2.3294268625987633,0.2856770558156722,2.5474710616109655,-0.14325407301876378,-0.61354589036535,-1.0820989427212115,0.5045267171188654,0.7728558820658583,-0.6761095304583609,1.4106916323081893
1.3288503649468657,2,0.7362492597379192,1,-0.6453927582714232,-0.8633557240412861,3,0.37494135260864586,-1.557913295991049,1,0.8960281885731786,-1.012340415329351,2.6950341138752156,3,0.24111055585492935,1,2.6194727926426284,-0.30800683981005156,-0.2596933483870263,0,-0.6121339062692566,-0.4292901468837605,0.2856770558156722,0.21880726957482452,1.5209315411992161,-0.61354589036535,1.7969697374601115,-0.9742633061395315,-1.165051404308234,-0.6761095304583609,-1.142447942991037
1.1114575807530125,1,1.4291275774961811,1,0.8269290336338992,1.063221755033766,3,-0.06797374009147707,0.279705596772716,1,-0.13061708121448137,1.792164480848073,-0.02544667403658987,4,0.24111055585492935,0,-0.2795137674665128,-1.063137046005383,-0.6594307537576322,1,1.025173463949043,-0.4292901468837605,0.2856770558156722,-0.9455246264432461,1.136888707148913,0.15731945906803824,1.7969697374601115,1.9833167403772622,1.6033875762261836,-0.03437845070127261,0.8433272822416945
-0.6276846927978138,2,0.696797113531043,1,-1.0134732062477538,1.063221755033766,3,-1.5366736013870521,0.279705596772716,1,0.9938039285529556,0.389912032759361,-0.932273603340525,6,-0.6706129608183733,2,-0.8247204160475782,0.6281294139467329,-0.6594307537576322,0,0.47940434054294323,-0.4292901468837605,-0.6398221663309683,-0.9455246264432461,-1.295382575169673,0.9281848085014265,0.3574353973694499,-0.9742633061395315,-0.8882075062547923,-0.3552439905798167,-1.142447942991037
1.1114575807530125,2,-1.4607421321574952,1,-0.031925344977538815,1.063221755033766,1,1.3628560575159834,-0.6391038496091666,0,-0.13061708121448137,0.389912032759361,-0.932273603340525,2,0.24111055585492935,2,-0.9088598676602445,-1.2528696681771083,0.5397814623541853,0,-0.8850184679723064,-0.4292901468837605,0.2856770558156722,-0.9455246264432461,-0.5272969070690668,-0.61354589036535,0.3574353973694499,-0.8099533035552652,-0.6113636082013505,-0.03437845070127261,-1.142447942991037
2.3071178938192056,2,0.11980947525547972,1,1.6857834122453375,1.063221755033766,1,0.46056062703394846,-1.557913295991049,1,1.0426917985428443,0.389912032759361,-0.932273603340525,6,0.24111055585492935,0,-0.8521294798304923,1.6557539499079845,-0.6594307537576322,0,-0.8850184679723064,-0.4292901468837605,1.2111762779623128,1.383139165592895,-1.1673682971529054,0.15731945906803824,0.3574353973694499,-0.8099533035552652,-0.6113636082013505,-0.03437845070127261,-0.5750835929245423
0.4592792281714526,2,1.3822781538755158,1,0.3361551029987918,0.0999330154962399,5,-1.5975950081896713,-0.6391038496091666,0,-0.8639351310628098,0.389912032759361,2.6950341138752156,5,0.24111055585492935,1,2.7966755770996077,0.27695516148497124,-0.6594307537576322,0,-0.8850184679723064,-0.4292901468837605,1.2111762779623128,-0.9455246264432461,1.5209315411992161,-2.1552765892321264,0.3574353973694499,2.476246748130061,2.9876070664933927,4.1368735677198005,1.1270094572749418
-0.845077476991667,2,-0.8171789971578283,1,2.299250825539222,1.063221755033766,3,1.6888679101354047,1.1985150431545986,0,0.3093737486945157,-1.012340415329351,-0.932273603340525,6,-1.582336477491676,2,-0.5519046183943872,-0.8196374641381092,-0.6594307537576322,0,-0.3392493445662066,-0.4292901468837605,-0.6398221663309683,-0.9455246264432461,-0.7833254631026022,0.15731945906803824,-2.521633282811873,-0.31702329580246624,-0.05767581209446695,-0.6761095304583609,-0.007719242858047555
1.4375467570437923,2,1.0050170057722627,1,2.299250825539222,-1.8266444635788122,3,-0.5141818818079578,1.1985150431545986,1,0.3582616186844043,1.792164480848073,-0.932273603340525,2,0.24111055585492935,1,-0.6717395949336393,-1.5504177121467133,-0.6594307537576322,1,-1.1579030296753563,-0.4292901468837605,0.2856770558156722,2.5474710616109655,1.136888707148913,0.15731945906803824,0.3574353973694499,2.1476267429615286,1.0496997801193,0.2864870891772715,1.1270094572749418
-0.5189883007008872,2,-1.3127965838817095,1,2.421944308197999,1.063221755033766,1,1.6164208317755333,0.279705596772716,0,-0.8639351310628098,-1.012340415329351,-0.932273603340525,2,-0.6706129608183733,2,-0.7533293661944067,0.22614397706064415,-0.6594307537576322,0,-0.6121339062692566,-0.4292901468837605,0.2856770558156722,-0.9455246264432461,-0.6553111850858345,0.15731945906803824,0.3574353973694499,-0.15271329321819993,-0.6113636082013505,0.6073526290558157,-0.8587657679577896
0.7853684044622325,2,1.2663874743928172,1,-0.27731231029509257,0.0999330154962399,3,0.9545179794876172,-0.6391038496091666,0,-1.743916790880804,0.389912032759361,2.6950341138752156,5,1.152834072528232,0,2.691288789221116,-1.5149484088920584,-1.0591681591282378,1,-0.3392493445662066,-0.4292901468837605,1.2111762779623128,0.21880726957482452,1.5209315411992161,0.9281848085014265,-1.0820989427212115,2.476246748130061,0.7728558820658583,-0.3552439905798167,1.6943738073414365
0.1331900518806727,2,-0.9034805669853698,0,-1.0134732062477538,0.0999330154962399,0,0.20370280375804073,0.279705596772716,1,-1.4505895709414727,1.792164480848073,-0.932273603340525,1,0.24111055585492935,1,-0.751842052655799,-1.169404204565956,-0.6594307537576322,0,-0.6121339062692566,-0.4292901468837605,1.2111762779623128,0.21880726957482452,-0.5272969070690668,-0.61354589036535,1.7969697374601115,0.011596709366066407,0.4960119840124166,0.9282181689343597,-1.142447942991037
-1.171166653282447,1,-1.1278646485369777,1,-0.890779723588977,0.0999330154962399,1,0.04069687744833005,-1.557913295991049,1,-0.47283217114370135,0.389912032759361,-0.932273603340525,6,-1.582336477491676,1,-0.9222456895077142,0.14549353751732172,1.339256273095397,1,-0.3392493445662066,-0.4292901468837605,-0.6398221663309683,0.21880726957482452,-0.6553111850858345,-0.61354589036535,0.3574353973694499,-0.6456433009709989,-0.6113636082013505,-0.3552439905798167,-0.5750835929245423
0.350582836074526,1,-0.5410139737096954,2,-0.5226992756126463,1.063221755033766,1,-0.49277706320163217,1.1985150431545986,1,-0.9128230010526984,-1.012340415329351,0.8813802552673452,7,-1.582336477491676,1,0.8695421777892945,1.3314631772939969,0.9395188677247911,1,1.570942587355143,2.3294268625987633,0.2856770558156722,0.21880726957482452,1.136888707148913,-0.61354589036535,0.3574353973694499,1.819006737792996,2.433919270386509,-0.3552439905798167,2.2617381574079314
0.8940647965591592,2,-1.349782970950656,1,-0.890779723588977,0.0999330154962399,1,-0.3198919898428481,-0.6391038496091666,0,1.3849068884720641,-1.012340415329351,-0.932273603340525,6,0.24111055585492935,2,-0.8729518693710006,-1.1484322752606244,-0.6594307537576322,0,-0.3392493445662066,-0.4292901468837605,1.2111762779623128,-0.9455246264432461,-1.295382575169673,0.15731945906803824,0.3574353973694499,-0.9742633061395315,-1.165051404308234,-0.6761095304583609,-1.142447942991037
1.0027611886560859,1,0.5784406749104147,1,1.072315998951453,-1.8266444635788122,3,-0.6656621365604162,-1.557913295991049,0,0.9449160585630672,0.389912032759361,0.8813802552673452,0,0.24111055585492935,1,0.8805907926475235,-0.7499656184593229,0.9395188677247911,0,-1.1579030296753563,-0.4292901468837605,1.2111762779623128,-0.9455246264432461,2.1610029312830545,0.15731945906803824,-1.0820989427212115,-0.8099533035552652,-0.6113636082013505,-0.3552439905798167,-0.5750835929245423
-0.9537738690885937,0,1.3970727087030943,1,1.8084768949041143,-0.8633557240412861,5,0.08844608818551802,-0.6391038496091666,1,0.2604858787046272,-1.012340415329351,0.8813802552673452,0,-1.582336477491676,2,0.4970763730493851,-0.2754933118266179,-0.6594307537576322,0,-0.8850184679723064,-0.4292901468837605,-1.565321388477609,-0.9455246264432461,-0.14325407301876378,-0.61354589036535,-1.0820989427212115,0.5045267171188654,0.7728558820658583,-0.3552439905798167,1.4106916323081893
-0.30159551650703387,2,-1.5248518697436688,1,-0.890779723588977,1.063221755033766,3,1.1965570821899147,1.1985150431545986,1,1.4826826284518413,1.792164480848073,-0.932273603340525,6,1.152834072528232,1,-0.7331443967418731,-1.228238207583598,-1.0591681591282378,1,-0.3392493445662066,-0.4292901468837605,-1.565321388477609,2.5474710616109655,-0.6553111850858345,0.15731945906803824,0.3574353973694499,-0.31702329580246624,-1.165051404308234,-0.3552439905798167,-0.5750835929245423
1.9810287175284256,1,-1.6382767900884376,1,1.072315998951453,1.063221755033766,3,0.009412911792931033,0.279705596772716,1,-0.2283928211942585,0.389912032759361,-0.02544667403658987,0,-0.6706129608183733,1,0.0005261245170585934,-0.18583479526624028,0.14004405698357952,1,-0.3392493445662066,-0.4292901468837605,1.2111762779623128,1.383139165592895,0.7528458730986101,0.15731945906803824,0.3574353973694499,0.17590671195033272,0.7728558820658583,1.2490837088129039,0.8433272822416945
-1.9320413979609334,2,-1.317728102157569,1,1.9311703775628912,0.0999330154962399,1,0.3963461712149715,-0.6391038496091666,0,-0.47283217114370135,1.792164480848073,-0.932273603340525,6,1.152834072528232,2,-0.7199710482570617,0.9724068574423118,-0.6594307537576322,1,-0.8850184679723064,-0.4292901468837605,1.2111762779623128,-0.9455246264432461,-1.295382575169673,-0.61354589036535,0.3574353973694499,-0.9742633061395315,-1.165051404308234,-0.6761095304583609,-0.8587657679577896
-0.5189883007008872,2,-0.9182751218129483,1,-1.0134732062477538,0.0999330154962399,3,-1.5646645180260932,-1.557913295991049,1,-1.646141050901027,0.389912032759361,-0.02544667403658987,4,1.152834072528232,1,-0.0468554353557308,-0.4835235904392367,-0.6594307537576322,1,1.843827149058193,2.3294268625987633,-0.6398221663309683,0.21880726957482452,-0.2712683510355315,0.15731945906803824,0.3574353973694499,0.34021671453459906,1.0496997801193,1.569949248691448,1.1270094572749418
0.350582836074526,0,-0.3363559652615255,1,-0.031925344977538815,1.063221755033766,4,0.6927205826871727,0.279705596772716,1,0.7004767086136243,0.389912032759361,-0.02544667403658987,2,0.24111055585492935,0,-0.5115346794893201,1.2367376174115257,0.14004405698357952,0,-1.1579030296753563,-0.4292901468837605,0.2856770558156722,1.383139165592895,-0.0152397950019961,-0.61354589036535,1.7969697374601115,0.17590671195033272,0.7728558820658583,-0.6761095304583609,0.8433272822416945
-0.7363810848947404,2,1.3181684162893421,2,-0.6453927582714232,-0.8633557240412861,3,-1.4938639641744007,0.279705596772716,0,-0.17950495120436993,-1.012340415329351,-0.02544667403658987,7,-0.6706129608183733,0,-0.24934254996904154,0.7667693492873483,-0.6594307537576322,1,-0.8850184679723064,-0.4292901468837605,-0.6398221663309683,2.5474710616109655,-0.0152397950019961,0.9281848085014265,-1.0820989427212115,0.6688367197031317,1.0496997801193,-0.03437845070127261,0.8433272822416945
-1.6059522216701536,2,-0.44978088560629437,1,-0.7680862409302001,-1.8266444635788122,1,-0.1684117350903897,-0.6391038496091666,0,-1.5972531809111383,0.389912032759361,-0.02544667403658987,4,0.24111055585492935,1,-0.46988990040830336,-0.6038658693389587,-1.0591681591282378,1,1.025173463949043,-0.4292901468837605,-1.565321388477609,0.21880726957482452,-0.9113397411193699,0.15731945906803824,1.7969697374601115,-0.6456433009709989,-0.6113636082013505,-0.6761095304583609,-0.5750835929245423
1.220153972849939,2,1.6510458999098594,1,1.3177029642690068,1.063221755033766,3,-0.1371277694349907,1.1985150431545986,1,-0.7661593910830328,0.389912032759361,-0.932273603340525,6,0.24111055585492935,1,-0.8761389698108744,-1.234290509329432,0.5397814623541853,0,0.47940434054294323,-0.4292901468837605,-1.565321388477609,1.383139165592895,0.2407887610315393,-0.61354589036535,-1.0820989427212115,-1.138573308723798,-1.165051404308234,-0.6761095304583609,-1.142447942991037
0.8940647965591592,0,0.9754278961171057,1,-0.890779723588977,-0.8633557240412861,3,-1.2584109595048187,-1.557913295991049,1,-0.0817292112245928,-1.012340415329351,1.7882071845712804,3,1.152834072528232,1,2.21173640970145,0.8655766940681727,2.5384684892072147,0,2.1167117107612428,2.3294268625987633,1.2111762779623128,0.21880726957482452,1.3929172631824485,-1.3844112397987383,0.3574353973694499,2.1476267429615286,1.0496997801193,2.8534114082056243,1.1270094572749418
1.7636359333345724,2,0.667208003875886,1,-0.7680862409302001,1.063221755033766,3,-1.0575349695069933,0.279705596772716,1,-1.0594866110223642,0.389912032759361,1.7882071845712804,5,0.24111055585492935,1,2.3800153129267825,0.9435528607470569,0.14004405698357952,1,0.2065197788398933,-0.4292901468837605,1.2111762779623128,2.5474710616109655,1.2649029851656808,1.6990501579348147,-1.0820989427212115,-0.31702329580246624,-0.3345197101479087,-0.3552439905798167,-0.2914014178912949
-0.08420273231318058,1,-0.6371785800889559,2,-0.7680862409302001,1.063221755033766,3,-0.9011151412299983,-1.557913295991049,1,-0.9128230010526984,-1.012340415329351,0.8813802552673452,7,1.152834072528232,1,0.7046628483664938,-0.9945912099537285,0.5397814623541853,0,-1.1579030296753563,-0.4292901468837605,-1.565321388477609,0.21880726957482452,0.6248315950818424,-0.61354589036535,0.3574353973694499,0.9974567248716644,1.3265436781727418,-0.3552439905798167,2.2617381574079314
-0.845077476991667,1,0.01624759146242989,1,-1.0134732062477538,1.063221755033766,1,-0.5240610288570312,-0.6391038496091666,1,0.45603735866418144,-2.414592863418063,-0.932273603340525,6,1.152834072528232,0,-0.7781887496254218,0.6540276353707667,-0.6594307537576322,0,0.7522889022459932,-0.4292901468837605,1.2111762779623128,0.21880726957482452,-0.14325407301876378,1.6990501579348147,0.3574353973694499,0.5045267171188654,0.7728558820658583,-0.03437845070127261,1.1270094572749418
1.0027611886560859,2,0.5020021416345922,1,-0.15461882763631568,1.063221755033766,1,0.08515303916916024,1.1985150431545986,0,0.3582616186844043,-1.012340415329351,-0.02544667403658987,6,-1.582336477491676,0,-0.3755517273880411,0.9453826263911462,2.1387310838366087,1,2.1167117107612428,2.3294268625987633,-1.565321388477609,2.5474710616109655,1.0088744291321454,-0.61354589036535,0.3574353973694499,1.4903867326244633,2.433919270386509,-0.3552439905798167,0.8433272822416945
0.4592792281714526,2,-0.6174525069855179,1,-0.27731231029509257,-0.8633557240412861,3,-0.005405808780679028,1.1985150431545986,0,-1.2061502209920298,0.389912032759361,-0.02544667403658987,4,0.24111055585492935,2,-0.2931120626766407,1.2750219447340103,1.339256273095397,0,-0.3392493445662066,-0.4292901468837605,-0.6398221663309683,-0.9455246264432461,-0.39928262905229917,2.469915507368203,0.3574353973694499,-0.8099533035552652,-0.6113636082013505,-0.03437845070127261,-0.8587657679577896
0.4592792281714526,2,1.3724151173237966,2,1.3177029642690068,-0.8633557240412861,2,-1.2847553516356809,-0.6391038496091666,0,0.16271013872485005,0.389912032759361,-0.932273603340525,8,-0.6706129608183733,2,-0.6889499373089575,1.043767717561796,-0.6594307537576322,1,1.843827149058193,2.3294268625987633,1.2111762779623128,-0.9455246264432461,-0.9113397411193699,1.6990501579348147,-1.0820989427212115,-0.48133329838673256,-0.3345197101479087,-0.6761095304583609,-0.5750835929245423
1.6549395412376458,1,-1.1771798312955728,1,2.299250825539222,-0.8633557240412861,3,0.6136874062945857,1.1985150431545986,0,-0.3750564311639242,1.792164480848073,1.7882071845712804,4,0.24111055585492935,1,1.458518339077959,-0.6448244695258816,-0.2596933483870263,1,-1.1579030296753563,-0.4292901468837605,-0.6398221663309683,0.21880726957482452,1.6489458192159838,0.15731945906803824,-1.0820989427212115,-0.31702329580246624,-0.3345197101479087,-0.6761095304583609,-0.5750835929245423
1.5462431491407191,1,1.6189910311167726,1,-1.0134732062477538,1.063221755033766,3,-1.4543473759781071,-1.557913295991049,0,-1.7928046608706927,-1.012340415329351,0.8813802552673452,0,-1.582336477491676,2,0.2340343500784736,1.616343612958368,0.14004405698357952,0,1.298058025652093,2.3294268625987633,0.2856770558156722,-0.9455246264432461,1.5209315411992161,-1.3844112397987383,-1.0820989427212115,0.9974567248716644,2.1570753723330673,3.1742769480841684,1.1270094572749418
-1.171166653282447,2,1.3748808764617264,1,1.9311703775628912,0.0999330154962399,1,-1.6025345817142078,-1.557913295991049,1,-0.9128230010526984,-2.414592863418063,-0.932273603340525,2,0.24111055585492935,2,-0.8689148754804938,-0.5284232243211213,-0.6594307537576322,0,-0.8850184679723064,-0.4292901468837605,0.2856770558156722,-0.9455246264432461,-1.295382575169673,-0.61354589036535,-1.0820989427212115,-0.9742633061395315,-1.165051404308234,-0.6761095304583609,-0.8587657679577896
-0.08420273231318058,2,0.8817290488757749,2,-0.890779723588977,1.063221755033766,1,0.8688987050623146,0.279705596772716,1,0.16271013872485005,0.389912032759361,-0.932273603340525,8,1.152834072528232,2,-0.7943367251874487,0.3784367791302338,0.14004405698357952,1,1.570942587355143,2.3294268625987633,1.2111762779623128,-0.9455246264432461,-0.5272969070690668,0.15731945906803824,-1.0820989427212115,-0.6456433009709989,-0.6113636082013505,-0.3552439905798167,-0.5750835929245423
0.1331900518806727,2,0.9384415090481594,1,2.421944308197999,-1.8266444635788122,3,-1.2287735183575985,-0.6391038496091666,1,0.16271013872485005,0.389912032759361,-0.02544667403658987,0,-1.582336477491676,1,0.06171845296263413,-0.4163852664214971,1.738993678466003,1,1.025173463949043,-0.4292901468837605,-0.6398221663309683,-0.9455246264432461,0.7528458730986101,-0.61354589036535,0.3574353973694499,-0.9742633061395315,-1.165051404308234,-0.6761095304583609,-1.142447942991037
-0.6276846927978138,1,-0.20813649008917806,2,-0.890779723588977,1.063221755033766,4,0.9627506020285116,1.1985150431545986,1,-0.619495781113367,0.389912032759361,-0.02544667403658987,7,-1.582336477491676,2,-0.22320832636207696,1.0260330659344685,1.738993678466003,0,-0.6121339062692566,-0.4292901468837605,1.2111762779623128,-0.9455246264432461,-0.14325407301876378,0.15731945906803824,0.3574353973694499,-0.31702329580246624,-0.6113636082013505,-0.6761095304583609,-0.2914014178912949
0.7853684044622325,2,1.6978953235305247,2,-1.0134732062477538,2.026510494571292,2,-1.5811297631078822,-0.6391038496091666,0,0.40714948867429285,0.389912032759361,-0.02544667403658987,7,-1.582336477491676,0,-0.19728657611777067,-1.4502028553319741,0.9395188677247911,1,1.570942587355143,2.3294268625987633,0.2856770558156722,0.21880726957482452,-0.2712683510355315,-0.61354589036535,-1.0820989427212115,-0.48133329838673256,-0.3345197101479087,-0.3552439905798167,-0.2914014178912949
-0.7363810848947404,2,-0.7358089456061463,2,2.1765573428804452,2.026510494571292,2,-0.46313962205441206,0.279705596772716,1,1.5804583684316185,0.389912032759361,-0.02544667403658987,7,1.152834072528232,0,-0.22915758051650792,1.543012235991403,1.738993678466003,0,2.1167117107612428,2.3294268625987633,1.2111762779623128,0.21880726957482452,-0.14325407301876378,-0.61354589036535,-1.0820989427212115,0.17590671195033272,0.7728558820658583,1.569949248691448,0.8433272822416945
-0.6276846927978138,1,0.6425504124965884,2,-1.0134732062477538,0.0999330154962399,1,0.49843069072206303,1.1985150431545986,0,-0.619495781113367,0.389912032759361,-0.932273603340525,8,-0.6706129608183733,2,-0.8670026152165696,-0.8435651687146621,-0.6594307537576322,1,-1.1579030296753563,-0.4292901468837605,-1.565321388477609,-0.9455246264432461,-1.0393540191361377,-0.61354589036535,1.7969697374601115,-0.6456433009709989,-0.6113636082013505,-0.03437845070127261,-0.5750835929245423
-1.0624702611855203,2,-1.6382767900884376,1,0.9496225162926761,1.063221755033766,1,0.6202735043273013,1.1985150431545986,0,-0.7661593910830328,0.389912032759361,-0.932273603340525,6,0.24111055585492935,2,-0.8474550658520108,1.6001572245683469,-0.6594307537576322,1,-0.6121339062692566,-0.4292901468837605,1.2111762779623128,-0.9455246264432461,-0.39928262905229917,-0.61354589036535,0.3574353973694499,0.17590671195033272,-0.6113636082013505,1.569949248691448,0.8433272822416945
-0.9537738690885937,2,1.6066622354271236,1,-0.890779723588977,-1.8266444635788122,1,0.1773584116271784,-1.557913295991049,1,0.016046528755184336,-1.012340415329351,-0.932273603340525,6,-0.6706129608183733,1,-0.6759890621868043,0.788022780999463,-1.0591681591282378,0,0.47940434054294323,-0.4292901468837605,-1.565321388477609,-0.9455246264432461,-0.6553111850858345,-0.61354589036535,-2.521633282811873,-0.31702329580246624,-0.3345197101479087,-0.6761095304583609,-0.007719242858047555
-1.3885594374763002,2,1.002551246634333,1,0.9496225162926761,-1.8266444635788122,3,-0.031750200911541356,1.1985150431545986,0,-1.2550380909819183,-1.012340415329351,-0.02544667403658987,4,0.24111055585492935,0,-0.4261203877007042,1.38002234246406,-0.6594307537576322,0,-0.06636478286315664,-0.4292901468837605,-0.6398221663309683,1.383139165592895,-0.7833254631026022,2.469915507368203,0.3574353973694499,-0.48133329838673256,-0.6113636082013505,0.2864870891772715,-0.5750835929245423
1.4375467570437923,2,-1.1623852764679943,1,-1.0134732062477538,0.0999330154962399,3,-1.2831088271275022,0.279705596772716,1,0.9449160585630672,-1.012340415329351,-0.932273603340525,2,0.24111055585492935,1,-0.5720895878469209,-1.532401558112603,-0.2596933483870263,0,-0.06636478286315664,-0.4292901468837605,1.2111762779623128,0.21880726957482452,-0.7833254631026022,-0.61354589036535,-1.0820989427212115,-0.6456433009709989,-0.6113636082013505,-0.6761095304583609,-0.5750835929245423
0.24188644397759934,2,1.3058396205996932,2,-0.6453927582714232,1.063221755033766,1,-1.393425969175488,1.1985150431545986,0,-0.961710871042587,-1.012340415329351,-0.02544667403658987,7,0.24111055585492935,1,-0.10209850964687539,0.03908562775335704,0.5397814623541853,0,-0.3392493445662066,-0.4292901468837605,0.2856770558156722,0.21880726957482452,0.7528458730986101,-1.3844112397987383,1.7969697374601115,1.326076730040197,1.8802314742796253,0.9282181689343597,1.4106916323081893
-0.7363810848947404,0,0.19624800853130223,1,-0.031925344977538815,-0.8633557240412861,3,0.4440953819521595,0.279705596772716,0,0.2604858787046272,0.389912032759361,-0.02544667403658987,4,0.24111055585492935,2,-0.35855385837538123,-0.20469545652069962,1.738993678466003,1,0.7522889022459932,-0.4292901468837605,0.2856770558156722,-0.9455246264432461,-0.14325407301876378,0.15731945906803824,0.3574353973694499,0.17590671195033272,-0.05767581209446695,-0.3552439905798167,0.8433272822416945
-0.7363810848947404,2,0.12967251180719874,1,-1.0134732062477538,-1.8266444635788122,1,-1.521854880813442,1.1985150431545986,1,-0.5706079111234784,-1.012340415329351,-0.02544667403658987,2,1.152834072528232,1,-0.26697783906967615,0.23726332212857168,-0.6594307537576322,1,-0.8850184679723064,-0.4292901468837605,0.2856770558156722,1.383139165592895,-0.14325407301876378,-1.3844112397987383,-1.0820989427212115,0.5045267171188654,1.0496997801193,0.2864870891772715,-1.142447942991037
-0.845077476991667,2,0.47241303197943507,2,-0.5226992756126463,0.0999330154962399,3,1.0549559744865298,-1.557913295991049,1,-1.1572623510021414,-1.012340415329351,-0.02544667403658987,7,-0.6706129608183733,0,-0.4664903266057714,-1.5421133911466156,-0.6594307537576322,1,-0.6121339062692566,-0.4292901468837605,-0.6398221663309683,0.21880726957482452,-0.14325407301876378,0.15731945906803824,-1.0820989427212115,0.5045267171188654,-1.165051404308234,-0.6761095304583609,1.4106916323081893
2.4158142859161322,0,1.5302237021513012,0,-0.890779723588977,1.063221755033766,0,-1.4625799985190018,0.279705596772716,0,-1.6950289208909155,-1.012340415329351,2.6950341138752156,3,1.152834072528232,1,2.6477317498761757,1.0710734510197446,2.5384684892072147,0,1.570942587355143,2.3294268625987633,1.2111762779623128,0.21880726957482452,2.41703148731659,0.15731945906803824,0.3574353973694499,-0.6456433009709989,-0.6113636082013505,-0.03437845070127261,-0.5750835929245423
-0.08420273231318058,0,-0.9182751218129483,1,-0.15461882763631568,0.0999330154962399,1,-0.4713722445953065,-1.557913295991049,0,-0.17950495120436993,1.792164480848073,0.8813802552673452,5,-1.582336477491676,1,1.132584200760206,0.8477012912374537,2.5384684892072147,0,-0.3392493445662066,-0.4292901468837605,-1.565321388477609,0.21880726957482452,-0.14325407301876378,-0.61354589036535,0.3574353973694499,0.17590671195033272,0.7728558820658583,-0.6761095304583609,0.2759629321751998
-0.845077476991667,2,0.26282350525540565,1,0.09076813768123806,0.0999330154962399,1,-0.05644806853422479,1.1985150431545986,0,1.2382432785023985,-1.012340415329351,-0.932273603340525,6,-1.582336477491676,2,-0.8453303322254283,-0.3987913659975611,1.339256273095397,1,1.298058025652093,2.3294268625987633,0.2856770558156722,-0.9455246264432461,-1.0393540191361377,1.6990501579348147,0.3574353973694499,-1.138573308723798,-1.165051404308234,-0.6761095304583609,-1.142447942991037
-0.7363810848947404,1,-0.8664941799164234,2,0.3361551029987918,1.063221755033766,1,-0.6261455483641227,-0.6391038496091666,1,0.3582616186844043,-1.012340415329351,-0.932273603340525,8,-1.582336477491676,1,-0.9241579497716385,0.022195483346378518,-0.6594307537576322,0,0.7522889022459932,-0.4292901468837605,0.2856770558156722,0.21880726957482452,-1.295382575169673,-0.61354589036535,1.7969697374601115,-0.9742633061395315,-1.165051404308234,-0.6761095304583609,-1.142447942991037
1.4375467570437923,2,1.6091279945650534,1,0.21346162034001492,0.0999330154962399,1,-1.3209788908156166,0.279705596772716,0,-0.6683836511032556,0.389912032759361,2.6950341138752156,3,-0.6706129608183733,2,2.8776279282724,0.38575584170659116,0.14004405698357952,0,-0.06636478286315664,-0.4292901468837605,-0.6398221663309683,-0.9455246264432461,1.2649029851656808,1.6990501579348147,0.3574353973694499,-0.31702329580246624,-0.05767581209446695,0.6073526290558157,-0.007719242858047555
0.024493659783746062,2,0.5365227695656088,1,-1.0134732062477538,-0.8633557240412861,3,-1.1332750968832226,0.279705596772716,0,0.7982524485934014,-1.012340415329351,-0.932273603340525,6,-1.582336477491676,1,-0.5232207144355238,0.6171508200821969,-0.2596933483870263,0,-0.3392493445662066,-0.4292901468837605,-1.565321388477609,0.21880726957482452,0.7528458730986101,-0.61354589036535,-1.0820989427212115,-0.6456433009709989,-0.8882075062547923,-0.6761095304583609,-0.5750835929245423
0.1331900518806727,2,0.12227523439340948,1,1.9311703775628912,-0.8633557240412861,1,-0.999906611720732,-1.557913295991049,0,0.7004767086136243,-1.012340415329351,0.8813802552673452,5,-0.6706129608183733,1,1.2065249309652766,1.7445679592480132,0.14004405698357952,0,0.47940434054294323,-0.4292901468837605,0.2856770558156722,0.21880726957482452,1.0088744291321454,-0.61354589036535,0.3574353973694499,0.5045267171188654,1.0496997801193,-0.6761095304583609,-0.8587657679577896
0.4592792281714526,0,-1.3127965838817095,2,0.09076813768123806,-0.8633557240412861,1,-0.7068252492648885,1.1985150431545986,1,-0.5217200411335899,0.389912032759361,-0.02544667403658987,7,1.152834072528232,2,-0.03240724669496991,-0.12418576818076867,1.738993678466003,0,-0.3392493445662066,-0.4292901468837605,1.2111762779623128,-0.9455246264432461,0.6248315950818424,0.15731945906803824,0.3574353973694499,1.1617667274559307,-0.3345197101479087,-0.3552439905798167,1.6943738073414365
-0.845077476991667,2,-0.5163563823303978,1,-0.6453927582714232,0.0999330154962399,5,1.208082753747167,1.1985150431545986,0,1.18935540851251,-1.012340415329351,-0.932273603340525,6,-1.582336477491676,0,-0.9080099742096116,-0.6059771373898309,-0.6594307537576322,0,-0.6121339062692566,-0.4292901468837605,0.2856770558156722,0.21880726957482452,-1.295382575169673,-0.61354589036535,0.3574353973694499,-0.9742633061395315,-1.165051404308234,-0.6761095304583609,-1.142447942991037
0.8940647965591592,2,-0.6174525069855179,1,-0.15461882763631568,1.063221755033766,4,-0.9488643519671862,1.1985150431545986,1,0.40714948867429285,0.389912032759361,-0.02544667403658987,6,1.152834072528232,1,-0.5706022743083131,-0.7085847646622255,2.5384684892072147,0,-0.3392493445662066,-0.4292901468837605,-1.565321388477609,1.383139165592895,0.1127744830147716,0.15731945906803824,0.3574353973694499,0.5045267171188654,1.3265436781727418,2.2116803284485362,1.1270094572749418
-0.9537738690885937,0,-1.675263177157384,2,-0.6453927582714232,0.0999330154962399,3,-1.4806917681089695,-0.6391038496091666,1,-1.1572623510021414,0.389912032759361,-0.02544667403658987,7,0.24111055585492935,1,-0.45926623227539093,-0.7669965140696929,-0.6594307537576322,0,-0.06636478286315664,-0.4292901468837605,-0.6398221663309683,-0.9455246264432461,-0.7833254631026022,0.15731945906803824,1.7969697374601115,-0.31702329580246624,-0.05767581209446695,-0.6761095304583609,-0.007719242858047555
-0.845077476991667,2,-1.6358110309505078,1,-1.0134732062477538,0.0999330154962399,1,1.524215459317515,-1.557913295991049,1,1.0915796685327328,0.389912032759361,-0.02544667403658987,0,-1.582336477491676,1,-0.2144969184930888,-1.1382981886164374,-1.0591681591282378,0,-0.8850184679723064,-0.4292901468837605,-1.565321388477609,0.21880726957482452,-0.6553111850858345,1.6990501579348147,-1.0820989427212115,-0.31702329580246624,-0.3345197101479087,-0.6761095304583609,-0.5750835929245423
0.5679756202683792,2,-0.8147132380198985,1,-0.890779723588977,-0.8633557240412861,3,0.13290224990634822,1.1985150431545986,1,-1.5483653109212498,0.389912032759361,1.7882071845712804,3,-1.582336477491676,1,2.3972256553021007,0.012202147905582893,-1.0591681591282378,0,0.47940434054294323,-0.4292901468837605,1.2111762779623128,0.21880726957482452,1.5209315411992161,0.15731945906803824,0.3574353973694499,2.476246748130061,0.4960119840124166,3.4951424879627124,0.8433272822416945
1.220153972849939,2,-0.20813649008917806,1,-1.0134732062477538,0.0999330154962399,1,0.3864670241658982,1.1985150431545986,1,0.45603735866418144,-1.012340415329351,2.6950341138752156,5,1.152834072528232,2,2.5247096728970497,-0.7852941705105863,1.339256273095397,0,-0.8850184679723064,-0.4292901468837605,0.2856770558156722,-0.9455246264432461,1.7769600972327515,0.15731945906803824,1.7969697374601115,-0.9742633061395315,-1.165051404308234,-0.6761095304583609,-1.142447942991037
-1.8233450058640068,1,0.17652193542786415,1,-0.40000579295386945,0.0999330154962399,1,-1.4675195720435383,1.1985150431545986,0,-0.03284134123470423,-1.012340415329351,-0.932273603340525,2,1.152834072528232,2,-0.7344192369178226,0.7700066269653526,-0.6594307537576322,1,0.7522889022459932,-0.4292901468837605,-0.6398221663309683,-0.9455246264432461,-1.295382575169673,1.6990501579348147,0.3574353973694499,-0.9742633061395315,-1.165051404308234,-0.3552439905798167,-1.142447942991037
-0.6276846927978138,2,1.1702228680135565,1,-0.031925344977538815,-1.8266444635788122,1,-0.7364626904121088,0.279705596772716,1,-1.646141050901027,0.389912032759361,0.8813802552673452,4,-0.6706129608183733,0,0.9063000695291715,0.011498391888625455,-0.6594307537576322,0,2.6624808341673427,2.3294268625987633,1.2111762779623128,0.21880726957482452,0.2407887610315393,2.469915507368203,1.7969697374601115,0.9974567248716644,1.0496997801193,-0.6761095304583609,1.1270094572749418
0.4592792281714526,0,-0.6100552295717286,0,-0.6453927582714232,0.0999330154962399,0,1.1422217734200113,0.279705596772716,1,-0.32616856117403564,-2.414592863418063,-0.02544667403658987,1,-0.6706129608183733,1,0.010087425836679771,0.9123060935941466,1.339256273095397,0,1.025173463949043,-0.4292901468837605,-0.6398221663309683,0.21880726957482452,-0.14325407301876378,0.9281848085014265,0.3574353973694499,-0.6456433009709989,-0.6113636082013505,-0.3552439905798167,-0.5750835929245423
-0.845077476991667,2,-1.1081385754335398,0,0.4588485856575687,0.0999330154962399,0,1.3430977634178365,-1.557913295991049,1,-0.5217200411335899,-1.012340415329351,-0.932273603340525,1,-1.582336477491676,0,-0.8599909942488474,-1.5701228806215215,0.5397814623541853,1,-0.06636478286315664,-0.4292901468837605,1.2111762779623128,2.5474710616109655,-0.9113397411193699,0.15731945906803824,0.3574353973694499,-0.8099533035552652,-0.6113636082013505,-0.03437845070127261,-1.142447942991037
0.5679756202683792,2,-0.3758081114684016,2,-0.6453927582714232,1.063221755033766,2,0.23498676941343974,-0.6391038496091666,1,-1.0594866110223642,0.389912032759361,-0.02544667403658987,7,-1.582336477491676,2,-0.26081611155258694,-1.6973619684874264,1.738993678466003,0,-0.6121339062692566,-0.4292901468837605,1.2111762779623128,-0.9455246264432461,-0.2712683510355315,0.15731945906803824,1.7969697374601115,-0.15271329321819993,-0.05767581209446695,-0.3552439905798167,0.2759629321751998
-0.08420273231318058,2,0.7904959607723738,2,0.21346162034001492,1.063221755033766,2,1.6740491895617946,-0.6391038496091666,0,1.629346238421507,-1.012340415329351,-0.02544667403658987,7,1.152834072528232,1,0.057256512346810916,0.007979611803838263,0.5397814623541853,0,-0.6121339062692566,-0.4292901468837605,-1.565321388477609,0.21880726957482452,-0.39928262905229917,-0.61354589036535,-1.0820989427212115,-0.15271329321819993,-0.3345197101479087,-0.6761095304583609,-1.142447942991037
-0.9537738690885937,2,1.6683062138753677,1,0.8269290336338992,-0.8633557240412861,3,-1.0147253322943421,-0.6391038496091666,1,0.06493439874507291,1.792164480848073,-0.02544667403658987,0,-1.582336477491676,2,-0.15330459004751326,-1.3354906245679117,-1.0591681591282378,0,1.025173463949043,-0.4292901468837605,0.2856770558156722,-0.9455246264432461,-0.2712683510355315,-0.61354589036535,0.3574353973694499,0.17590671195033272,-0.3345197101479087,-0.6761095304583609,0.8433272822416945
-0.5189883007008872,2,0.4058375352553316,2,-1.0134732062477538,-0.8633557240412861,1,1.161980067518158,-1.557913295991049,1,-1.5972531809111383,-2.414592863418063,-0.02544667403658987,7,-0.6706129608183733,2,0.07489180144744553,-0.30476956213204737,1.339256273095397,0,-0.06636478286315664,-0.4292901468837605,-0.6398221663309683,-0.9455246264432461,-0.14325407301876378,-0.61354589036535,0.3574353973694499,-1.138573308723798,-1.165051404308234,-0.6761095304583609,-1.142447942991037
-0.08420273231318058,2,1.3600863216341479,1,2.0538638602216683,1.063221755033766,1,1.0763607930928554,-1.557913295991049,1,0.6515888386237357,0.389912032759361,-0.02544667403658987,0,0.24111055585492935,1,-0.22002122592220325,-0.970241251767001,1.339256273095397,0,-0.3392493445662066,-0.4292901468837605,-0.6398221663309683,1.383139165592895,-0.14325407301876378,-0.61354589036535,-1.0820989427212115,-0.6456433009709989,-0.6113636082013505,-0.6761095304583609,-0.5750835929245423
0.5679756202683792,2,-1.4755366869850737,1,-1.0134732062477538,1.063221755033766,1,-0.841840258935558,-0.6391038496091666,0,1.3849068884720641,0.389912032759361,-0.932273603340525,2,-1.582336477491676,0,-0.8087849138482096,0.8695177277631343,0.14004405698357952,0,0.2065197788398933,-0.4292901468837605,-0.6398221663309683,0.21880726957482452,-0.39928262905229917,1.6990501579348147,0.3574353973694499,-0.31702329580246624,-0.6113636082013505,-0.3552439905798167,-0.5750835929245423
0.6766720123653059,2,0.5784406749104147,2,0.8269290336338992,0.0999330154962399,2,-1.1546799154895482,1.1985150431545986,0,0.6515888386237357,0.389912032759361,1.7882071845712804,3,1.152834072528232,1,2.057055801686245,-0.9244971106647676,0.9395188677247911,1,1.843827149058193,2.3294268625987633,0.2856770558156722,0.21880726957482452,1.3929172631824485,0.15731945906803824,0.3574353973694499,1.6546967352087296,2.433919270386509,-0.3552439905798167,1.4106916323081893
-0.08420273231318058,2,-0.6643019306061833,2,-0.890779723588977,1.063221755033766,1,1.1224634793218646,0.279705596772716,0,-0.7661593910830328,0.389912032759361,-0.02544667403658987,8,1.152834072528232,2,-0.39956121736842315,-0.9674262276991713,0.14004405698357952,0,-0.06636478286315664,-0.4292901468837605,0.2856770558156722,-0.9455246264432461,0.7528458730986101,-0.61354589036535,-1.0820989427212115,0.9974567248716644,0.7728558820658583,1.2490837088129039,0.8433272822416945
-1.2798630453793736,0,-0.3067668556063684,1,-0.5226992756126463,-0.8633557240412861,1,-1.0855258861460346,-0.6391038496091666,1,0.8960281885731786,1.792164480848073,-0.02544667403658987,0,-1.582336477491676,0,-0.5062228454228639,0.5730956934206612,-0.6594307537576322,0,-0.8850184679723064,-0.4292901468837605,1.2111762779623128,1.383139165592895,-0.6553111850858345,-0.61354589036535,0.3574353973694499,-0.15271329321819993,-0.3345197101479087,-0.3552439905798167,0.2759629321751998
-0.08420273231318058,0,0.7535095737034275,1,1.8084768949041143,1.063221755033766,1,-1.0031996607370899,-0.6391038496091666,0,-0.961710871042587,0.389912032759361,-0.02544667403658987,2,-0.6706129608183733,1,-0.15054243633295603,-1.039490843835613,1.738993678466003,0,-0.06636478286315664,-0.4292901468837605,0.2856770558156722,0.21880726957482452,-0.0152397950019961,0.15731945906803824,0.3574353973694499,0.34021671453459906,1.0496997801193,-0.6761095304583609,1.1270094572749418
-0.08420273231318058,1,1.6461143816339998,2,0.21346162034001492,-0.8633557240412861,5,-1.4395286554044973,-0.6391038496091666,0,1.2382432785023985,0.389912032759361,0.8813802552673452,7,1.152834072528232,1,0.7129493095101654,1.216047190512977,-1.0591681591282378,0,-0.3392493445662066,-0.4292901468837605,0.2856770558156722,0.21880726957482452,-0.14325407301876378,2.469915507368203,0.3574353973694499,0.34021671453459906,0.7728558820658583,-0.03437845070127261,1.1270094572749418
0.1331900518806727,1,0.9606333412895272,1,-1.0134732062477538,0.0999330154962399,1,1.0533094499783509,1.1985150431545986,1,1.1404675385226213,0.389912032759361,-0.02544667403658987,6,1.152834072528232,1,-0.3500549238690513,-0.6256823058646392,1.738993678466003,0,-0.06636478286315664,-0.4292901468837605,1.2111762779623128,1.383139165592895,1.0088744291321454,0.9281848085014265,1.7969697374601115,0.9974567248716644,1.8802314742796253,-0.03437845070127261,1.4106916323081893
-0.41029190860396053,2,0.9828251735308949,1,-1.0134732062477538,1.063221755033766,4,-0.14700691648406405,0.279705596772716,1,1.629346238421507,-1.012340415329351,-0.932273603340525,6,-1.582336477491676,2,-0.7614033539754201,-1.5445061616042708,0.14004405698357952,1,-1.1579030296753563,-0.4292901468837605,-0.6398221663309683,-0.9455246264432461,-0.6553111850858345,-1.3844112397987383,0.3574353973694499,-0.6456433009709989,-0.6113636082013505,-0.6761095304583609,-0.5750835929245423
0.8940647965591592,1,0.9852909326688247,1,-0.27731231029509257,1.063221755033766,1,-1.1316285723750437,-1.557913295991049,1,0.50492522865407,1.792164480848073,-0.02544667403658987,4,0.24111055585492935,1,0.010937319287312765,-1.2941097707708142,0.5397814623541853,0,0.47940434054294323,-0.4292901468837605,1.2111762779623128,0.21880726957482452,-0.2712683510355315,-1.3844112397987383,0.3574353973694499,-0.6456433009709989,-0.6113636082013505,-0.6761095304583609,-0.5750835929245423
-1.0624702611855203,2,-0.7111513542268487,2,-0.890779723588977,-0.8633557240412861,3,1.432010086859497,-1.557913295991049,0,1.0915796685327328,1.792164480848073,-0.02544667403658987,7,0.24111055585492935,2,0.02496056122275716,1.7853858082315446,-1.0591681591282378,0,-0.3392493445662066,-0.4292901468837605,-0.6398221663309683,-0.9455246264432461,-0.2712683510355315,1.6990501579348147,-1.0820989427212115,0.17590671195033272,0.7728558820658583,-0.6761095304583609,0.8433272822416945
-0.30159551650703387,2,-0.023204554744446233,2,1.8084768949041143,1.063221755033766,3,0.7585815630143286,-1.557913295991049,0,-1.303925960971807,-1.012340415329351,-0.02544667403658987,7,-0.6706129608183733,2,-0.3789513011905731,-0.914503775223972,-1.0591681591282378,1,2.1167117107612428,2.3294268625987633,0.2856770558156722,-0.9455246264432461,0.6248315950818424,-0.61354589036535,1.7969697374601115,1.326076730040197,1.3265436781727418,2.5325458683270803,1.6943738073414365
-0.845077476991667,2,1.3033738614617636,1,-0.890779723588977,0.0999330154962399,1,-1.5383201258952308,0.279705596772716,1,0.45603735866418144,0.389912032759361,-0.932273603340525,6,-0.6706129608183733,1,-0.781800796790612,-1.3169114657202352,-1.0591681591282378,0,2.1167117107612428,2.3294268625987633,1.2111762779623128,0.21880726957482452,-0.6553111850858345,0.15731945906803824,0.3574353973694499,-0.31702329580246624,-0.05767581209446695,-0.6761095304583609,-0.007719242858047555
-0.5189883007008872,2,0.7239204640482704,2,-0.40000579295386945,1.063221755033766,3,-1.4872778661416852,-0.6391038496091666,1,0.9938039285529556,0.389912032759361,-0.02544667403658987,7,0.24111055585492935,2,-0.29162474913803293,1.4059205638880938,-0.6594307537576322,0,0.2065197788398933,-0.4292901468837605,-1.565321388477609,-0.9455246264432461,0.1127744830147716,-2.1552765892321264,0.3574353973694499,0.6688367197031317,1.0496997801193,0.9282181689343597,0.8433272822416945
1.0027611886560859,2,-0.9700560637094733,2,-0.7680862409302001,-1.8266444635788122,2,0.15760011752903164,-1.557913295991049,1,-0.7172715210931442,0.389912032759361,1.7882071845712804,3,0.24111055585492935,1,2.354730982770451,0.18068133836519365,0.14004405698357952,0,-0.8850184679723064,-0.4292901468837605,1.2111762779623128,0.21880726957482452,1.5209315411992161,0.15731945906803824,0.3574353973694499,0.8331467222873981,1.3265436781727418,0.6073526290558157,1.4106916323081893
0.24188644397759934,2,0.23570015473817835,2,-0.5226992756126463,0.0999330154962399,5,-1.6239394003205334,1.1985150431545986,1,-0.5217200411335899,0.389912032759361,-0.02544667403658987,8,1.152834072528232,1,-0.9128968615507513,-1.5450691664178369,0.14004405698357952,0,-0.3392493445662066,-0.4292901468837605,0.2856770558156722,0.21880726957482452,1.0088744291321454,2.469915507368203,1.7969697374601115,-0.9742633061395315,-1.165051404308234,-0.6761095304583609,-1.142447942991037
0.7853684044622325,2,-1.6358110309505078,1,2.299250825539222,0.0999330154962399,1,0.814563396292411,1.1985150431545986,1,-1.6950289208909155,0.389912032759361,1.7882071845712804,5,-1.582336477491676,1,2.1131487694280224,1.0924676339352508,0.14004405698357952,0,-0.6121339062692566,-0.4292901468837605,0.2856770558156722,0.21880726957482452,1.6489458192159838,-1.3844112397987383,1.7969697374601115,2.1476267429615286,0.4960119840124166,3.816008027841257,3.680149032574168
0.350582836074526,2,-1.2264950140541682,1,-0.40000579295386945,0.0999330154962399,1,-0.7035322002485308,-0.6391038496091666,0,0.40714948867429285,0.389912032759361,1.7882071845712804,4,0.24111055585492935,2,1.4563936054513766,0.8517830761358068,1.738993678466003,0,-0.06636478286315664,-0.4292901468837605,0.2856770558156722,-0.9455246264432461,1.3929172631824485,0.15731945906803824,0.3574353973694499,2.1476267429615286,0.4960119840124166,0.9282181689343597,2.545420332441178
1.9810287175284256,2,0.7830986833585846,2,1.072315998951453,2.026510494571292,1,-0.7101182982812464,-1.557913295991049,0,0.7982524485934014,0.389912032759361,1.7882071845712804,3,-0.6706129608183733,2,2.220872764295754,-0.6248377986442903,0.14004405698357952,0,2.1167117107612428,2.3294268625987633,1.2111762779623128,-0.9455246264432461,3.3131314334339637,-0.61354589036535,0.3574353973694499,0.5045267171188654,1.3265436781727418,1.569949248691448,0.8433272822416945
0.4592792281714526,1,0.10008340215204166,1,-0.031925344977538815,0.0999330154962399,3,-0.048215445993330316,-1.557913295991049,1,-0.13061708121448137,0.389912032759361,2.6950341138752156,5,0.24111055585492935,0,2.7699039334046685,-1.4887686850612416,-0.2596933483870263,0,0.47940434054294323,-0.4292901468837605,-0.6398221663309683,0.21880726957482452,1.2649029851656808,-0.61354589036535,1.7969697374601115,1.819006737792996,3.2644509645468345,-0.6761095304583609,1.978055982374684
0.6766720123653059,2,1.4118672635306728,2,-0.031925344977538815,0.0999330154962399,2,0.26297768605248095,-1.557913295991049,0,0.8960281885731786,-2.414592863418063,-0.02544667403658987,7,0.24111055585492935,2,-0.2202336992848615,-0.6788862607466216,2.1387310838366087,0,-0.6121339062692566,-0.4292901468837605,-0.6398221663309683,-0.9455246264432461,-0.5272969070690668,-0.61354589036535,-1.0820989427212115,-0.48133329838673256,-0.3345197101479087,-0.3552439905798167,-0.2914014178912949
0.1331900518806727,2,-0.8936175304336508,2,0.8269290336338992,0.0999330154962399,1,0.9133548667831448,-0.6391038496091666,0,1.1404675385226213,0.389912032759361,-0.02544667403658987,7,-0.6706129608183733,2,-0.46415311961653066,0.2908895306207285,-0.2596933483870263,0,-0.8850184679723064,-0.4292901468837605,-0.6398221663309683,-0.9455246264432461,-0.39928262905229917,1.6990501579348147,1.7969697374601115,-0.6456433009709989,-0.6113636082013505,-0.3552439905798167,-0.5750835929245423
-0.845077476991667,2,-0.9158093626750186,2,-0.031925344977538815,0.0999330154962399,2,1.1916175086653782,-0.6391038496091666,0,-0.7172715210931442,-2.414592863418063,-0.932273603340525,8,-0.6706129608183733,2,-0.7696898151190918,0.044715675889016544,-0.6594307537576322,0,-0.6121339062692566,-0.4292901468837605,0.2856770558156722,-0.9455246264432461,-1.1673682971529054,0.15731945906803824,0.3574353973694499,-0.8099533035552652,-0.6113636082013505,-0.03437845070127261,-0.5750835929245423
-1.171166653282447,2,-0.3634793157787528,1,-0.27731231029509257,0.0999330154962399,4,0.6400317984254481,0.279705596772716,1,1.629346238421507,1.792164480848073,-0.932273603340525,2,-1.582336477491676,2,-0.5958866044646447,1.3040166926326568,-1.0591681591282378,0,-0.8850184679723064,-0.4292901468837605,1.2111762779623128,-0.9455246264432461,-0.39928262905229917,-0.61354589036535,0.3574353973694499,0.011596709366066407,0.7728558820658583,-0.6761095304583609,0.8433272822416945
0.8940647965591592,2,-1.4952627600885118,1,-0.40000579295386945,1.063221755033766,4,-1.5267944543379786,1.1985150431545986,1,-0.7172715210931442,0.389912032759361,0.8813802552673452,5,-1.582336477491676,1,1.4580933923526427,0.10622395177109666,0.5397814623541853,1,-0.3392493445662066,-0.4292901468837605,-0.6398221663309683,-0.9455246264432461,0.7528458730986101,0.15731945906803824,1.7969697374601115,-1.138573308723798,-1.165051404308234,-0.6761095304583609,-1.142447942991037
-0.30159551650703387,2,0.8718660123240559,1,-1.0134732062477538,-0.8633557240412861,3,-1.5119757337643687,-1.557913295991049,1,1.3360190184821756,0.389912032759361,-0.02544667403658987,4,-0.6706129608183733,1,-0.4371690025589331,0.48188891362297726,-0.6594307537576322,0,-0.06636478286315664,-0.4292901468837605,0.2856770558156722,-0.9455246264432461,-0.7833254631026022,-0.61354589036535,0.3574353973694499,-0.31702329580246624,-0.6113636082013505,-0.3552439905798167,-0.2914014178912949
0.1331900518806727,1,-0.26238319112363273,1,-0.27731231029509257,0.0999330154962399,1,0.5824034406391867,1.1985150431545986,1,-0.47283217114370135,1.792164480848073,-0.932273603340525,6,0.24111055585492935,0,-0.8015608195178291,0.20207552128069978,-0.6594307537576322,0,-1.1579030296753563,-0.4292901468837605,1.2111762779623128,2.5474710616109655,-0.9113397411193699,-0.61354589036535,0.3574353973694499,-0.48133329838673256,-0.6113636082013505,-0.6761095304583609,-0.2914014178912949
1.9810287175284256,2,-1.6974550093987517,2,-1.0134732062477538,-0.8633557240412861,1,-1.5185618317970841,-1.557913295991049,1,0.16271013872485005,0.389912032759361,0.8813802552673452,7,1.152834072528232,1,0.819398464201948,0.5319963420303468,0.14004405698357952,0,-0.3392493445662066,-0.4292901468837605,1.2111762779623128,0.21880726957482452,1.6489458192159838,0.9281848085014265,0.3574353973694499,-0.9742633061395315,-1.165051404308234,-0.3552439905798167,-1.142447942991037
-2.04073779005786,1,1.2491271604273089,2,-0.5226992756126463,0.0999330154962399,2,-0.6821273816422052,-0.6391038496091666,1,0.11382226873496147,0.389912032759361,-0.932273603340525,8,-0.6706129608183733,2,-0.957091320983667,-0.880160481596449,-0.6594307537576322,1,-0.3392493445662066,-0.4292901468837605,1.2111762779623128,-0.9455246264432461,-1.4233968531864407,0.15731945906803824,0.3574353973694499,-1.138573308723798,-1.165051404308234,-0.6761095304583609,-1.142447942991037
0.350582836074526,2,0.208576804220951,1,0.7042355509751225,0.0999330154962399,1,0.987448469651195,-1.557913295991049,0,0.6515888386237357,-1.012340415329351,0.8813802552673452,4,0.24111055585492935,1,0.8610432432829647,1.616906617771934,-0.6594307537576322,0,-0.6121339062692566,-0.4292901468837605,1.2111762779623128,1.383139165592895,0.8808601511153777,-0.61354589036535,0.3574353973694499,1.819006737792996,2.9876070664933927,3.816008027841257,2.2617381574079314
-0.19289912441010723,2,0.8324138661171797,1,1.4403964469277837,-1.8266444635788122,1,-0.14206734295952736,1.1985150431545986,0,-0.7661593910830328,0.389912032759361,-0.02544667403658987,0,1.152834072528232,1,-0.5032482183456484,0.6837261392863706,-0.6594307537576322,1,2.6624808341673427,2.3294268625987633,1.2111762779623128,0.21880726957482452,-0.14325407301876378,-0.61354589036535,-2.521633282811873,0.5045267171188654,0.4960119840124166,-0.6761095304583609,0.8433272822416945
-0.9537738690885937,0,1.6683062138753677,1,-1.0134732062477538,0.0999330154962399,1,0.4720862985912007,0.279705596772716,0,-0.5706079111234784,-2.414592863418063,-0.02544667403658987,2,1.152834072528232,1,0.06193092632529238,0.29271929626481785,-1.0591681591282378,0,-1.1579030296753563,-0.4292901468837605,-1.565321388477609,2.5474710616109655,-0.14325407301876378,2.469915507368203,0.3574353973694499,0.34021671453459906,1.0496997801193,1.569949248691448,0.2759629321751998
-1.8233450058640068,2,-0.178547380434021,2,-0.031925344977538815,-1.8266444635788122,1,1.0730677440764977,1.1985150431545986,1,-0.619495781113367,0.389912032759361,-0.932273603340525,8,-1.582336477491676,2,-0.7764889627241558,0.952842440170895,-0.6594307537576322,0,-1.1579030296753563,-0.4292901468837605,-1.565321388477609,-0.9455246264432461,-1.1673682971529054,0.15731945906803824,0.3574353973694499,-0.8099533035552652,-0.6113636082013505,-0.6761095304583609,-0.5750835929245423
-0.41029190860396053,2,-0.5237536597441871,1,0.09076813768123806,-1.8266444635788122,3,-0.731523116887572,-1.557913295991049,1,-1.4017017009515842,-2.414592863418063,-0.932273603340525,2,1.152834072528232,0,-0.6320070761165469,-1.0707376109885234,1.738993678466003,0,-0.6121339062692566,-0.4292901468837605,-1.565321388477609,2.5474710616109655,-0.39928262905229917,-0.61354589036535,0.3574353973694499,-0.48133329838673256,-0.3345197101479087,-0.3552439905798167,-0.2914014178912949
-0.6276846927978138,2,1.0420033928412091,1,0.21346162034001492,1.063221755033766,1,-0.21945399484393546,1.1985150431545986,1,-0.9128230010526984,0.389912032759361,-0.932273603340525,6,1.152834072528232,1,-0.8555290536330242,0.07863671590636508,0.14004405698357952,1,1.025173463949043,-0.4292901468837605,-0.6398221663309683,0.21880726957482452,-0.39928262905229917,-0.61354589036535,0.3574353973694499,-0.15271329321819993,-0.05767581209446695,-0.6761095304583609,-0.5750835929245423
0.350582836074526,2,1.7077583600822437,1,1.3177029642690068,1.063221755033766,5,0.10491133326730698,-1.557913295991049,1,-0.27728069118414705,0.389912032759361,0.8813802552673452,0,1.152834072528232,1,0.8370337533025826,1.7213440106884177,0.5397814623541853,0,1.298058025652093,2.3294268625987633,1.2111762779623128,0.21880726957482452,0.36880303904830697,2.469915507368203,0.3574353973694499,0.6688367197031317,1.6033875762261836,2.8534114082056243,-0.8587657679577896
1.4375467570437923,1,1.532689461289231,1,-0.890779723588977,0.0999330154962399,3,0.3074338477733112,1.1985150431545986,0,-1.7928046608706927,0.389912032759361,1.7882071845712804,3,-1.582336477491676,1,2.437808067569826,-0.6787455095432301,-0.2596933483870263,0,1.843827149058193,2.3294268625987633,0.2856770558156722,0.21880726957482452,2.6730600433501253,0.15731945906803824,0.3574353973694499,-0.8099533035552652,-0.6113636082013505,-0.03437845070127261,-0.5750835929245423
-1.0624702611855203,1,-0.513890623192468,1,-0.890779723588977,0.0999330154962399,3,1.020378959814773,1.1985150431545986,1,0.9938039285529556,0.389912032759361,-0.932273603340525,6,1.152834072528232,2,-0.8079350203975766,-1.1281641019722504,-0.2596933483870263,0,-0.6121339062692566,-0.4292901468837605,0.2856770558156722,-0.9455246264432461,-0.6553111850858345,-2.1552765892321264,-1.0820989427212115,-0.48133329838673256,-0.6113636082013505,-0.3552439905798167,-0.5750835929245423
-0.9537738690885937,2,1.2343326055997303,1,0.9496225162926761,-0.8633557240412861,3,-0.810556293280159,0.279705596772716,1,0.6027009686338471,0.389912032759361,-0.02544667403658987,2,-1.582336477491676,0,-0.38766270905956124,-0.10940689182466246,-0.6594307537576322,0,-0.8850184679723064,-0.4292901468837605,1.2111762779623128,0.21880726957482452,-0.14325407301876378,-0.61354589036535,0.3574353973694499,0.5045267171188654,-1.165051404308234,-0.3552439905798167,1.1270094572749418
-0.08420273231318058,2,1.4389906140479,1,0.09076813768123806,0.0999330154962399,1,1.2541854399761763,1.1985150431545986,1,1.1404675385226213,0.389912032759361,0.8813802552673452,0,-1.582336477491676,1,0.4118745546234275,1.6378785470772657,1.738993678466003,1,-0.6121339062692566,-0.4292901468837605,1.2111762779623128,0.21880726957482452,0.49681731706507465,-1.3844112397987383,0.3574353973694499,0.8331467222873981,1.0496997801193,0.9282181689343597,0.8433272822416945
1.7636359333345724,2,-0.8689599390543532,1,-0.890779723588977,0.0999330154962399,3,0.7305906463752874,1.1985150431545986,1,-1.3528138309616955,1.792164480848073,1.7882071845712804,5,-0.6706129608183733,2,2.1705165773457495,0.7673323541009143,0.5397814623541853,0,-0.8850184679723064,-0.4292901468837605,-0.6398221663309683,-0.9455246264432461,3.0571028774004283,-0.61354589036535,-1.0820989427212115,0.34021671453459906,1.0496997801193,1.890814788569992,1.1270094572749418
0.5679756202683792,2,0.8102220338758119,1,0.4588485856575687,0.0999330154962399,3,1.2755902585825019,-0.6391038496091666,1,1.3849068884720641,1.792164480848073,-0.02544667403658987,0,-1.582336477491676,1,-0.1794388136544778,-1.2127555752105343,0.9395188677247911,0,0.7522889022459932,-0.4292901468837605,0.2856770558156722,1.383139165592895,-0.14325407301876378,-0.61354589036535,-1.0820989427212115,-1.138573308723798,-1.165051404308234,-0.6761095304583609,-1.142447942991037
0.024493659783746062,0,0.5932352297379933,1,-0.890779723588977,-0.8633557240412861,1,-1.4642265230271807,0.279705596772716,1,1.629346238421507,-1.012340415329351,-0.02544667403658987,0,1.152834072528232,0,-0.25911632465132095,0.21643214402663152,0.9395188677247911,0,-0.3392493445662066,-0.4292901468837605,1.2111762779623128,0.21880726957482452,0.7528458730986101,-0.61354589036535,1.7969697374601115,-0.9742633061395315,-1.165051404308234,-0.6761095304583609,-1.142447942991037
0.6766720123653059,2,-0.5188221414683276,1,0.5815420683163456,-0.8633557240412861,1,-0.30507326926923806,-0.6391038496091666,1,1.3360190184821756,0.389912032759361,1.7882071845712804,5,-1.582336477491676,1,2.289714133797027,-1.2825681720927122,1.339256273095397,0,2.389596272464293,2.3294268625987633,0.2856770558156722,0.21880726957482452,1.3929172631824485,0.15731945906803824,0.3574353973694499,-0.48133329838673256,-0.8882075062547923,-0.3552439905798167,-1.142447942991037
-1.497255829573227,2,-1.0514261152611553,1,-1.0134732062477538,-0.8633557240412861,1,0.39799269572315044,1.1985150431545986,1,-0.961710871042587,0.389912032759361,-0.932273603340525,6,0.24111055585492935,1,-1.0962613735248197,0.36436165879108506,-0.6594307537576322,0,1.843827149058193,2.3294268625987633,1.2111762779623128,0.21880726957482452,-1.295382575169673,-0.61354589036535,0.3574353973694499,-0.9742633061395315,-1.165051404308234,-0.6761095304583609,-0.8587657679577896
1.6549395412376458,2,-1.3349884161230774,1,-0.15461882763631568,1.063221755033766,4,0.6268596023600169,0.279705596772716,0,-0.619495781113367,0.389912032759361,-0.932273603340525,2,-1.582336477491676,1,-0.7293198762140247,0.42938871475795237,2.5384684892072147,0,-0.6121339062692566,-0.4292901468837605,0.2856770558156722,-0.9455246264432461,0.1127744830147716,-0.61354589036535,-2.521633282811873,-0.31702329580246624,-0.05767581209446695,-0.6761095304583609,-0.007719242858047555
-0.845077476991667,2,0.5192624556001005,1,-1.0134732062477538,0.0999330154962399,1,0.3634156810513936,-1.557913295991049,0,1.4826826284518413,0.389912032759361,-0.932273603340525,6,1.152834072528232,0,-0.5572164524608435,-1.2265491931429002,-0.6594307537576322,0,-0.06636478286315664,-0.4292901468837605,-1.565321388477609,2.5474710616109655,-1.0393540191361377,1.6990501579348147,0.3574353973694499,-0.6456433009709989,-0.6113636082013505,-0.3552439905798167,-0.5750835929245423
1.4375467570437923,2,0.4674815137035756,1,-0.27731231029509257,-0.8633557240412861,3,-1.5613714690097356,-0.6391038496091666,0,-1.1572623510021414,-1.012340415329351,2.6950341138752156,5,0.24111055585492935,0,2.6256345201597178,0.33621141811278754,0.9395188677247911,1,-0.8850184679723064,-0.4292901468837605,1.2111762779623128,0.21880726957482452,2.289017209299822,-0.61354589036535,-1.0820989427212115,3.2977967610513925,-0.3345197101479087,3.4951424879627124,1.1270094572749418
0.5679756202683792,2,-0.4053972211235587,2,-1.0134732062477538,-1.8266444635788122,1,-1.0558884449988144,-0.6391038496091666,1,1.5804583684316185,0.389912032759361,-0.02544667403658987,7,0.24111055585492935,1,-0.31350950549183254,1.4384340918715275,-0.6594307537576322,0,2.6624808341673427,2.3294268625987633,0.2856770558156722,-0.9455246264432461,1.136888707148913,0.15731945906803824,0.3574353973694499,2.1476267429615286,3.2644509645468345,2.8534114082056243,0.5596451072084472
-0.30159551650703387,2,-0.422657535089067,1,-0.15461882763631568,0.0999330154962399,3,1.7119192532499092,-0.6391038496091666,1,0.7493645786035128,1.792164480848073,-0.02544667403658987,2,0.24111055585492935,1,-0.4203836069089315,-0.5748711214403122,-0.2596933483870263,0,-0.8850184679723064,-0.4292901468837605,-1.565321388477609,-0.9455246264432461,-0.6553111850858345,0.15731945906803824,1.7969697374601115,-0.48133329838673256,-0.3345197101479087,-0.3552439905798167,-0.5750835929245423
-0.5189883007008872,2,1.4833742785306359,2,-0.6453927582714232,-0.8633557240412861,1,-1.1497403419650116,0.279705596772716,0,-0.5217200411335899,0.389912032759361,-0.932273603340525,8,-0.6706129608183733,1,-0.520883507446283,0.9398933294588782,-0.2596933483870263,0,-1.1579030296753563,-0.4292901468837605,-1.565321388477609,0.21880726957482452,-0.6553111850858345,1.6990501579348147,0.3574353973694499,-0.48133329838673256,-0.3345197101479087,-0.3552439905798167,-0.5750835929245423
0.1331900518806727,2,-1.6777289362953138,2,-0.7680862409302001,0.0999330154962399,1,-1.187610405653126,-1.557913295991049,1,0.45603735866418144,0.389912032759361,0.8813802552673452,7,0.24111055585492935,0,0.8980136083854998,-0.6566475706107665,-1.0591681591282378,0,-0.8850184679723064,-0.4292901468837605,0.2856770558156722,1.383139165592895,0.7528458730986101,2.469915507368203,-1.0820989427212115,1.4903867326244633,1.6033875762261836,0.9282181689343597,2.545420332441178
-0.7363810848947404,2,-1.4755366869850737,1,-0.5226992756126463,0.0999330154962399,5,-1.3687281015528048,1.1985150431545986,0,0.84714031858329,0.389912032759361,-0.932273603340525,6,-1.582336477491676,0,-0.6753516420988296,-0.548550646406104,0.9395188677247911,0,-0.3392493445662066,-0.4292901468837605,1.2111762779623128,0.21880726957482452,-0.39928262905229917,0.15731945906803824,0.3574353973694499,-0.6456433009709989,-0.6113636082013505,-0.03437845070127261,-0.5750835929245423
2.0897251096253524,2,1.5869361623236857,2,0.21346162034001492,2.026510494571292,2,1.492931493662116,1.1985150431545986,0,1.0915796685327328,-1.012340415329351,-0.02544667403658987,7,-1.582336477491676,1,-0.21300960495448104,0.8467160328137133,0.5397814623541853,0,0.2065197788398933,-0.4292901468837605,0.2856770558156722,0.21880726957482452,-0.6553111850858345,0.15731945906803824,0.3574353973694499,-1.138573308723798,-1.165051404308234,-0.6761095304583609,-1.142447942991037
-1.0624702611855203,2,1.6510458999098594,1,-1.0134732062477538,-0.8633557240412861,3,-0.874770749099136,1.1985150431545986,1,0.7493645786035128,0.389912032759361,-0.932273603340525,2,-0.6706129608183733,0,-0.5453179441519815,0.5022978381147429,-0.6594307537576322,0,-1.1579030296753563,-0.4292901468837605,-0.6398221663309683,0.21880726957482452,-0.7833254631026022,-0.61354589036535,0.3574353973694499,-0.31702329580246624,-0.6113636082013505,-0.6761095304583609,-0.007719242858047555
-0.08420273231318058,2,0.3022756514622818,1,-0.7680862409302001,-0.8633557240412861,1,-1.4378821308963183,-1.557913295991049,0,-1.3528138309616955,0.389912032759361,-0.932273603340525,2,1.152834072528232,0,-0.7537543129197233,-1.6540105978428483,0.9395188677247911,0,1.843827149058193,2.3294268625987633,-1.565321388477609,0.21880726957482452,-0.5272969070690668,-0.61354589036535,0.3574353973694499,-0.9742633061395315,-1.165051404308234,-0.6761095304583609,-1.142447942991037
0.350582836074526,2,-0.4522466447442241,1,-0.890779723588977,-0.8633557240412861,1,1.273943734074323,0.279705596772716,0,1.5804583684316185,0.389912032759361,-0.932273603340525,2,-1.582336477491676,1,-0.6385937503589526,1.5894601331105938,0.5397814623541853,0,0.47940434054294323,-0.4292901468837605,1.2111762779623128,0.21880726957482452,-0.5272969070690668,1.6990501579348147,-1.0820989427212115,-0.48133329838673256,-0.3345197101479087,-0.6761095304583609,-0.5750835929245423
0.024493659783746062,1,-0.728411668192357,1,0.09076813768123806,0.0999330154962399,3,-1.1299820478668647,-1.557913295991049,1,-0.27728069118414705,0.389912032759361,0.8813802552673452,4,0.24111055585492935,0,0.7788160519342225,1.1627024844276033,1.339256273095397,0,-1.1579030296753563,-0.4292901468837605,-0.6398221663309683,1.383139165592895,0.7528458730986101,1.6990501579348147,0.3574353973694499,-0.9742633061395315,-1.165051404308234,-0.6761095304583609,-1.142447942991037
-0.41029190860396053,0,1.2663874743928172,1,-1.0134732062477538,-0.8633557240412861,3,1.590076439644671,-0.6391038496091666,1,-0.3750564311639242,-1.012340415329351,-0.932273603340525,2,0.24111055585492935,0,-0.9294697838380946,0.8623394163901684,-0.6594307537576322,0,-0.8850184679723064,-0.4292901468837605,0.2856770558156722,2.5474710616109655,-1.295382575169673,-0.61354589036535,-1.0820989427212115,-0.9742633061395315,-0.8882075062547923,-0.6761095304583609,-1.142447942991037
-0.08420273231318058,2,1.2318668464618006,1,2.1765573428804452,0.0999330154962399,3,-1.6716886110577214,0.279705596772716,1,1.3360190184821756,0.389912032759361,-0.02544667403658987,0,0.24111055585492935,1,-0.24339329581461058,0.31875826889224307,1.339256273095397,0,-0.6121339062692566,-0.4292901468837605,-0.6398221663309683,1.383139165592895,0.7528458730986101,0.15731945906803824,-1.0820989427212115,0.011596709366066407,0.7728558820658583,1.569949248691448,0.8433272822416945
0.24188644397759934,1,-0.8788229756060723,1,-0.15461882763631568,-1.8266444635788122,1,-0.7018856757403519,0.279705596772716,0,-0.9128230010526984,0.389912032759361,-0.932273603340525,2,0.24111055585492935,1,-0.5582788192741347,0.5010310772842196,-0.6594307537576322,0,-1.1579030296753563,-0.4292901468837605,-1.565321388477609,0.21880726957482452,-0.39928262905229917,0.15731945906803824,0.3574353973694499,0.17590671195033272,-0.3345197101479087,-0.6761095304583609,0.8433272822416945
-0.08420273231318058,0,1.0592637068067174,2,-0.15461882763631568,1.063221755033766,5,-0.06303416656694037,-1.557913295991049,1,0.84714031858329,0.389912032759361,-0.02544667403658987,7,1.152834072528232,0,-0.27696408711461384,1.63830080068744,0.5397814623541853,0,-0.6121339062692566,-0.4292901468837605,1.2111762779623128,1.383139165592895,0.1127744830147716,0.15731945906803824,0.3574353973694499,0.011596709366066407,0.7728558820658583,-0.6761095304583609,0.8433272822416945
-1.2798630453793736,2,-0.28210926422707083,1,-1.0134732062477538,0.0999330154962399,1,-1.1168098518014336,-1.557913295991049,0,-0.2283928211942585,0.389912032759361,-0.02544667403658987,4,0.24111055585492935,1,-0.31542176575575676,-0.9581366482753332,-1.0591681591282378,0,-0.8850184679723064,-0.4292901468837605,1.2111762779623128,1.383139165592895,-0.7833254631026022,0.15731945906803824,0.3574353973694499,-0.48133329838673256,-0.6113636082013505,-0.3552439905798167,-0.5750835929245423
-0.08420273231318058,2,-0.3043010964684386,1,-1.0134732062477538,0.0999330154962399,4,-0.33800375943281596,0.279705596772716,0,-1.5483653109212498,0.389912032759361,-0.02544667403658987,4,-0.6706129608183733,1,-0.2453055560785348,1.2736144327000956,-1.0591681591282378,0,-0.06636478286315664,-0.4292901468837605,-1.565321388477609,0.21880726957482452,-0.14325407301876378,-0.61354589036535,0.3574353973694499,0.34021671453459906,0.7728558820658583,-0.6761095304583609,0.2759629321751998
0.024493659783746062,2,1.246661401289379,1,0.09076813768123806,1.063221755033766,1,-0.8401937344273791,0.279705596772716,1,-0.8639351310628098,0.389912032759361,-0.02544667403658987,4,-0.6706129608183733,2,-0.4643655929791889,0.958613239509946,-0.2596933483870263,1,-0.8850184679723064,-0.4292901468837605,1.2111762779623128,-0.9455246264432461,0.8808601511153777,-0.61354589036535,-1.0820989427212115,-0.9742633061395315,-1.165051404308234,-0.6761095304583609,-0.8587657679577896
1.5462431491407191,1,-1.3867693580196023,2,-0.031925344977538815,0.0999330154962399,1,0.41775098982129716,1.1985150431545986,1,0.7982524485934014,0.389912032759361,2.6950341138752156,3,-0.6706129608183733,0,2.8608425326223985,0.6873856705745492,0.5397814623541853,1,2.389596272464293,2.3294268625987633,-1.565321388477609,0.21880726957482452,2.5450457653333576,1.6990501579348147,-1.0820989427212115,3.626416766219925,1.6033875762261836,2.8534114082056243,1.6943738073414365
1.3288503649468657,2,-1.2289607731920977,1,1.5630899295865606,1.063221755033766,4,1.0319046313720253,-1.557913295991049,0,0.2604858787046272,0.389912032759361,1.7882071845712804,5,-0.6706129608183733,1,2.1312090052539734,-1.5221267202650244,0.14004405698357952,0,0.2065197788398933,-0.4292901468837605,-0.6398221663309683,1.383139165592895,2.032988653266287,-0.61354589036535,0.3574353973694499,-0.48133329838673256,-0.6113636082013505,-0.3552439905798167,-0.5750835929245423
-0.19289912441010723,0,1.0494006702549985,1,-0.890779723588977,1.063221755033766,1,-0.42362303385811856,1.1985150431545986,0,-0.27728069118414705,0.389912032759361,-0.02544667403658987,0,-1.582336477491676,0,-0.2739894600373983,-1.3443579503815752,-0.2596933483870263,0,-1.1579030296753563,-0.4292901468837605,-1.565321388477609,0.21880726957482452,0.6248315950818424,-0.61354589036535,1.7969697374601115,-0.9742633061395315,-1.165051404308234,-0.6761095304583609,-1.142447942991037
0.6766720123653059,1,0.018713350600359648,1,0.9496225162926761,0.0999330154962399,5,1.2163153762880616,0.279705596772716,1,-1.4017017009515842,-1.012340415329351,-0.932273603340525,6,0.24111055585492935,1,-0.8383187112577061,0.17941457753467024,2.5384684892072147,1,0.2065197788398933,-0.4292901468837605,1.2111762779623128,0.21880726957482452,-0.6553111850858345,0.9281848085014265,0.3574353973694499,-0.9742633061395315,-1.165051404308234,-0.6761095304583609,-1.142447942991037
-0.41029190860396053,1,0.4206320900829102,2,-0.27731231029509257,0.0999330154962399,1,0.14113487244724268,1.1985150431545986,0,-1.7928046608706927,0.389912032759361,-0.02544667403658987,7,-0.6706129608183733,1,-0.44205588990007283,-0.1282675530791218,-1.0591681591282378,0,0.47940434054294323,-0.4292901468837605,0.2856770558156722,0.21880726957482452,-0.9113397411193699,0.15731945906803824,0.3574353973694499,-0.6456433009709989,-0.6113636082013505,-0.6761095304583609,-0.5750835929245423
-1.171166653282447,2,-0.0601909418133926,2,2.421944308197999,-0.8633557240412861,3,-0.6755412836094896,-1.557913295991049,1,-1.0594866110223642,0.389912032759361,-0.02544667403658987,7,0.24111055585492935,0,-0.4412059964494398,-1.4138890448569703,0.9395188677247911,0,-0.8850184679723064,-0.4292901468837605,-1.565321388477609,1.383139165592895,-0.39928262905229917,1.6990501579348147,0.3574353973694499,-1.138573308723798,-1.165051404308234,-0.6761095304583609,-1.142447942991037
1.0027611886560859,2,-0.575534601640712,1,-0.27731231029509257,-0.8633557240412861,3,-0.03504324992789915,1.1985150431545986,1,0.40714948867429285,0.389912032759361,0.8813802552673452,4,0.24111055585492935,0,0.9481573219728464,1.3928307019726855,1.339256273095397,0,-0.6121339062692566,-0.4292901468837605,-0.6398221663309683,0.21880726957482452,0.2407887610315393,0.15731945906803824,0.3574353973694499,0.17590671195033272,0.7728558820658583,-0.6761095304583609,0.8433272822416945
2.0897251096253524,2,0.8940578445654237,1,1.8084768949041143,-0.8633557240412861,1,1.446828807433107,-1.557913295991049,1,1.4826826284518413,0.389912032759361,-0.932273603340525,2,1.152834072528232,2,-0.8064477068589688,-0.5702263317283931,-0.6594307537576322,0,0.2065197788398933,-0.4292901468837605,1.2111762779623128,-0.9455246264432461,-0.7833254631026022,0.15731945906803824,0.3574353973694499,-0.48133329838673256,-0.6113636082013505,-0.3552439905798167,-1.142447942991037
-0.5189883007008872,1,-0.2722462276753518,2,-0.031925344977538815,-0.8633557240412861,3,-1.3720211505691624,1.1985150431545986,1,-1.5483653109212498,-2.414592863418063,-0.02544667403658987,7,1.152834072528232,0,-0.36429063916715393,1.1963420220381686,-1.0591681591282378,0,0.47940434054294323,-0.4292901468837605,1.2111762779623128,2.5474710616109655,-0.2712683510355315,-0.61354589036535,1.7969697374601115,0.17590671195033272,0.7728558820658583,-0.6761095304583609,0.8433272822416945
-0.7363810848947404,1,-1.5766328116401938,1,-0.7680862409302001,0.0999330154962399,3,-0.5734567641023981,0.279705596772716,0,0.2115980087147386,0.389912032759361,-0.932273603340525,6,0.24111055585492935,0,-0.9135342816387261,1.1739625806989222,-0.6594307537576322,0,1.298058025652093,2.3294268625987633,0.2856770558156722,0.21880726957482452,-1.295382575169673,-0.61354589036535,0.3574353973694499,-0.9742633061395315,-1.165051404308234,-0.6761095304583609,-1.142447942991037
-0.7363810848947404,2,-0.14649251164093413,2,-1.0134732062477538,0.0999330154962399,1,0.8787778521113879,-0.6391038496091666,1,-0.13061708121448137,-1.012340415329351,-0.02544667403658987,7,-1.582336477491676,1,0.7078499488063675,-1.2652557740755592,-0.6594307537576322,0,-1.1579030296753563,-0.4292901468837605,1.2111762779623128,0.21880726957482452,-0.14325407301876378,0.9281848085014265,0.3574353973694499,0.5045267171188654,1.0496997801193,1.2490837088129039,0.8433272822416945
-1.0624702611855203,2,0.6302216168069396,1,-0.890779723588977,1.063221755033766,1,-0.002112759764321236,-1.557913295991049,0,-0.961710871042587,0.389912032759361,-0.02544667403658987,4,1.152834072528232,1,-0.45799139209944145,-1.3588553243308985,-1.0591681591282378,0,0.7522889022459932,-0.4292901468837605,-0.6398221663309683,0.21880726957482452,-0.9113397411193699,-0.61354589036535,0.3574353973694499,-0.6456433009709989,-0.6113636082013505,-0.03437845070127261,-0.5750835929245423
0.5679756202683792,2,1.4710454828409871,1,-0.40000579295386945,0.0999330154962399,3,1.4534149054658225,0.279705596772716,1,0.7982524485934014,0.389912032759361,0.8813802552673452,5,-1.582336477491676,1,1.4799781487064423,0.07455493100801193,2.5384684892072147,0,-0.6121339062692566,-0.4292901468837605,-0.6398221663309683,0.21880726957482452,0.8808601511153777,0.15731945906803824,1.7969697374601115,0.9974567248716644,0.7728558820658583,0.9282181689343597,0.8433272822416945
-1.8233450058640068,2,0.7337835005999894,1,0.21346162034001492,0.0999330154962399,3,-0.02022452935428909,1.1985150431545986,0,1.53157049844173,-1.012340415329351,-0.932273603340525,6,-1.582336477491676,2,-0.8036855531444116,0.5577538122509891,-0.6594307537576322,1,-0.06636478286315664,-0.4292901468837605,-1.565321388477609,-0.9455246264432461,-1.295382575169673,-0.61354589036535,0.3574353973694499,-0.9742633061395315,-1.165051404308234,-0.6761095304583609,-1.142447942991037
1.4375467570437923,2,-1.1919743861231515,2,-0.15461882763631568,1.063221755033766,2,-0.4779583426280221,1.1985150431545986,1,-0.619495781113367,0.389912032759361,-0.932273603340525,8,-0.6706129608183733,1,-0.5327820157551449,-0.6093551662712267,1.738993678466003,0,-0.06636478286315664,-0.4292901468837605,1.2111762779623128,0.21880726957482452,-0.9113397411193699,-0.61354589036535,0.3574353973694499,-0.8099533035552652,-0.6113636082013505,-0.03437845070127261,-0.5750835929245423
-1.9320413979609334,2,-1.2240292549162384,1,-0.890779723588977,0.0999330154962399,1,-1.2929879741765755,-0.6391038496091666,1,-0.961710871042587,-1.012340415329351,-0.932273603340525,2,1.152834072528232,2,-1.1219706504064677,-0.7137925591877106,-0.6594307537576322,0,1.843827149058193,2.3294268625987633,0.2856770558156722,-0.9455246264432461,-1.295382575169673,0.15731945906803824,-1.0820989427212115,-0.9742633061395315,-1.165051404308234,-0.3552439905798167,-1.142447942991037
-0.6276846927978138,2,0.8743317714619856,2,-0.890779723588977,-0.8633557240412861,1,1.5933694886610288,-1.557913295991049,1,-0.619495781113367,0.389912032759361,-0.932273603340525,8,0.24111055585492935,1,-0.7044604927830096,-1.1146519864466675,-1.0591681591282378,0,1.025173463949043,-0.4292901468837605,0.2856770558156722,0.21880726957482452,-1.0393540191361377,-1.3844112397987383,0.3574353973694499,-0.8099533035552652,-0.6113636082013505,-0.3552439905798167,-0.5750835929245423
-0.845077476991667,1,1.490771555944425,2,1.3177029642690068,0.0999330154962399,5,-0.08937855869780272,0.279705596772716,0,0.84714031858329,0.389912032759361,-0.932273603340525,8,1.152834072528232,1,-0.8978112528020157,0.547619725606802,-0.6594307537576322,0,-0.06636478286315664,-0.4292901468837605,-0.6398221663309683,0.21880726957482452,-1.0393540191361377,1.6990501579348147,0.3574353973694499,-0.6456433009709989,-0.8882075062547923,-0.6761095304583609,-0.5750835929245423
0.5679756202683792,2,0.8447426618068286,1,-0.15461882763631568,0.0999330154962399,1,1.3694421555486989,1.1985150431545986,1,0.7004767086136243,0.389912032759361,-0.932273603340525,2,0.24111055585492935,2,-0.5130219930279278,-0.09688003472282006,0.5397814623541853,0,-0.6121339062692566,-0.4292901468837605,1.2111762779623128,-0.9455246264432461,-0.39928262905229917,0.15731945906803824,0.3574353973694499,-1.138573308723798,-1.165051404308234,-0.6761095304583609,-1.142447942991037
-0.08420273231318058,2,1.1504967949101186,2,0.09076813768123806,1.063221755033766,5,1.4023726457122767,-0.6391038496091666,0,-0.17950495120436993,-1.012340415329351,-0.02544667403658987,7,0.24111055585492935,1,-0.15075490969561428,-1.161522137176033,-0.6594307537576322,1,-0.6121339062692566,-0.4292901468837605,-1.565321388477609,0.21880726957482452,-0.14325407301876378,0.9281848085014265,0.3574353973694499,0.5045267171188654,1.3265436781727418,-0.3552439905798167,0.8433272822416945
0.5679756202683792,1,-0.7851241283647414,2,0.3361551029987918,0.0999330154962399,1,0.22840067138072417,0.279705596772716,1,-1.1083744810122527,0.389912032759361,1.7882071845712804,7,-1.582336477491676,2,1.5670922273963241,-1.6700562350294779,-1.0591681591282378,1,-0.8850184679723064,-0.4292901468837605,-0.6398221663309683,-0.9455246264432461,1.3929172631824485,-0.61354589036535,-1.0820989427212115,2.311936745545795,1.3265436781727418,3.4951424879627124,2.829102507474426
1.0027611886560859,2,1.4858400376685656,2,-0.890779723588977,0.0999330154962399,2,0.2893220781833433,0.279705596772716,0,0.11382226873496147,0.389912032759361,1.7882071845712804,3,-1.582336477491676,1,2.2661295905419614,1.3772073183962303,2.1387310838366087,0,2.1167117107612428,2.3294268625987633,-1.565321388477609,-0.9455246264432461,2.1610029312830545,-0.61354589036535,0.3574353973694499,3.1334867584671264,2.9876070664933927,4.1368735677198005,1.4106916323081893
0.24188644397759934,2,-0.19087617612366978,2,1.8084768949041143,-1.8266444635788122,2,1.6921609591517623,-0.6391038496091666,0,-0.32616856117403564,-1.012340415329351,1.7882071845712804,7,1.152834072528232,1,1.200150730085529,-0.7719228061883949,-1.0591681591282378,0,-1.1579030296753563,-0.4292901468837605,-1.565321388477609,0.21880726957482452,1.2649029851656808,-0.61354589036535,-1.0820989427212115,2.1476267429615286,1.3265436781727418,2.2116803284485362,0.5596451072084472
-0.7363810848947404,2,1.3773466355996562,1,1.8084768949041143,-1.8266444635788122,1,-1.6749816600740792,1.1985150431545986,1,0.016046528755184336,0.389912032759361,-0.932273603340525,2,0.24111055585492935,0,-0.7839255304171945,-0.13755713250296,-0.6594307537576322,0,1.843827149058193,2.3294268625987633,-0.6398221663309683,0.21880726957482452,-1.295382575169673,-0.61354589036535,0.3574353973694499,-0.9742633061395315,-1.165051404308234,-0.6761095304583609,-1.142447942991037
-0.08420273231318058,2,-1.5470437019850365,1,-0.6453927582714232,1.063221755033766,1,0.6696692395726682,-1.557913295991049,1,-1.4505895709414727,-1.012340415329351,-0.02544667403658987,2,1.152834072528232,2,-0.12164605901143424,1.1670657717327393,-0.6594307537576322,0,0.2065197788398933,-0.4292901468837605,0.2856770558156722,-0.9455246264432461,-0.14325407301876378,-0.61354589036535,-1.0820989427212115,0.5045267171188654,-0.05767581209446695,-0.3552439905798167,1.1270094572749418
0.4592792281714526,2,0.7041943909448324,1,-0.890779723588977,1.063221755033766,1,-0.1667652105822108,-0.6391038496091666,0,-0.47283217114370135,-2.414592863418063,-0.932273603340525,2,1.152834072528232,0,-0.7658652945912434,0.4803406503856709,0.5397814623541853,1,-0.6121339062692566,-0.4292901468837605,0.2856770558156722,0.21880726957482452,-0.14325407301876378,-1.3844112397987383,-1.0820989427212115,0.011596709366066407,0.7728558820658583,-0.3552439905798167,-1.142447942991037
-1.6059522216701536,0,-0.8443023476750556,1,2.0538638602216683,-0.8633557240412861,4,0.9495784059630805,-0.6391038496091666,0,0.8960281885731786,-1.012340415329351,-0.932273603340525,6,0.24111055585492935,1,-0.7582162535355464,-0.5657222932198656,-0.6594307537576322,1,-0.3392493445662066,-0.4292901468837605,-0.6398221663309683,-0.9455246264432461,-0.9113397411193699,-0.61354589036535,-1.0820989427212115,-0.48133329838673256,-0.6113636082013505,-0.3552439905798167,-0.2914014178912949
-1.7146486137670802,1,-0.107040365434058,2,-1.0134732062477538,-1.8266444635788122,5,-0.906054714754535,-1.557913295991049,0,1.5804583684316185,-1.012340415329351,-0.932273603340525,8,-0.6706129608183733,2,-0.8941992056368254,-0.7266009186963359,-0.6594307537576322,1,-1.1579030296753563,-0.4292901468837605,0.2856770558156722,-0.9455246264432461,-1.0393540191361377,0.15731945906803824,0.3574353973694499,-0.6456433009709989,-0.6113636082013505,-0.3552439905798167,-0.5750835929245423
0.4592792281714526,2,-0.7160828725027082,1,-0.27731231029509257,-0.8633557240412861,5,0.09338566171005472,-0.6391038496091666,0,-1.1572623510021414,1.792164480848073,-0.932273603340525,6,0.24111055585492935,1,-0.6388062237216109,0.6405155198451838,-0.6594307537576322,0,-0.6121339062692566,-0.4292901468837605,0.2856770558156722,-0.9455246264432461,-0.14325407301876378,0.15731945906803824,0.3574353973694499,0.5045267171188654,0.4960119840124166,-0.6761095304583609,1.1270094572749418
-0.19289912441010723,2,0.47487879111736486,1,-1.0134732062477538,0.0999330154962399,3,0.8820709011277458,1.1985150431545986,1,0.06493439874507291,-1.012340415329351,-0.932273603340525,2,-1.582336477491676,2,-0.8355565575431488,1.0441899711719704,-0.6594307537576322,0,1.025173463949043,-0.4292901468837605,-0.6398221663309683,-0.9455246264432461,-1.0393540191361377,0.15731945906803824,0.3574353973694499,-0.6456433009709989,-1.165051404308234,-0.3552439905798167,-0.5750835929245423
1.1114575807530125,2,1.6831007687029462,1,-0.5226992756126463,2.026510494571292,1,-0.9570969745080807,1.1985150431545986,1,-1.2061502209920298,0.389912032759361,2.6950341138752156,5,0.24111055585492935,1,2.5321462405900883,0.29032652580716256,0.5397814623541853,0,-1.1579030296753563,-0.4292901468837605,-0.6398221663309683,0.21880726957482452,1.2649029851656808,-0.61354589036535,0.3574353973694499,-0.6456433009709989,-0.6113636082013505,-0.3552439905798167,-0.8587657679577896
0.8940647965591592,2,0.5883037114621337,1,1.3177029642690068,0.0999330154962399,3,0.7108323522771406,-0.6391038496091666,1,1.3849068884720641,-2.414592863418063,0.8813802552673452,0,-1.582336477491676,0,0.949432162148796,0.7812667232366716,-0.2596933483870263,1,0.7522889022459932,-0.4292901468837605,-0.6398221663309683,0.21880726957482452,1.6489458192159838,-0.61354589036535,0.3574353973694499,0.011596709366066407,0.7728558820658583,-0.6761095304583609,0.8433272822416945
-0.845077476991667,1,0.4822760685311541,1,-0.890779723588977,-1.8266444635788122,1,0.9248805383403971,-1.557913295991049,1,0.9938039285529556,0.389912032759361,-0.02544667403658987,0,1.152834072528232,0,0.5249103835576157,1.4315372829053445,-0.6594307537576322,0,1.025173463949043,-0.4292901468837605,1.2111762779623128,0.21880726957482452,-0.6553111850858345,-2.1552765892321264,1.7969697374601115,-0.15271329321819993,-0.05767581209446695,-0.3552439905798167,-0.2914014178912949
-1.171166653282447,2,0.9063866402550724,2,-0.5226992756126463,0.0999330154962399,4,1.698747057184478,1.1985150431545986,0,-1.7928046608706927,-1.012340415329351,-0.932273603340525,8,0.24111055585492935,2,-0.7259203024114927,0.9945047963747754,-1.0591681591282378,0,0.7522889022459932,-0.4292901468837605,1.2111762779623128,-0.9455246264432461,-0.7833254631026022,-0.61354589036535,0.3574353973694499,-0.48133329838673256,-0.6113636082013505,-0.6761095304583609,-1.142447942991037
1.5462431491407191,2,0.08282308818653335,1,-1.0134732062477538,0.0999330154962399,1,-1.111870278276897,0.279705596772716,1,1.4337947584619528,0.389912032759361,-0.932273603340525,6,1.152834072528232,1,-0.7775513295374471,1.2553167762592021,-0.6594307537576322,0,-1.1579030296753563,-0.4292901468837605,-0.6398221663309683,-0.9455246264432461,-1.295382575169673,-2.1552765892321264,-1.0820989427212115,-0.9742633061395315,-1.165051404308234,-0.6761095304583609,-1.142447942991037
-0.30159551650703387,1,-0.15882130733058292,1,1.5630899295865606,1.063221755033766,4,1.4879919201375793,0.279705596772716,1,0.9449160585630672,-1.012340415329351,-0.02544667403658987,6,1.152834072528232,1,-0.13503188085890389,1.7148694553324093,-0.6594307537576322,1,-0.06636478286315664,-0.4292901468837605,-0.6398221663309683,-0.9455246264432461,0.6248315950818424,0.15731945906803824,0.3574353973694499,1.326076730040197,1.6033875762261836,1.2490837088129039,1.978055982374684
-0.19289912441010723,2,-0.10950612457198776,1,-0.031925344977538815,1.063221755033766,1,-0.8764172736073148,0.279705596772716,1,1.4826826284518413,-1.012340415329351,-0.02544667403658987,0,-0.6706129608183733,2,0.033459495729087095,0.7152544088460638,2.5384684892072147,0,1.025173463949043,-0.4292901468837605,0.2856770558156722,-0.9455246264432461,-0.14325407301876378,1.6990501579348147,0.3574353973694499,-0.9742633061395315,-0.8882075062547923,-0.6761095304583609,-1.142447942991037
0.350582836074526,2,-0.3043010964684386,1,-0.031925344977538815,1.063221755033766,1,0.8326751658823789,1.1985150431545986,1,0.9449160585630672,0.389912032759361,-0.932273603340525,2,-1.582336477491676,2,-0.9273450502115121,1.0582650915111194,0.14004405698357952,0,-0.3392493445662066,-0.4292901468837605,-0.6398221663309683,-0.9455246264432461,0.49681731706507465,0.15731945906803824,-2.521633282811873,-0.31702329580246624,-0.05767581209446695,-0.3552439905798167,-1.142447942991037
0.5679756202683792,1,-0.8418365885371258,1,2.0538638602216683,2.026510494571292,3,0.35189000949414134,-1.557913295991049,0,-0.32616856117403564,0.389912032759361,0.8813802552673452,5,-1.582336477491676,1,1.4466198307690972,1.2623543364287764,0.14004405698357952,1,0.47940434054294323,-0.4292901468837605,0.2856770558156722,-0.9455246264432461,1.136888707148913,2.469915507368203,0.3574353973694499,-0.9742633061395315,-1.165051404308234,-0.6761095304583609,-1.142447942991037
0.1331900518806727,2,-1.0736179475025232,1,-0.7680862409302001,2.026510494571292,5,-1.3753141995855203,1.1985150431545986,0,-1.6950289208909155,0.389912032759361,-0.02544667403658987,6,0.24111055585492935,2,-0.4388687894601991,-1.6904651595212434,0.14004405698357952,1,1.298058025652093,2.3294268625987633,-0.6398221663309683,-0.9455246264432461,1.0088744291321454,-0.61354589036535,0.3574353973694499,-0.6456433009709989,-0.6113636082013505,-0.03437845070127261,-0.5750835929245423
-1.3885594374763002,2,-0.26238319112363273,2,-0.7680862409302001,-0.8633557240412861,1,-0.5075957837752422,-1.557913295991049,0,-0.0817292112245928,0.389912032759361,-0.02544667403658987,7,0.24111055585492935,2,-0.3836257151690545,1.474044146329574,2.5384684892072147,0,-0.3392493445662066,-0.4292901468837605,-1.565321388477609,-0.9455246264432461,-0.9113397411193699,0.15731945906803824,0.3574353973694499,-0.8099533035552652,-0.6113636082013505,-0.03437845070127261,-1.142447942991037
0.24188644397759934,2,1.633785585944351,2,-0.40000579295386945,0.0999330154962399,3,0.9215874893240392,1.1985150431545986,1,-1.4017017009515842,1.792164480848073,0.8813802552673452,7,0.24111055585492935,1,0.39402679216013464,-1.3588553243308985,-0.2596933483870263,0,-1.1579030296753563,-0.4292901468837605,-1.565321388477609,0.21880726957482452,-0.0152397950019961,0.15731945906803824,0.3574353973694499,0.011596709366066407,0.4960119840124166,1.569949248691448,0.5596451072084472
0.350582836074526,2,-1.1599195173300647,1,-1.0134732062477538,1.063221755033766,1,0.5478264259674299,-0.6391038496091666,1,1.0426917985428443,0.389912032759361,-0.932273603340525,2,-0.6706129608183733,1,-0.8489423793906186,-1.0627147923952085,0.14004405698357952,0,1.843827149058193,2.3294268625987633,0.2856770558156722,0.21880726957482452,-0.5272969070690668,0.15731945906803824,0.3574353973694499,-0.48133329838673256,-0.6113636082013505,-0.6761095304583609,-0.2914014178912949
0.8940647965591592,2,-0.6445758575027453,1,-1.0134732062477538,1.063221755033766,5,0.8639591315377779,-1.557913295991049,1,-0.03284134123470423,0.389912032759361,0.8813802552673452,0,-0.6706129608183733,0,0.22489799548416892,0.9318705108655634,-0.6594307537576322,0,-0.8850184679723064,-0.4292901468837605,-1.565321388477609,2.5474710616109655,-0.14325407301876378,0.9281848085014265,0.3574353973694499,0.5045267171188654,1.0496997801193,1.569949248691448,0.8433272822416945
0.350582836074526,2,0.9729621369791759,1,-0.890779723588977,1.063221755033766,3,1.683928336610868,0.279705596772716,0,1.53157049844173,0.389912032759361,-0.932273603340525,6,0.24111055585492935,1,-0.9309570973767024,-0.2481875783686693,-0.2596933483870263,0,-0.3392493445662066,-0.4292901468837605,-0.6398221663309683,2.5474710616109655,1.136888707148913,-0.61354589036535,0.3574353973694499,-0.31702329580246624,-0.3345197101479087,-0.6761095304583609,-0.5750835929245423
-0.30159551650703387,1,0.4650157545656458,0,1.6857834122453375,0.0999330154962399,0,-0.7216439698384987,-0.6391038496091666,0,-1.1572623510021414,0.389912032759361,0.8813802552673452,1,-1.582336477491676,0,0.7579936623937141,-0.3911908010144208,2.5384684892072147,1,-0.06636478286315664,-0.4292901468837605,0.2856770558156722,2.5474710616109655,-0.0152397950019961,-0.61354589036535,0.3574353973694499,-0.6456433009709989,-0.6113636082013505,-0.6761095304583609,-0.5750835929245423
-0.5189883007008872,2,0.5389885287035385,1,-0.7680862409302001,-0.8633557240412861,1,-0.49607011221798997,0.279705596772716,0,-1.3528138309616955,0.389912032759361,0.8813802552673452,5,1.152834072528232,2,1.0148739578475365,0.7122986335748426,0.14004405698357952,0,-0.06636478286315664,-0.4292901468837605,1.2111762779623128,-0.9455246264432461,-0.14325407301876378,2.469915507368203,0.3574353973694499,0.011596709366066407,0.7728558820658583,1.569949248691448,0.8433272822416945
1.4375467570437923,2,0.033507905427938196,1,0.9496225162926761,2.026510494571292,1,1.0335511558802042,1.1985150431545986,0,-0.8150472610729212,-1.012340415329351,0.8813802552673452,5,-1.582336477491676,0,1.4631927530564406,1.0793777720198425,0.9395188677247911,0,-0.06636478286315664,-0.4292901468837605,0.2856770558156722,2.5474710616109655,1.0088744291321454,0.15731945906803824,0.3574353973694499,1.1617667274559307,1.8802314742796253,-0.3552439905798167,1.978055982374684
0.024493659783746062,1,-1.1845771087093622,2,-0.6453927582714232,1.063221755033766,2,-1.1810243076204106,-1.557913295991049,1,-1.2550380909819183,0.389912032759361,-0.932273603340525,8,1.152834072528232,0,-0.7626781941513696,-1.6571071243174609,0.5397814623541853,0,0.47940434054294323,-0.4292901468837605,0.2856770558156722,0.21880726957482452,0.2407887610315393,-0.61354589036535,0.3574353973694499,0.34021671453459906,1.0496997801193,0.9282181689343597,1.1270094572749418
-0.845077476991667,1,-1.1401934442266266,1,0.5815420683163456,-1.8266444635788122,4,0.6466178964581637,0.279705596772716,0,0.84714031858329,0.389912032759361,0.8813802552673452,0,1.152834072528232,2,0.24869501210189274,1.2129506640383643,-1.0591681591282378,1,-0.8850184679723064,-0.4292901468837605,-1.565321388477609,-0.9455246264432461,-0.2712683510355315,-1.3844112397987383,0.3574353973694499,0.17590671195033272,0.7728558820658583,1.569949248691448,0.8433272822416945
-0.19289912441010723,1,0.35652235249673647,2,-1.0134732062477538,0.0999330154962399,2,-1.1760847340958738,0.279705596772716,0,1.2382432785023985,0.389912032759361,0.8813802552673452,7,0.24111055585492935,2,0.5113120883474878,-0.7342014836794762,-0.6594307537576322,0,-0.3392493445662066,-0.4292901468837605,-1.565321388477609,-0.9455246264432461,-0.14325407301876378,0.15731945906803824,1.7969697374601115,0.5045267171188654,0.7728558820658583,-0.6761095304583609,1.1270094572749418
-0.6276846927978138,1,0.8028247564620227,2,-0.27731231029509257,1.063221755033766,2,1.3249859938278687,-1.557913295991049,0,0.06493439874507291,0.389912032759361,0.8813802552673452,7,-1.582336477491676,1,0.6914894998816824,-0.8494767192571047,-0.2596933483870263,0,-0.3392493445662066,-0.4292901468837605,1.2111762779623128,1.383139165592895,-0.2712683510355315,0.15731945906803824,0.3574353973694499,-0.6456433009709989,-0.6113636082013505,-0.03437845070127261,-0.5750835929245423
0.1331900518806727,2,0.8718660123240559,1,-0.40000579295386945,-0.8633557240412861,4,1.241013243910745,1.1985150431545986,0,-1.303925960971807,-1.012340415329351,-0.932273603340525,2,0.24111055585492935,1,-0.5695399074950219,0.290467277010554,-0.6594307537576322,0,-1.1579030296753563,-0.4292901468837605,-0.6398221663309683,0.21880726957482452,-0.7833254631026022,0.15731945906803824,0.3574353973694499,-0.31702329580246624,-0.05767581209446695,-0.6761095304583609,-0.007719242858047555
-1.0624702611855203,1,1.0913185755998043,2,1.3177029642690068,0.0999330154962399,1,-1.2106617487676308,1.1985150431545986,0,1.1404675385226213,0.389912032759361,-0.02544667403658987,7,0.24111055585492935,2,0.7645803366361198,-0.19653188672399333,-0.6594307537576322,0,-0.3392493445662066,-0.4292901468837605,1.2111762779623128,-0.9455246264432461,-0.5272969070690668,-0.61354589036535,0.3574353973694499,0.011596709366066407,0.7728558820658583,-0.6761095304583609,0.8433272822416945
1.0027611886560859,2,0.3589881116346662,0,-0.5226992756126463,-0.8633557240412861,3,-1.523501405321621,-0.6391038496091666,1,0.6515888386237357,0.389912032759361,-0.02544667403658987,1,-0.6706129608183733,0,-0.2892875421487922,-0.5471431343721891,2.1387310838366087,1,1.843827149058193,2.3294268625987633,1.2111762779623128,0.21880726957482452,0.6248315950818424,-0.61354589036535,0.3574353973694499,-0.48133329838673256,-0.6113636082013505,-0.6761095304583609,-0.5750835929245423
0.4592792281714526,2,0.32939900197950917,1,-0.031925344977538815,1.063221755033766,1,-1.363788528028268,0.279705596772716,1,1.3360190184821756,0.389912032759361,-0.932273603340525,2,-1.582336477491676,1,-0.8806009104266975,-1.0347053029203024,-0.2596933483870263,0,1.570942587355143,2.3294268625987633,1.2111762779623128,0.21880726957482452,-0.5272969070690668,-0.61354589036535,0.3574353973694499,-0.31702329580246624,-1.165051404308234,-0.3552439905798167,-0.007719242858047555
0.350582836074526,2,1.2540586787031682,1,0.5815420683163456,0.0999330154962399,3,0.16418621556174723,0.279705596772716,1,-1.1083744810122527,-1.012340415329351,2.6950341138752156,5,0.24111055585492935,2,2.8138859194749255,0.4548646825718116,-0.6594307537576322,0,-0.3392493445662066,-0.4292901468837605,-1.565321388477609,-0.9455246264432461,1.2649029851656808,-0.61354589036535,1.7969697374601115,2.1476267429615286,0.7728558820658583,0.6073526290558157,1.4106916323081893
-0.7363810848947404,2,1.3058396205996932,2,2.421944308197999,1.063221755033766,1,0.3008477497405956,0.279705596772716,1,-0.27728069118414705,0.389912032759361,-0.02544667403658987,7,-1.582336477491676,0,-0.4817884087171653,-0.15768455458794273,2.1387310838366087,0,1.025173463949043,-0.4292901468837605,0.2856770558156722,2.5474710616109655,-0.39928262905229917,0.15731945906803824,0.3574353973694499,-0.48133329838673256,-0.3345197101479087,-0.6761095304583609,-0.2914014178912949
-0.7363810848947404,2,0.1321382709451285,1,-0.27731231029509257,1.063221755033766,1,0.32225256834692123,0.279705596772716,1,-0.8639351310628098,0.389912032759361,-0.02544667403658987,2,0.24111055585492935,0,-0.6143717870159123,-0.422719070574114,-0.6594307537576322,0,-0.6121339062692566,-0.4292901468837605,-1.565321388477609,2.5474710616109655,-0.14325407301876378,0.9281848085014265,-1.0820989427212115,0.5045267171188654,0.7728558820658583,1.890814788569992,1.4106916323081893
-0.30159551650703387,2,-0.6248497843993072,1,0.09076813768123806,0.0999330154962399,1,-0.15523953902495854,-0.6391038496091666,1,0.7982524485934014,0.389912032759361,-0.932273603340525,2,-0.6706129608183733,0,-0.9294697838380946,-1.0438541311407492,-0.6594307537576322,0,-0.3392493445662066,-0.4292901468837605,-0.6398221663309683,1.383139165592895,-1.295382575169673,0.15731945906803824,0.3574353973694499,-0.9742633061395315,-1.165051404308234,-0.3552439905798167,-1.142447942991037
0.350582836074526,2,-1.6801946954332434,2,0.5815420683163456,-0.8633557240412861,1,0.9380527344058283,1.1985150431545986,0,0.84714031858329,0.389912032759361,-0.02544667403658987,7,-1.582336477491676,1,-0.37045236668424314,-0.42933437713351397,-0.6594307537576322,0,-0.06636478286315664,-0.4292901468837605,0.2856770558156722,0.21880726957482452,-0.7833254631026022,-0.61354589036535,0.3574353973694499,-0.31702329580246624,-0.05767581209446695,-0.3552439905798167,-0.5750835929245423
-0.845077476991667,2,0.7165231866344811,2,0.09076813768123806,0.0999330154962399,2,-0.431855656399013,1.1985150431545986,1,0.7982524485934014,0.389912032759361,-0.932273603340525,8,-0.6706129608183733,0,-0.8680649820298608,0.5144024416064109,-0.6594307537576322,0,-0.3392493445662066,-0.4292901468837605,1.2111762779623128,1.383139165592895,-1.1673682971529054,-0.61354589036535,0.3574353973694499,-0.8099533035552652,-0.6113636082013505,-0.03437845070127261,-0.5750835929245423
1.0027611886560859,2,1.604196476289194,1,0.7042355509751225,-0.8633557240412861,1,0.31072689678966897,1.1985150431545986,1,-0.7172715210931442,0.389912032759361,2.6950341138752156,5,-0.6706129608183733,1,2.6980879368261803,-0.4874646241341984,0.9395188677247911,0,-1.1579030296753563,-0.4292901468837605,-1.565321388477609,0.21880726957482452,1.7769600972327515,-0.61354589036535,0.3574353973694499,-0.48133329838673256,-0.6113636082013505,-0.6761095304583609,-0.2914014178912949
0.4592792281714526,2,0.00638455491071086,2,-0.031925344977538815,-1.8266444635788122,1,-1.4033051162245616,0.279705596772716,1,1.4337947584619528,0.389912032759361,0.8813802552673452,7,0.24111055585492935,0,0.3838280707525387,0.9688880773575247,0.14004405698357952,1,-0.6121339062692566,-0.4292901468837605,0.2856770558156722,0.21880726957482452,0.1127744830147716,-0.61354589036535,0.3574353973694499,0.34021671453459906,0.7728558820658583,-0.6761095304583609,0.8433272822416945
0.24188644397759934,0,1.1135104078411722,2,1.4403964469277837,1.063221755033766,1,1.4830523466130427,-1.557913295991049,0,-1.6950289208909155,-2.414592863418063,-0.02544667403658987,7,0.24111055585492935,1,-0.1373690878481446,-1.453299381806587,1.339256273095397,0,1.025173463949043,-0.4292901468837605,0.2856770558156722,0.21880726957482452,-0.14325407301876378,-1.3844112397987383,0.3574353973694499,-0.6456433009709989,-0.6113636082013505,-0.3552439905798167,-0.5750835929245423
-0.845077476991667,1,-0.7629322961233735,1,0.09076813768123806,0.0999330154962399,1,0.18888408318443067,1.1985150431545986,0,-0.27728069118414705,0.389912032759361,-0.932273603340525,6,-0.6706129608183733,0,-0.656866459547562,0.5106021591148407,-1.0591681591282378,0,-0.3392493445662066,-0.4292901468837605,1.2111762779623128,1.383139165592895,-0.39928262905229917,-0.61354589036535,-1.0820989427212115,0.011596709366066407,0.2191680859589748,-0.3552439905798167,-0.8587657679577896
1.6549395412376458,2,1.7028268418063843,1,-0.6453927582714232,-0.8633557240412861,1,-0.7940910481983701,1.1985150431545986,0,-1.7928046608706927,0.389912032759361,1.7882071845712804,3,1.152834072528232,1,2.1613802227514447,-0.5633295227622103,-0.2596933483870263,0,-0.6121339062692566,-0.4292901468837605,1.2111762779623128,-0.9455246264432461,2.5450457653333576,-0.61354589036535,-2.521633282811873,-0.31702329580246624,-0.6113636082013505,-0.3552439905798167,-0.007719242858047555
0.024493659783746062,2,1.5770731257719666,1,-0.6453927582714232,-1.8266444635788122,1,0.6021617347373335,0.279705596772716,1,-0.619495781113367,0.389912032759361,-0.932273603340525,6,0.24111055585492935,1,-0.7195461015317453,-1.285101693753759,1.738993678466003,1,-0.06636478286315664,-0.4292901468837605,1.2111762779623128,-0.9455246264432461,-0.39928262905229917,-0.61354589036535,0.3574353973694499,-0.15271329321819993,-0.05767581209446695,-0.3552439905798167,-0.2914014178912949
-0.845077476991667,2,0.9285784724964403,2,-0.7680862409302001,-0.8633557240412861,3,-0.5569915190206091,-0.6391038496091666,0,-0.2283928211942585,0.389912032759361,-0.02544667403658987,7,0.24111055585492935,1,-0.1745519263133381,-1.5236749835023307,-0.6594307537576322,0,-0.3392493445662066,-0.4292901468837605,-1.565321388477609,0.21880726957482452,-0.6553111850858345,1.6990501579348147,-1.0820989427212115,-0.15271329321819993,-1.165051404308234,-0.3552439905798167,-0.5750835929245423
0.7853684044622325,2,-0.6692334488820428,0,-1.0134732062477538,0.0999330154962399,1,1.0780073176010343,0.279705596772716,0,-1.1083744810122527,0.389912032759361,-0.932273603340525,1,1.152834072528232,0,-0.6772639023627538,-1.427964165196119,0.5397814623541853,1,0.7522889022459932,-0.4292901468837605,-1.565321388477609,2.5474710616109655,-0.39928262905229917,-0.61354589036535,0.3574353973694499,-0.8099533035552652,-0.6113636082013505,-0.03437845070127261,-0.5750835929245423
0.8940647965591592,1,-1.216631977502449,2,2.0538638602216683,1.063221755033766,1,-0.5668706660696825,-1.557913295991049,0,1.629346238421507,0.389912032759361,-0.02544667403658987,7,-1.582336477491676,1,-0.4454554637026048,-1.2220451546343725,-0.2596933483870263,0,-0.3392493445662066,-0.4292901468837605,1.2111762779623128,1.383139165592895,-0.7833254631026022,0.9281848085014265,0.3574353973694499,-0.9742633061395315,-0.8882075062547923,-0.6761095304583609,-1.142447942991037
-1.2798630453793736,2,1.4118672635306728,2,1.072315998951453,-1.8266444635788122,1,0.610394357278228,-1.557913295991049,1,1.2871311484922872,1.792164480848073,-0.02544667403658987,7,0.24111055585492935,1,-0.03198229996965341,-0.2583216650128564,-0.2596933483870263,0,-1.1579030296753563,-0.4292901468837605,-0.6398221663309683,-0.9455246264432461,-0.6553111850858345,0.15731945906803824,-1.0820989427212115,-0.6456433009709989,-0.6113636082013505,-0.3552439905798167,-0.5750835929245423
1.1114575807530125,1,1.256524437841098,2,-0.6453927582714232,-1.8266444635788122,3,-0.9241664843445029,-0.6391038496091666,1,1.5804583684316185,0.389912032759361,-0.02544667403658987,8,0.24111055585492935,2,-0.7237955687849102,1.610009808805751,0.14004405698357952,0,1.025173463949043,-0.4292901468837605,-1.565321388477609,-0.9455246264432461,-0.7833254631026022,0.15731945906803824,0.3574353973694499,-1.138573308723798,-1.165051404308234,-0.6761095304583609,-1.142447942991037
0.024493659783746062,2,0.758441091979287,1,0.5815420683163456,0.0999330154962399,1,-0.8451333079519159,1.1985150431545986,0,1.3849068884720641,0.389912032759361,-0.932273603340525,2,-1.582336477491676,0,-0.7114721137507318,1.7737034583500513,-0.6594307537576322,0,-0.8850184679723064,-0.4292901468837605,0.2856770558156722,0.21880726957482452,0.8808601511153777,-0.61354589036535,-1.0820989427212115,1.819006737792996,0.7728558820658583,3.1742769480841684,3.680149032574168
0.4592792281714526,2,0.7461122962896383,2,-1.0134732062477538,-0.8633557240412861,1,-1.6914469051558683,-0.6391038496091666,0,1.3360190184821756,0.389912032759361,-0.02544667403658987,7,1.152834072528232,2,-0.08276343364497478,0.7272182611343403,2.1387310838366087,1,-1.1579030296753563,-0.4292901468837605,-1.565321388477609,-0.9455246264432461,-0.39928262905229917,-2.1552765892321264,-2.521633282811873,-0.15271329321819993,-0.05767581209446695,-0.6761095304583609,0.2759629321751998
2.198421501722279,2,-0.5089591049166086,1,-1.0134732062477538,1.063221755033766,3,-0.8994686167218194,1.1985150431545986,1,1.0426917985428443,0.389912032759361,-0.02544667403658987,0,0.24111055585492935,1,0.0791412687006105,-1.5968656092659042,-0.2596933483870263,0,-1.1579030296753563,-0.4292901468837605,0.2856770558156722,-0.9455246264432461,0.49681731706507465,-0.61354589036535,0.3574353973694499,-0.6456433009709989,-0.6113636082013505,-0.3552439905798167,-0.5750835929245423
-2.04073779005786,0,-1.3621117666403046,1,-0.15461882763631568,-1.8266444635788122,3,0.21028890179075632,0.279705596772716,1,0.6515888386237357,0.389912032759361,-0.932273603340525,2,0.24111055585492935,2,-0.9515670135545525,-0.10645111655344122,-0.6594307537576322,0,-0.8850184679723064,-0.4292901468837605,1.2111762779623128,-0.9455246264432461,-1.4233968531864407,-2.1552765892321264,0.3574353973694499,-1.138573308723798,-1.165051404308234,-0.6761095304583609,-1.142447942991037
-0.5189883007008872,0,0.8546056983585476,1,0.7042355509751225,1.063221755033766,3,1.525861983825694,0.279705596772716,0,-1.5972531809111383,0.389912032759361,-0.02544667403658987,0,1.152834072528232,0,0.06044361278668464,0.31383197677354097,0.9395188677247911,0,0.7522889022459932,-0.4292901468837605,-0.6398221663309683,0.21880726957482452,-0.2712683510355315,2.469915507368203,0.3574353973694499,-0.31702329580246624,-0.8882075062547923,-0.3552439905798167,-0.5750835929245423
-1.171166653282447,2,-0.23772559974433516,2,2.299250825539222,-0.8633557240412861,2,-0.637671219921375,-1.557913295991049,1,-0.03284134123470423,0.389912032759361,-0.02544667403658987,7,-0.6706129608183733,1,-0.023483365463323476,-0.9689744909364777,-0.6594307537576322,0,1.298058025652093,2.3294268625987633,1.2111762779623128,1.383139165592895,-0.6553111850858345,1.6990501579348147,1.7969697374601115,-0.31702329580246624,-0.3345197101479087,-0.3552439905798167,-0.007719242858047555
-0.41029190860396053,2,-1.450879095605776,2,0.8269290336338992,0.0999330154962399,1,1.2014966557144515,-1.557913295991049,0,0.3582616186844043,0.389912032759361,0.8813802552673452,7,-1.582336477491676,2,0.46350558174938183,-0.5940132851015545,-0.2596933483870263,1,1.298058025652093,2.3294268625987633,0.2856770558156722,-0.9455246264432461,-0.0152397950019961,-0.61354589036535,-1.0820989427212115,-1.138573308723798,-1.165051404308234,-0.6761095304583609,-1.142447942991037
-0.19289912441010723,2,0.8447426618068286,1,1.6857834122453375,1.063221755033766,3,-1.56960409155063,0.279705596772716,0,-1.7928046608706927,0.389912032759361,-0.932273603340525,2,-1.582336477491676,1,-0.5032482183456484,0.23782632694213765,0.14004405698357952,1,-0.06636478286315664,-0.4292901468837605,0.2856770558156722,0.21880726957482452,-0.9113397411193699,0.15731945906803824,0.3574353973694499,-0.8099533035552652,-0.6113636082013505,-0.03437845070127261,-0.5750835929245423
-0.5189883007008872,0,-1.2314265323300275,1,-1.0134732062477538,0.0999330154962399,1,-0.2408588134502611,1.1985150431545986,1,-0.27728069118414705,0.389912032759361,-0.932273603340525,2,1.152834072528232,0,-0.8644529348646707,-0.7268824211031188,-1.0591681591282378,0,-0.8850184679723064,-0.4292901468837605,-0.6398221663309683,0.21880726957482452,-0.9113397411193699,-0.61354589036535,0.3574353973694499,-0.6456433009709989,-1.165051404308234,-0.6761095304583609,-0.5750835929245423
-0.19289912441010723,2,-1.2240292549162384,2,2.1765573428804452,0.0999330154962399,1,1.2657111115334285,0.279705596772716,1,0.84714031858329,0.389912032759361,-0.02544667403658987,7,1.152834072528232,2,-0.12100863892345949,-0.11545919357049643,-0.6594307537576322,1,0.7522889022459932,-0.4292901468837605,1.2111762779623128,-0.9455246264432461,-0.14325407301876378,-0.61354589036535,0.3574353973694499,0.5045267171188654,0.7728558820658583,1.569949248691448,0.8433272822416945
0.24188644397759934,0,-0.5114248640545382,1,-0.890779723588977,0.0999330154962399,1,0.7075393032607828,-1.557913295991049,0,-0.619495781113367,-1.012340415329351,-0.932273603340525,2,-1.582336477491676,2,-0.5814384158038838,0.4037719957407016,-0.2596933483870263,1,2.1167117107612428,2.3294268625987633,-0.6398221663309683,-0.9455246264432461,-0.0152397950019961,-0.61354589036535,1.7969697374601115,-0.9742633061395315,-1.165051404308234,-0.6761095304583609,-1.142447942991037
2.3071178938192056,2,-0.48923303181317046,1,-0.27731231029509257,1.063221755033766,3,0.546179901459251,0.279705596772716,0,-0.6683836511032556,-1.012340415329351,0.8813802552673452,4,-1.582336477491676,1,0.7703171174278926,-0.32222271135259184,1.738993678466003,1,-0.3392493445662066,-0.4292901468837605,1.2111762779623128,-0.9455246264432461,2.5450457653333576,-2.1552765892321264,-1.0820989427212115,0.5045267171188654,1.3265436781727418,0.9282181689343597,1.4106916323081893
-0.08420273231318058,1,1.6781692504270866,1,-0.7680862409302001,-0.8633557240412861,3,-1.30122059671747,1.1985150431545986,1,-1.7928046608706927,0.389912032759361,-0.932273603340525,2,-0.6706129608183733,2,-0.9124719148254348,0.10552019575413922,0.5397814623541853,0,-0.8850184679723064,-0.4292901468837605,0.2856770558156722,-0.9455246264432461,0.2407887610315393,0.15731945906803824,-1.0820989427212115,0.17590671195033272,0.7728558820658583,1.569949248691448,-0.5750835929245423
-0.6276846927978138,2,0.07049429249688456,2,-0.890779723588977,-1.8266444635788122,1,-0.6985926267239941,-0.6391038496091666,1,0.50492522865407,0.389912032759361,-0.02544667403658987,7,1.152834072528232,2,0.04238337696073353,-0.839764886223092,0.5397814623541853,1,-0.6121339062692566,-0.4292901468837605,0.2856770558156722,-0.9455246264432461,-0.14325407301876378,-0.61354589036535,1.7969697374601115,-0.15271329321819993,0.2191680859589748,-0.6761095304583609,0.2759629321751998
-1.171166653282447,2,0.10254916128997142,1,-0.40000579295386945,0.0999330154962399,4,-1.4230634103227082,0.279705596772716,0,-1.0105987410324755,-1.012340415329351,-0.932273603340525,6,-0.6706129608183733,1,-0.8529793732811253,1.2650286092932148,-0.6594307537576322,0,1.025173463949043,-0.4292901468837605,0.2856770558156722,-0.9455246264432461,-0.7833254631026022,0.15731945906803824,-1.0820989427212115,-0.31702329580246624,-0.05767581209446695,0.6073526290558157,-0.2914014178912949
0.24188644397759934,2,-1.083480984054242,1,1.6857834122453375,0.0999330154962399,3,0.46385367605030625,0.279705596772716,1,1.2871311484922872,0.389912032759361,-0.932273603340525,6,-1.582336477491676,2,-0.5266202882380557,1.1037277302065698,-1.0591681591282378,0,-0.6121339062692566,-0.4292901468837605,-1.565321388477609,-0.9455246264432461,-0.6553111850858345,-0.61354589036535,0.3574353973694499,-0.31702329580246624,-0.6113636082013505,-0.6761095304583609,-0.2914014178912949
-1.0624702611855203,2,-0.47197271784766215,1,-1.0134732062477538,-0.8633557240412861,1,-0.49936316123434776,0.279705596772716,0,0.06493439874507291,0.389912032759361,0.8813802552673452,4,-1.582336477491676,1,0.2187362679670797,-1.1687004485489987,-0.6594307537576322,0,-1.1579030296753563,-0.4292901468837605,1.2111762779623128,-0.9455246264432461,-0.2712683510355315,0.15731945906803824,0.3574353973694499,0.34021671453459906,0.7728558820658583,-0.6761095304583609,0.8433272822416945
0.7853684044622325,2,0.7337835005999894,1,0.09076813768123806,1.063221755033766,1,0.28273598015062773,0.279705596772716,1,1.4337947584619528,0.389912032759361,-0.932273603340525,6,0.24111055585492935,2,-0.7322945032912401,-0.4907019018122026,-0.6594307537576322,1,-1.1579030296753563,-0.4292901468837605,0.2856770558156722,-0.9455246264432461,-0.6553111850858345,0.9281848085014265,0.3574353973694499,-0.15271329321819993,-0.05767581209446695,-0.6761095304583609,-0.5750835929245423
0.8940647965591592,2,0.4304951266346292,1,-1.0134732062477538,1.063221755033766,3,-0.053155019517867004,1.1985150431545986,0,1.18935540851251,0.389912032759361,-0.932273603340525,2,1.152834072528232,0,-0.8738017628216336,-0.46550743640512626,0.14004405698357952,0,-0.3392493445662066,-0.4292901468837605,1.2111762779623128,1.383139165592895,-0.39928262905229917,-0.61354589036535,0.3574353973694499,-0.31702329580246624,-0.3345197101479087,-0.6761095304583609,-0.5750835929245423
0.350582836074526,1,-0.6643019306061833,1,-1.0134732062477538,1.063221755033766,1,-1.4971570131907586,0.279705596772716,1,0.5538130986439586,-1.012340415329351,1.7882071845712804,0,-0.6706129608183733,1,1.5129115199184706,-0.027771193857599605,-0.6594307537576322,0,1.843827149058193,2.3294268625987633,1.2111762779623128,0.21880726957482452,1.3929172631824485,0.15731945906803824,-1.0820989427212115,2.476246748130061,-0.3345197101479087,2.8534114082056243,1.978055982374684
1.1114575807530125,0,0.8940578445654237,1,-1.0134732062477538,-1.8266444635788122,3,1.5999555866937443,0.279705596772716,0,1.53157049844173,0.389912032759361,0.8813802552673452,5,-0.6706129608183733,1,1.1844277012488187,0.410809555910276,-1.0591681591282378,0,0.7522889022459932,-0.4292901468837605,-1.565321388477609,1.383139165592895,0.36880303904830697,0.15731945906803824,-2.521633282811873,0.9974567248716644,1.0496997801193,0.9282181689343597,2.2617381574079314
-0.30159551650703387,2,-0.42019177595113727,1,2.1765573428804452,-0.8633557240412861,3,-1.2864018761438598,1.1985150431545986,0,1.3849068884720641,0.389912032759361,-0.932273603340525,6,-0.6706129608183733,2,-0.8650903549526454,-1.210644307159662,-0.2596933483870263,0,-0.06636478286315664,-0.4292901468837605,1.2111762779623128,-0.9455246264432461,-0.2712683510355315,0.15731945906803824,0.3574353973694499,-0.6456433009709989,-0.6113636082013505,-0.3552439905798167,-0.5750835929245423
0.7853684044622325,2,-1.4780024461230035,1,2.421944308197999,1.063221755033766,4,0.3238990928551001,1.1985150431545986,1,-1.6950289208909155,0.389912032759361,-0.02544667403658987,6,1.152834072528232,2,-0.39127475622475144,-0.9244971106647676,-0.6594307537576322,0,2.6624808341673427,2.3294268625987633,-0.6398221663309683,-0.9455246264432461,1.136888707148913,0.15731945906803824,0.3574353973694499,2.1476267429615286,1.8802314742796253,3.4951424879627124,3.680149032574168
-0.08420273231318058,1,-0.47443847698559194,2,-0.27731231029509257,0.0999330154962399,2,0.5494729504756088,-1.557913295991049,0,0.7982524485934014,1.792164480848073,-0.02544667403658987,7,-1.582336477491676,1,-0.37045236668424314,-1.6962359588602944,-0.2596933483870263,0,0.2065197788398933,-0.4292901468837605,1.2111762779623128,0.21880726957482452,0.7528458730986101,-0.61354589036535,-1.0820989427212115,1.326076730040197,0.7728558820658583,1.2490837088129039,2.545420332441178
-1.0624702611855203,0,1.1776201454273458,1,-0.15461882763631568,2.026510494571292,1,0.10820438228366477,-1.557913295991049,1,0.9938039285529556,-2.414592863418063,-0.932273603340525,2,0.24111055585492935,1,-0.37427688721209157,-1.188405617023807,-0.6594307537576322,0,1.025173463949043,-0.4292901468837605,1.2111762779623128,2.5474710616109655,-1.0393540191361377,0.9281848085014265,0.3574353973694499,-0.6456433009709989,-0.6113636082013505,-0.3552439905798167,-0.5750835929245423
-1.3885594374763002,2,1.5992649580133345,2,-1.0134732062477538,-1.8266444635788122,5,-0.7809188521329389,-1.557913295991049,0,-0.2283928211942585,0.389912032759361,-0.932273603340525,8,-0.6706129608183733,2,-0.675776588824146,1.078111011189319,-0.6594307537576322,1,0.2065197788398933,-0.4292901468837605,-0.6398221663309683,-0.9455246264432461,-0.6553111850858345,0.9281848085014265,0.3574353973694499,-0.31702329580246624,-0.3345197101479087,-0.3552439905798167,-0.007719242858047555
0.24188644397759934,1,-0.7259459090544272,1,-0.890779723588977,1.063221755033766,5,-1.1283355233586858,0.279705596772716,0,-0.13061708121448137,0.389912032759361,0.8813802552673452,0,0.24111055585492935,2,0.9679173447000635,-1.1108517039550974,-1.0591681591282378,0,2.6624808341673427,2.3294268625987633,1.2111762779623128,-0.9455246264432461,1.136888707148913,-1.3844112397987383,0.3574353973694499,1.9833167403772622,0.4960119840124166,2.8534114082056243,1.1270094572749418
-0.08420273231318058,2,-1.187042867847292,1,-0.031925344977538815,0.0999330154962399,3,-1.5449062239279465,1.1985150431545986,1,0.6027009686338471,-1.012340415329351,-0.932273603340525,6,0.24111055585492935,1,-0.6362565433697118,1.050664526527979,-1.0591681591282378,1,0.47940434054294323,-0.4292901468837605,-1.565321388477609,0.21880726957482452,-1.1673682971529054,-2.1552765892321264,-1.0820989427212115,-0.9742633061395315,-1.165051404308234,-0.6761095304583609,-1.142447942991037
-0.30159551650703387,0,-0.25252015457191374,1,-0.7680862409302001,1.063221755033766,1,0.14278139695542158,0.279705596772716,1,-1.303925960971807,-1.012340415329351,-0.932273603340525,6,1.152834072528232,1,-0.7231581486969355,1.149331120105412,0.14004405698357952,0,0.47940434054294323,-0.4292901468837605,1.2111762779623128,2.5474710616109655,-0.6553111850858345,-0.61354589036535,0.3574353973694499,-1.138573308723798,-1.165051404308234,-0.6761095304583609,-1.142447942991037
1.4375467570437923,1,0.023644868876219166,2,0.3361551029987918,0.0999330154962399,2,-1.4065981652409192,0.279705596772716,0,0.50492522865407,0.389912032759361,0.8813802552673452,7,1.152834072528232,2,0.6003384273012938,-1.0791826831920126,0.5397814623541853,0,-1.1579030296753563,-0.4292901468837605,1.2111762779623128,-0.9455246264432461,0.6248315950818424,0.15731945906803824,0.3574353973694499,-0.8099533035552652,-0.6113636082013505,-0.03437845070127261,-0.8587657679577896
0.4592792281714526,2,-1.1475907216404158,2,-0.890779723588977,1.063221755033766,1,-1.0180183813107,1.1985150431545986,1,1.0426917985428443,0.389912032759361,1.7882071845712804,3,-0.6706129608183733,2,2.046644606915991,0.22290669938263993,-0.6594307537576322,0,1.025173463949043,-0.4292901468837605,-0.6398221663309683,-0.9455246264432461,1.3929172631824485,-0.61354589036535,0.3574353973694499,2.476246748130061,1.6033875762261836,-0.6761095304583609,-0.007719242858047555
-0.6276846927978138,2,-1.157453758192135,1,1.5630899295865606,1.063221755033766,3,0.593929112196439,1.1985150431545986,1,1.53157049844173,0.389912032759361,-0.02544667403658987,4,0.24111055585492935,1,-0.04324338819054058,0.9493236600861078,-0.6594307537576322,1,-0.06636478286315664,-0.4292901468837605,1.2111762779623128,1.383139165592895,-0.14325407301876378,0.15731945906803824,-1.0820989427212115,0.5045267171188654,-0.6113636082013505,1.2490837088129039,0.8433272822416945
0.24188644397759934,1,-0.31416413302015767,1,-0.27731231029509257,-0.8633557240412861,3,-0.9620365480326174,0.279705596772716,1,-0.619495781113367,-1.012340415329351,2.6950341138752156,3,1.152834072528232,1,2.7386703490939057,0.9611467611709928,-0.6594307537576322,0,-0.06636478286315664,-0.4292901468837605,-1.565321388477609,0.21880726957482452,1.2649029851656808,-0.61354589036535,0.3574353973694499,2.311936745545795,1.3265436781727418,3.4951424879627124,-0.2914014178912949
0.7853684044622325,2,0.585837952324204,1,-1.0134732062477538,0.0999330154962399,3,1.6328860768573221,-0.6391038496091666,1,-1.2061502209920298,0.389912032759361,-0.932273603340525,6,1.152834072528232,2,-0.8385311846203644,-0.12531177780790057,1.339256273095397,1,-0.8850184679723064,-0.4292901468837605,0.2856770558156722,-0.9455246264432461,-0.6553111850858345,-0.61354589036535,0.3574353973694499,-0.48133329838673256,-0.3345197101479087,-0.3552439905798167,-0.5750835929245423
-0.41029190860396053,2,-0.5533427693993441,1,1.9311703775628912,0.0999330154962399,1,0.8507869354723467,1.1985150431545986,1,-1.1083744810122527,-1.012340415329351,-0.02544667403658987,4,-0.6706129608183733,2,-0.43823136937222434,1.3849486345827622,-0.6594307537576322,0,-0.6121339062692566,-0.4292901468837605,1.2111762779623128,-0.9455246264432461,-0.7833254631026022,-0.61354589036535,0.3574353973694499,-0.31702329580246624,-0.3345197101479087,-0.6761095304583609,-0.5750835929245423
-0.41029190860396053,2,1.0272088380136306,2,-0.15461882763631568,1.063221755033766,2,-0.5783963376269348,0.279705596772716,1,-1.3528138309616955,0.389912032759361,-0.02544667403658987,7,0.24111055585492935,0,0.1532944722683392,0.8612134067630366,-1.0591681591282378,0,-0.8850184679723064,-0.4292901468837605,1.2111762779623128,-0.9455246264432461,-0.6553111850858345,0.15731945906803824,0.3574353973694499,-0.31702329580246624,-1.165051404308234,-0.3552439905798167,-0.5750835929245423
-1.2798630453793736,2,1.4365248549099705,2,-0.15461882763631568,-0.8633557240412861,4,1.6295930278409645,-1.557913295991049,0,0.8960281885731786,0.389912032759361,-0.02544667403658987,7,0.24111055585492935,0,-0.31350950549183254,-0.08843496251933079,-1.0591681591282378,1,1.843827149058193,2.3294268625987633,-0.6398221663309683,0.21880726957482452,-0.6553111850858345,0.15731945906803824,-1.0820989427212115,-0.31702329580246624,-0.3345197101479087,-0.6761095304583609,-0.007719242858047555
0.024493659783746062,2,-1.0662206700887338,1,1.9311703775628912,-0.8633557240412861,3,0.21852152433165078,0.279705596772716,0,-0.7172715210931442,-1.012340415329351,-0.02544667403658987,0,1.152834072528232,0,-0.13843145466143586,0.40236448370678674,1.738993678466003,0,-0.6121339062692566,-0.4292901468837605,0.2856770558156722,1.383139165592895,-0.2712683510355315,-0.61354589036535,0.3574353973694499,-0.15271329321819993,-0.6113636082013505,-0.3552439905798167,-0.2914014178912949
0.024493659783746062,2,0.29980989232435207,1,0.09076813768123806,0.0999330154962399,3,-0.8928825186891038,0.279705596772716,0,1.53157049844173,0.389912032759361,-0.932273603340525,2,-1.582336477491676,1,-0.6226582481595839,0.47161407577539866,1.339256273095397,0,1.298058025652093,2.3294268625987633,-0.6398221663309683,0.21880726957482452,0.7528458730986101,0.15731945906803824,0.3574353973694499,-0.31702329580246624,-0.05767581209446695,-0.6761095304583609,-0.2914014178912949
-1.0624702611855203,2,1.5302237021513012,2,-0.890779723588977,-1.8266444635788122,2,-0.5948615827087237,0.279705596772716,1,0.8960281885731786,0.389912032759361,-0.932273603340525,8,-1.582336477491676,0,-0.7099848002121241,0.2862447409088094,-1.0591681591282378,0,-1.1579030296753563,-0.4292901468837605,-0.6398221663309683,0.21880726957482452,-0.7833254631026022,0.15731945906803824,0.3574353973694499,-0.48133329838673256,-0.3345197101479087,-0.6761095304583609,-0.5750835929245423
-1.2798630453793736,2,0.4378924040484185,1,-0.890779723588977,-1.8266444635788122,4,1.586783390628313,1.1985150431545986,1,-0.47283217114370135,0.389912032759361,-0.932273603340525,2,0.24111055585492935,0,-0.5111097327640035,-0.9872721473773711,1.339256273095397,1,1.025173463949043,-0.4292901468837605,0.2856770558156722,0.21880726957482452,-0.5272969070690668,-0.61354589036535,-1.0820989427212115,-0.8099533035552652,-0.6113636082013505,-0.6761095304583609,-0.5750835929245423
-0.7363810848947404,2,-0.565671565088993,2,-0.5226992756126463,0.0999330154962399,2,-0.9422782539344707,1.1985150431545986,0,-1.7928046608706927,-1.012340415329351,-0.02544667403658987,7,0.24111055585492935,0,-0.05620426331269373,-1.2500546441092786,-0.6594307537576322,0,-0.6121339062692566,-0.4292901468837605,0.2856770558156722,2.5474710616109655,-0.14325407301876378,-0.61354589036535,0.3574353973694499,0.5045267171188654,1.3265436781727418,-0.3552439905798167,-0.5750835929245423
-0.845077476991667,2,-0.9651245454336137,1,1.9311703775628912,2.026510494571292,5,-0.762807082542971,0.279705596772716,0,0.2115980087147386,-1.012340415329351,-0.932273603340525,6,-0.6706129608183733,1,-0.815159114727957,0.5612725923357763,0.9395188677247911,0,0.2065197788398933,-0.4292901468837605,-0.6398221663309683,-0.9455246264432461,-0.6553111850858345,-0.61354589036535,1.7969697374601115,-0.8099533035552652,-0.6113636082013505,-0.3552439905798167,-0.8587657679577896
-1.0624702611855203,0,1.604196476289194,1,-0.7680862409302001,0.0999330154962399,3,-1.3242719398319744,0.279705596772716,1,0.6027009686338471,-1.012340415329351,-0.932273603340525,6,0.24111055585492935,0,-0.8109096474747921,1.5501905473643687,-0.6594307537576322,1,-0.06636478286315664,-0.4292901468837605,1.2111762779623128,0.21880726957482452,-1.295382575169673,-0.61354589036535,-1.0820989427212115,-0.9742633061395315,-0.8882075062547923,-0.6761095304583609,-0.8587657679577896
0.7853684044622325,2,-0.7949871649164605,1,-0.27731231029509257,1.063221755033766,3,-1.633818547369607,-1.557913295991049,0,-1.2061502209920298,-1.012340415329351,0.8813802552673452,0,1.152834072528232,1,0.8213107244658722,-1.719741409826673,0.14004405698357952,0,-0.3392493445662066,-0.4292901468837605,1.2111762779623128,0.21880726957482452,1.6489458192159838,0.9281848085014265,0.3574353973694499,2.476246748130061,0.4960119840124166,0.9282181689343597,3.680149032574168
-1.497255829573227,2,0.21104256335888077,1,-0.6453927582714232,0.0999330154962399,3,-0.5322936513979256,-1.557913295991049,1,-0.42394430115381276,1.792164480848073,-0.932273603340525,6,-1.582336477491676,1,-0.7571538867222553,-0.8118961479515775,-0.2596933483870263,0,0.2065197788398933,-0.4292901468837605,-1.565321388477609,0.21880726957482452,-0.7833254631026022,0.15731945906803824,1.7969697374601115,-0.6456433009709989,-0.6113636082013505,-0.6761095304583609,-0.5750835929245423
0.6766720123653059,0,1.3428260076686396,1,-0.27731231029509257,0.0999330154962399,3,-1.2617040085211764,1.1985150431545986,1,-1.4505895709414727,1.792164480848073,-0.932273603340525,6,1.152834072528232,0,-0.9122594414627765,-1.2786271383977506,0.5397814623541853,0,-0.3392493445662066,-0.4292901468837605,1.2111762779623128,2.5474710616109655,-0.5272969070690668,0.15731945906803824,1.7969697374601115,-0.31702329580246624,-0.05767581209446695,-0.03437845070127261,-0.5750835929245423
-0.845077476991667,2,0.01624759146242989,1,-0.27731231029509257,0.0999330154962399,5,0.4457419064603384,-0.6391038496091666,0,-1.3528138309616955,0.389912032759361,-0.932273603340525,2,0.24111055585492935,0,-0.646667738139966,0.41841012089341634,0.14004405698357952,1,-0.6121339062692566,-0.4292901468837605,-1.565321388477609,1.383139165592895,-0.14325407301876378,-0.61354589036535,0.3574353973694499,0.011596709366066407,0.7728558820658583,1.569949248691448,0.8433272822416945
-1.0624702611855203,1,0.8176193112896012,1,0.7042355509751225,0.0999330154962399,1,1.385907400630488,1.1985150431545986,0,0.50492522865407,-1.012340415329351,-0.932273603340525,6,-1.582336477491676,1,-0.3417684627253796,1.341597263938184,-1.0591681591282378,0,1.025173463949043,-0.4292901468837605,1.2111762779623128,0.21880726957482452,-0.39928262905229917,-0.61354589036535,-1.0820989427212115,0.011596709366066407,0.4960119840124166,1.569949248691448,-0.2914014178912949
1.0027611886560859,2,1.1209076852549613,2,0.09076813768123806,0.0999330154962399,1,1.384260876122309,0.279705596772716,0,-0.13061708121448137,0.389912032759361,0.8813802552673452,7,-0.6706129608183733,1,0.19791387842657135,-0.04240931901031433,0.9395188677247911,0,1.570942587355143,2.3294268625987633,0.2856770558156722,2.5474710616109655,0.36880303904830697,-0.61354589036535,0.3574353973694499,0.17590671195033272,0.7728558820658583,-0.6761095304583609,0.8433272822416945
-0.5189883007008872,2,-1.675263177157384,1,-0.40000579295386945,2.026510494571292,1,-1.3127462682747222,0.279705596772716,1,-1.1572623510021414,0.389912032759361,-0.932273603340525,6,0.24111055585492935,2,-0.7106222203000988,-0.2649369715722563,0.14004405698357952,0,1.298058025652093,2.3294268625987633,-1.565321388477609,-0.9455246264432461,-0.39928262905229917,-0.61354589036535,0.3574353973694499,-0.31702329580246624,-0.05767581209446695,-0.3552439905798167,-0.007719242858047555
-0.7363810848947404,2,1.3304972119789908,2,-0.5226992756126463,0.0999330154962399,1,-1.317685841799259,-0.6391038496091666,0,-1.2550380909819183,0.389912032759361,0.8813802552673452,7,1.152834072528232,1,0.6451703068221842,-0.8810049888167979,-0.2596933483870263,0,-0.8850184679723064,-0.4292901468837605,0.2856770558156722,0.21880726957482452,0.1127744830147716,-0.61354589036535,0.3574353973694499,0.5045267171188654,1.3265436781727418,1.569949248691448,-0.007719242858047555
0.024493659783746062,0,1.115976166979102,2,1.19500948161023,-0.8633557240412861,3,-0.2046352742703254,-1.557913295991049,1,-1.6950289208909155,0.389912032759361,0.8813802552673452,7,-0.6706129608183733,2,0.26760514137847685,-1.3368981366018264,-0.6594307537576322,1,-0.6121339062692566,-0.4292901468837605,1.2111762779623128,-0.9455246264432461,-0.14325407301876378,-0.61354589036535,0.3574353973694499,0.5045267171188654,-1.165051404308234,-0.6761095304583609,1.4106916323081893
-0.7363810848947404,0,-1.6974550093987517,1,-0.031925344977538815,0.0999330154962399,3,-1.299574072209291,0.279705596772716,1,-0.03284134123470423,0.389912032759361,-0.02544667403658987,2,-1.582336477491676,0,-0.7033981259697184,-0.4645221779813859,-0.6594307537576322,0,-1.1579030296753563,-0.4292901468837605,0.2856770558156722,1.383139165592895,0.1127744830147716,0.9281848085014265,0.3574353973694499,0.8331467222873981,1.3265436781727418,1.2490837088129039,1.6943738073414365
0.1331900518806727,2,-1.3719748031920238,2,-0.27731231029509257,1.063221755033766,2,-0.52570755336521,1.1985150431545986,0,-1.0105987410324755,-1.012340415329351,-0.02544667403658987,7,1.152834072528232,2,-0.5002735912684328,-0.9178818041053677,-1.0591681591282378,0,1.298058025652093,2.3294268625987633,-1.565321388477609,-0.9455246264432461,-0.39928262905229917,-0.61354589036535,0.3574353973694499,0.011596709366066407,0.7728558820658583,-0.6761095304583609,0.2759629321751998
-0.41029190860396053,2,-1.00457669164049,2,-0.890779723588977,1.063221755033766,3,1.0566024989947087,1.1985150431545986,1,1.2871311484922872,0.389912032759361,-0.02544667403658987,7,1.152834072528232,0,-0.1864504346222,-1.462588961230425,-0.6594307537576322,0,-0.3392493445662066,-0.4292901468837605,0.2856770558156722,1.383139165592895,-0.6553111850858345,1.6990501579348147,0.3574353973694499,-0.15271329321819993,-0.6113636082013505,-0.6761095304583609,-0.007719242858047555
-0.19289912441010723,0,-1.4582763730195654,1,-0.15461882763631568,1.063221755033766,1,0.9907415186675529,0.279705596772716,0,-0.7172715210931442,0.389912032759361,-0.02544667403658987,0,0.24111055585492935,1,-0.4747767877494431,-0.2902721881827241,-0.6594307537576322,0,-0.8850184679723064,-0.4292901468837605,1.2111762779623128,0.21880726957482452,0.49681731706507465,1.6990501579348147,0.3574353973694499,1.1617667274559307,1.8802314742796253,-0.03437845070127261,1.4106916323081893
-1.171166653282447,2,-0.5336166962959061,1,-0.6453927582714232,-0.8633557240412861,1,0.4062253182640449,0.279705596772716,1,-0.6683836511032556,0.389912032759361,-0.932273603340525,6,1.152834072528232,2,-0.7452553784133933,-0.6107626783051415,-0.6594307537576322,1,1.298058025652093,2.3294268625987633,-0.6398221663309683,-0.9455246264432461,-0.39928262905229917,-0.61354589036535,-1.0820989427212115,0.17590671195033272,0.2191680859589748,-0.03437845070127261,-0.5750835929245423
0.6766720123653059,1,0.49707062335873264,1,-0.031925344977538815,2.026510494571292,3,-0.6014476807414393,1.1985150431545986,1,0.2604858787046272,0.389912032759361,-0.02544667403658987,2,0.24111055585492935,0,-0.14948006951966478,0.7480494392362804,0.14004405698357952,1,-0.6121339062692566,-0.4292901468837605,-0.6398221663309683,0.21880726957482452,-0.14325407301876378,0.15731945906803824,0.3574353973694499,0.17590671195033272,0.7728558820658583,0.6073526290558157,0.8433272822416945
-0.5189883007008872,2,-0.6199182661234476,1,-1.0134732062477538,0.0999330154962399,1,-1.5350270768788732,-0.6391038496091666,1,-0.03284134123470423,0.389912032759361,-0.02544667403658987,6,-0.6706129608183733,1,-0.03453198032155239,-0.9805160896145797,-0.6594307537576322,0,0.47940434054294323,-0.4292901468837605,-0.6398221663309683,1.383139165592895,-0.14325407301876378,0.15731945906803824,0.3574353973694499,0.5045267171188654,-0.05767581209446695,-0.6761095304583609,1.4106916323081893
-0.6276846927978138,2,-0.14402675250300437,1,-0.890779723588977,1.063221755033766,1,1.1405752489118324,-0.6391038496091666,1,0.11382226873496147,0.389912032759361,-0.932273603340525,2,0.24111055585492935,1,-0.6173464140931277,0.5335446052676532,-0.6594307537576322,0,-0.3392493445662066,-0.4292901468837605,1.2111762779623128,0.21880726957482452,-0.6553111850858345,-0.61354589036535,1.7969697374601115,-0.31702329580246624,-0.6113636082013505,-0.6761095304583609,-0.2914014178912949
1.6549395412376458,2,1.2959765840479742,1,0.21346162034001492,1.063221755033766,1,-0.3544690045146049,1.1985150431545986,0,0.7493645786035128,0.389912032759361,-0.02544667403658987,2,0.24111055585492935,1,-0.6870376770450333,1.0568575794772044,2.1387310838366087,0,1.298058025652093,2.3294268625987633,-0.6398221663309683,0.21880726957482452,-0.2712683510355315,0.15731945906803824,0.3574353973694499,-0.31702329580246624,-0.6113636082013505,-0.3552439905798167,-0.007719242858047555
0.7853684044622325,2,1.5992649580133345,2,2.299250825539222,0.0999330154962399,3,0.017645534333825513,1.1985150431545986,0,-0.6683836511032556,1.792164480848073,1.7882071845712804,7,1.152834072528232,1,1.4740288945520112,-0.3624775555225573,0.14004405698357952,1,0.7522889022459932,-0.4292901468837605,0.2856770558156722,0.21880726957482452,1.5209315411992161,-0.61354589036535,0.3574353973694499,0.8331467222873981,1.8802314742796253,2.8534114082056243,1.978055982374684
-0.845077476991667,2,0.7066601500827621,1,-0.27731231029509257,-1.8266444635788122,3,-0.19146307820489425,-1.557913295991049,0,-0.2283928211942585,-1.012340415329351,-0.932273603340525,2,1.152834072528232,0,-0.8181337418051725,-1.1623666443963818,1.339256273095397,0,-0.3392493445662066,-0.4292901468837605,0.2856770558156722,2.5474710616109655,-0.39928262905229917,1.6990501579348147,0.3574353973694499,-0.48133329838673256,-0.3345197101479087,-0.6761095304583609,-0.2914014178912949
-0.9537738690885937,2,1.6904980461167354,1,0.3361551029987918,-1.8266444635788122,1,0.24157286744615533,0.279705596772716,0,0.6027009686338471,0.389912032759361,-0.932273603340525,2,1.152834072528232,1,-0.8217457889703628,1.2164694441231514,-0.6594307537576322,1,-1.1579030296753563,-0.4292901468837605,1.2111762779623128,-0.9455246264432461,-1.295382575169673,0.9281848085014265,-1.0820989427212115,-0.9742633061395315,-0.8882075062547923,-0.6761095304583609,-1.142447942991037
-0.41029190860396053,2,0.033507905427938196,1,0.5815420683163456,0.0999330154962399,3,-1.157972964505906,0.279705596772716,1,-0.42394430115381276,0.389912032759361,-0.932273603340525,2,1.152834072528232,1,-0.8385311846203644,1.1030239741896124,0.9395188677247911,1,-0.6121339062692566,-0.4292901468837605,0.2856770558156722,0.21880726957482452,-0.39928262905229917,-0.61354589036535,-2.521633282811873,-0.31702329580246624,-0.05767581209446695,-0.6761095304583609,-0.007719242858047555
-0.7363810848947404,1,-1.7023865276746113,1,-0.5226992756126463,0.0999330154962399,3,-0.018578004846110194,-0.6391038496091666,0,-0.32616856117403564,0.389912032759361,-0.932273603340525,2,-0.6706129608183733,2,-0.8415058116975799,1.6063502775175724,-1.0591681591282378,0,0.47940434054294323,-0.4292901468837605,-1.565321388477609,-0.9455246264432461,-0.9113397411193699,0.15731945906803824,0.3574353973694499,-0.6456433009709989,-0.6113636082013505,-0.3552439905798167,-0.5750835929245423
-0.7363810848947404,2,0.5069336599104517,1,-0.7680862409302001,0.0999330154962399,5,-1.204075650734915,1.1985150431545986,0,1.0426917985428443,0.389912032759361,-0.932273603340525,6,-1.582336477491676,2,-0.7915745714728915,-0.8102071335108796,0.9395188677247911,1,-1.1579030296753563,-0.4292901468837605,0.2856770558156722,-0.9455246264432461,-0.39928262905229917,1.6990501579348147,0.3574353973694499,-0.31702329580246624,-0.6113636082013505,-0.6761095304583609,-0.007719242858047555
-0.9537738690885937,2,-0.8862202530198615,1,1.4403964469277837,0.0999330154962399,3,-1.3292115133565112,0.279705596772716,1,-1.2061502209920298,0.389912032759361,-0.932273603340525,6,1.152834072528232,1,-0.7796760631640295,-1.0753824007004424,-0.6594307537576322,0,-1.1579030296753563,-0.4292901468837605,0.2856770558156722,0.21880726957482452,-0.7833254631026022,-0.61354589036535,-2.521633282811873,-0.31702329580246624,-0.6113636082013505,-0.6761095304583609,-0.5750835929245423
-0.6276846927978138,2,-0.6347128209510262,2,1.3177029642690068,0.0999330154962399,1,-1.4049516407327405,-0.6391038496091666,0,0.2115980087147386,-2.414592863418063,-0.02544667403658987,7,0.24111055585492935,1,-0.387450235696903,1.4744663999397483,0.14004405698357952,1,-1.1579030296753563,-0.4292901468837605,0.2856770558156722,0.21880726957482452,-0.9113397411193699,-0.61354589036535,0.3574353973694499,-0.8099533035552652,-0.6113636082013505,-0.03437845070127261,-0.5750835929245423
-1.7146486137670802,2,-0.7358089456061463,2,-0.5226992756126463,-1.8266444635788122,3,1.634532601365501,0.279705596772716,1,-0.42394430115381276,0.389912032759361,-0.932273603340525,8,-1.582336477491676,2,-0.8504296929292262,1.5717254814832664,-0.6594307537576322,1,-1.1579030296753563,-0.4292901468837605,1.2111762779623128,-0.9455246264432461,-1.1673682971529054,2.469915507368203,0.3574353973694499,-0.8099533035552652,-0.6113636082013505,-0.3552439905798167,-0.5750835929245423
0.024493659783746062,1,-0.3363559652615255,1,0.21346162034001492,0.0999330154962399,4,-1.189256930161305,-0.6391038496091666,1,-0.961710871042587,0.389912032759361,0.8813802552673452,5,1.152834072528232,0,1.2328716279348992,-0.5990803284236481,-0.6594307537576322,1,-0.3392493445662066,-0.4292901468837605,0.2856770558156722,2.5474710616109655,-0.14325407301876378,-1.3844112397987383,0.3574353973694499,0.5045267171188654,1.0496997801193,-0.6761095304583609,0.8433272822416945
0.1331900518806727,2,1.715155637496033,1,-0.6453927582714232,-0.8633557240412861,3,1.08459341563375,1.1985150431545986,0,0.9938039285529556,0.389912032759361,-0.932273603340525,2,0.24111055585492935,1,-0.6536793591076883,1.6698290702471332,1.738993678466003,0,1.025173463949043,-0.4292901468837605,1.2111762779623128,0.21880726957482452,-0.5272969070690668,1.6990501579348147,-1.0820989427212115,-1.138573308723798,-1.165051404308234,-0.6761095304583609,-1.142447942991037
-1.2798630453793736,2,-1.3152623430196393,1,-1.0134732062477538,0.0999330154962399,3,0.452328004493054,1.1985150431545986,0,-1.303925960971807,0.389912032759361,-0.932273603340525,6,-0.6706129608183733,2,-0.9107721279241688,0.6358707301332648,-0.6594307537576322,0,0.7522889022459932,-0.4292901468837605,1.2111762779623128,-0.9455246264432461,-1.1673682971529054,0.15731945906803824,-1.0820989427212115,-0.8099533035552652,-0.6113636082013505,-0.03437845070127261,-0.8587657679577896
-0.41029190860396053,2,0.32446748370364964,1,0.5815420683163456,0.0999330154962399,3,-1.2781692536029654,1.1985150431545986,0,0.2604858787046272,0.389912032759361,-0.932273603340525,6,-0.6706129608183733,1,-0.7705397085697249,-1.3567440562800264,-0.6594307537576322,0,-0.6121339062692566,-0.4292901468837605,1.2111762779623128,0.21880726957482452,-0.39928262905229917,1.6990501579348147,0.3574353973694499,0.17590671195033272,0.7728558820658583,-0.3552439905798167,0.5596451072084472
-1.0624702611855203,2,1.0863870573239447,1,-0.890779723588977,1.063221755033766,1,-1.6041811062223867,1.1985150431545986,0,-1.646141050901027,0.389912032759361,-0.932273603340525,2,-1.582336477491676,0,-0.8587161540728979,0.7604355451347314,-0.6594307537576322,0,-0.6121339062692566,-0.4292901468837605,1.2111762779623128,0.21880726957482452,-1.295382575169673,2.469915507368203,0.3574353973694499,-0.9742633061395315,-1.165051404308234,-0.6761095304583609,-1.142447942991037
-0.5189883007008872,2,-0.7432062230199356,1,-0.7680862409302001,1.063221755033766,3,-0.10255075476323387,0.279705596772716,0,1.2871311484922872,0.389912032759361,-0.02544667403658987,4,-1.582336477491676,1,0.07276706782086305,-0.1067326189602242,-0.6594307537576322,0,-0.8850184679723064,-0.4292901468837605,0.2856770558156722,0.21880726957482452,-0.39928262905229917,-0.61354589036535,1.7969697374601115,0.17590671195033272,0.7728558820658583,1.2490837088129039,-0.2914014178912949
-1.2798630453793736,2,1.1850174228411352,1,-0.27731231029509257,-1.8266444635788122,3,-1.457640424994465,1.1985150431545986,1,-0.13061708121448137,-1.012340415329351,-0.932273603340525,6,1.152834072528232,1,-0.7422807513361778,1.7713106878923959,-0.6594307537576322,0,-1.1579030296753563,-0.4292901468837605,0.2856770558156722,1.383139165592895,-1.1673682971529054,-0.61354589036535,0.3574353973694499,-0.8099533035552652,-0.6113636082013505,-0.03437845070127261,-0.8587657679577896
-0.08420273231318058,2,0.12967251180719874,1,-0.5226992756126463,1.063221755033766,1,-1.6091206797469235,-0.6391038496091666,0,0.7493645786035128,-1.012340415329351,-0.932273603340525,6,-1.582336477491676,1,-0.6296698691273062,-0.17457469899492126,2.5384684892072147,1,-0.3392493445662066,-0.4292901468837605,1.2111762779623128,0.21880726957482452,-0.6553111850858345,0.15731945906803824,1.7969697374601115,-0.9742633061395315,-0.8882075062547923,-0.6761095304583609,-1.142447942991037
1.9810287175284256,2,-0.1834788987098805,1,-0.890779723588977,0.0999330154962399,3,-0.3972786417272562,1.1985150431545986,1,0.5538130986439586,0.389912032759361,2.6950341138752156,3,-1.582336477491676,1,2.8633922129742975,0.9693103309676991,0.9395188677247911,1,-0.6121339062692566,-0.4292901468837605,1.2111762779623128,0.21880726957482452,1.6489458192159838,-0.61354589036535,0.3574353973694499,-0.31702329580246624,-0.6113636082013505,-0.3552439905798167,-0.007719242858047555
0.5679756202683792,0,-1.0958097797438908,1,0.09076813768123806,1.063221755033766,5,1.3595630084996255,0.279705596772716,1,-1.4017017009515842,0.389912032759361,-0.932273603340525,6,0.24111055585492935,1,-0.7322945032912401,-1.1473062656334927,0.14004405698357952,0,1.843827149058193,2.3294268625987633,-0.6398221663309683,1.383139165592895,-0.14325407301876378,-1.3844112397987383,-1.0820989427212115,-0.15271329321819993,-0.3345197101479087,0.2864870891772715,-0.2914014178912949
-1.6059522216701536,2,-1.0070424507784197,1,-0.27731231029509257,-1.8266444635788122,1,1.399079596695919,1.1985150431545986,1,0.40714948867429285,0.389912032759361,-0.932273603340525,6,-0.6706129608183733,2,-0.8308821435646674,1.6580059691622484,-0.6594307537576322,1,2.1167117107612428,2.3294268625987633,-1.565321388477609,-0.9455246264432461,-1.295382575169673,-0.61354589036535,0.3574353973694499,-0.9742633061395315,-1.165051404308234,-0.6761095304583609,-1.142447942991037
-0.7363810848947404,2,0.27515230094505444,1,-1.0134732062477538,-0.8633557240412861,3,1.5818438171037765,1.1985150431545986,1,0.45603735866418144,0.389912032759361,-0.932273603340525,2,-0.6706129608183733,1,-0.5597661328127425,-1.440631773501353,-0.6594307537576322,0,-0.6121339062692566,-0.4292901468837605,0.2856770558156722,-0.9455246264432461,0.1127744830147716,2.469915507368203,-1.0820989427212115,0.8331467222873981,1.0496997801193,-0.3552439905798167,0.8433272822416945
-0.19289912441010723,2,-0.6445758575027453,1,1.9311703775628912,-0.8633557240412861,4,-0.6195594503314071,-1.557913295991049,1,-0.619495781113367,-1.012340415329351,-0.02544667403658987,2,1.152834072528232,2,-0.5740018481108451,-0.04339457743405474,0.5397814623541853,0,-0.3392493445662066,-0.4292901468837605,1.2111762779623128,-0.9455246264432461,-0.2712683510355315,0.15731945906803824,0.3574353973694499,-0.6456433009709989,-0.6113636082013505,-0.6761095304583609,-0.5750835929245423
1.6549395412376458,2,0.38611146215189357,1,-0.40000579295386945,-0.8633557240412861,5,-0.6557829895113428,1.1985150431545986,1,0.5538130986439586,0.389912032759361,-0.02544667403658987,6,-1.582336477491676,0,-0.17115235251080613,1.0942973995793401,0.14004405698357952,1,-0.8850184679723064,-0.4292901468837605,-0.6398221663309683,1.383139165592895,0.8808601511153777,0.15731945906803824,0.3574353973694499,0.5045267171188654,1.3265436781727418,1.2490837088129039,1.4106916323081893
1.872332325431499,1,0.41076905353119114,1,-1.0134732062477538,1.063221755033766,1,0.356829583018678,1.1985150431545986,0,-0.6683836511032556,0.389912032759361,0.8813802552673452,4,0.24111055585492935,0,0.8752789585810673,-0.6549585561700687,1.738993678466003,0,0.47940434054294323,-0.4292901468837605,-1.565321388477609,0.21880726957482452,2.801074321366893,-0.61354589036535,-2.521633282811873,-0.31702329580246624,-0.05767581209446695,-0.3552439905798167,-0.007719242858047555
1.6549395412376458,2,0.5685776383586957,2,-0.5226992756126463,0.0999330154962399,1,0.4786723966239163,-0.6391038496091666,1,-0.13061708121448137,0.389912032759361,0.8813802552673452,7,-0.6706129608183733,2,0.43843372495570854,1.0164619841038474,2.5384684892072147,1,1.025173463949043,-0.4292901468837605,0.2856770558156722,-0.9455246264432461,-0.14325407301876378,-0.61354589036535,-1.0820989427212115,0.17590671195033272,0.7728558820658583,1.569949248691448,0.8433272822416945
-0.30159551650703387,2,-0.2475886362960542,1,-0.40000579295386945,-1.8266444635788122,3,-1.6420511699105014,-0.6391038496091666,1,0.7982524485934014,0.389912032759361,-0.932273603340525,6,-1.582336477491676,2,-0.7271951425874422,0.3926526506727741,-0.2596933483870263,0,-1.1579030296753563,-0.4292901468837605,0.2856770558156722,-0.9455246264432461,-0.39928262905229917,-0.61354589036535,0.3574353973694499,-0.48133329838673256,-0.6113636082013505,-0.3552439905798167,-0.2914014178912949
1.9810287175284256,2,-1.5051257966402307,0,2.0538638602216683,1.063221755033766,0,1.5554994249729142,0.279705596772716,1,0.2115980087147386,1.792164480848073,2.6950341138752156,3,-0.6706129608183733,1,2.8160106531015083,1.6184548810092403,0.5397814623541853,1,0.7522889022459932,-0.4292901468837605,-1.565321388477609,0.21880726957482452,3.0571028774004283,-2.1552765892321264,0.3574353973694499,0.5045267171188654,1.3265436781727418,-0.3552439905798167,-0.007719242858047555
0.5679756202683792,2,0.8570714574964773,0,0.09076813768123806,0.0999330154962399,0,0.625213077851838,0.279705596772716,0,-1.743916790880804,0.389912032759361,1.7882071845712804,3,-1.582336477491676,1,2.2132237232400573,0.3242475658245111,-1.0591681591282378,0,-0.3392493445662066,-0.4292901468837605,0.2856770558156722,0.21880726957482452,1.2649029851656808,1.6990501579348147,0.3574353973694499,2.1476267429615286,0.7728558820658583,-0.6761095304583609,1.4106916323081893
-0.19289912441010723,1,-0.3338902061235957,1,-1.0134732062477538,0.0999330154962399,3,-1.5481992729443044,-0.6391038496091666,1,0.6027009686338471,0.389912032759361,-0.932273603340525,6,-1.582336477491676,1,-0.8899497383836604,-1.1885463682271984,0.5397814623541853,0,-0.6121339062692566,-0.4292901468837605,1.2111762779623128,0.21880726957482452,-0.7833254631026022,-0.61354589036535,-1.0820989427212115,-0.6456433009709989,-0.6113636082013505,-0.3552439905798167,-0.5750835929245423
0.350582836074526,2,-1.7073180459504709,2,0.09076813768123806,0.0999330154962399,5,0.3469504359696047,-0.6391038496091666,0,0.84714031858329,-1.012340415329351,-0.02544667403658987,7,-0.6706129608183733,0,0.0997511848784606,-0.3830272312177145,1.738993678466003,0,-0.8850184679723064,-0.4292901468837605,-0.6398221663309683,0.21880726957482452,-0.5272969070690668,-0.61354589036535,1.7969697374601115,-0.31702329580246624,-0.8882075062547923,-0.3552439905798167,-0.2914014178912949
-0.6276846927978138,1,-1.5692355342264044,1,1.8084768949041143,-1.8266444635788122,5,1.1652731165345158,1.1985150431545986,0,-1.7928046608706927,0.389912032759361,-0.02544667403658987,4,1.152834072528232,2,-0.24318082245195233,-1.0756639031072253,-0.2596933483870263,0,1.298058025652093,2.3294268625987633,1.2111762779623128,-0.9455246264432461,-0.2712683510355315,0.15731945906803824,-1.0820989427212115,-0.31702329580246624,-0.05767581209446695,-0.3552439905798167,-0.007719242858047555
0.4592792281714526,1,-1.6185507169849995,2,-0.6453927582714232,0.0999330154962399,2,-0.889589469672746,-1.557913295991049,1,-0.5217200411335899,0.389912032759361,-0.02544667403658987,7,-0.6706129608183733,2,0.6315720116120563,-0.6691744277126089,-0.6594307537576322,0,0.7522889022459932,-0.4292901468837605,0.2856770558156722,-0.9455246264432461,-0.39928262905229917,1.6990501579348147,0.3574353973694499,0.17590671195033272,0.7728558820658583,1.569949248691448,0.8433272822416945
-1.171166653282447,2,0.47241303197943507,1,-0.40000579295386945,0.0999330154962399,1,-0.5635776170533247,0.279705596772716,0,0.2115980087147386,0.389912032759361,-0.932273603340525,2,1.152834072528232,1,-0.791149624747575,0.4851261913009815,-0.6594307537576322,1,-0.6121339062692566,-0.4292901468837605,0.2856770558156722,0.21880726957482452,-1.0393540191361377,-0.61354589036535,0.3574353973694499,-0.6456433009709989,-0.6113636082013505,-0.6761095304583609,-0.5750835929245423
-0.5189883007008872,0,0.15433010318649634,2,-0.890779723588977,-1.8266444635788122,1,0.26627073506883875,0.279705596772716,0,0.45603735866418144,0.389912032759361,-0.932273603340525,8,-1.582336477491676,0,-0.7554540998209892,0.08933380736411814,-0.6594307537576322,0,-0.8850184679723064,-0.4292901468837605,0.2856770558156722,2.5474710616109655,-1.295382575169673,0.15731945906803824,0.3574353973694499,-0.9742633061395315,-1.165051404308234,-0.6761095304583609,-1.142447942991037
0.1331900518806727,0,1.3230999345652015,0,-0.890779723588977,0.0999330154962399,0,1.2788833075988597,-1.557913295991049,1,1.629346238421507,0.389912032759361,-0.932273603340525,1,-0.6706129608183733,0,-0.8053853400456776,-1.0110591007505325,0.9395188677247911,0,-0.6121339062692566,-0.4292901468837605,1.2111762779623128,2.5474710616109655,0.2407887610315393,0.15731945906803824,0.3574353973694499,0.6688367197031317,1.6033875762261836,0.2864870891772715,1.1270094572749418
-1.6059522216701536,2,-1.3473172118127261,1,0.21346162034001492,0.0999330154962399,3,-0.8517194059846315,-1.557913295991049,0,-1.1572623510021414,0.389912032759361,-0.932273603340525,6,-0.6706129608183733,1,-0.879326070250748,1.4254849811595107,-0.6594307537576322,0,-0.6121339062692566,-0.4292901468837605,1.2111762779623128,0.21880726957482452,-1.1673682971529054,-1.3844112397987383,0.3574353973694499,-0.8099533035552652,-0.8882075062547923,-0.3552439905798167,-0.5750835929245423
-1.6059522216701536,2,-1.4360845407781975,1,-0.15461882763631568,-1.8266444635788122,1,-0.015284955829752402,-0.6391038496091666,1,1.3360190184821756,-2.414592863418063,-0.932273603340525,2,-1.582336477491676,1,-0.8353440841804907,-1.0459653991916216,-0.6594307537576322,0,-0.06636478286315664,-0.4292901468837605,-1.565321388477609,0.21880726957482452,-0.9113397411193699,0.15731945906803824,-1.0820989427212115,-0.48133329838673256,-0.3345197101479087,-0.3552439905798167,-0.8587657679577896
-1.0624702611855203,2,0.8250165887033905,1,0.8269290336338992,1.063221755033766,5,-0.04492239697697253,0.279705596772716,0,-1.4505895709414727,0.389912032759361,-0.932273603340525,2,-0.6706129608183733,1,-0.7588536736235212,-0.3133553855389281,2.5384684892072147,0,-0.3392493445662066,-0.4292901468837605,-0.6398221663309683,0.21880726957482452,-0.9113397411193699,-0.61354589036535,0.3574353973694499,-0.8099533035552652,-0.6113636082013505,-0.03437845070127261,-0.5750835929245423
0.1331900518806727,2,-0.18841041698574001,2,-0.890779723588977,1.063221755033766,2,1.3282790428442266,-0.6391038496091666,0,0.50492522865407,-2.414592863418063,-0.02544667403658987,8,1.152834072528232,1,-0.20769777088802485,-1.4171263225349744,-0.2596933483870263,1,1.298058025652093,2.3294268625987633,-1.565321388477609,1.383139165592895,1.136888707148913,0.9281848085014265,-1.0820989427212115,-0.48133329838673256,-0.6113636082013505,-0.6761095304583609,-0.2914014178912949
-0.845077476991667,2,-1.399098153709251,1,1.19500948161023,0.0999330154962399,5,-0.6870669551667419,1.1985150431545986,1,-1.5972531809111383,0.389912032759361,-0.02544667403658987,4,1.152834072528232,0,-0.45055482440640277,1.1728365710717903,0.5397814623541853,0,-0.8850184679723064,-0.4292901468837605,-0.6398221663309683,1.383139165592895,-0.39928262905229917,-0.61354589036535,1.7969697374601115,-0.6456433009709989,-0.6113636082013505,-0.3552439905798167,-0.5750835929245423
-0.9537738690885937,2,-0.666767689744113,1,-0.890779723588977,1.063221755033766,1,-1.093758508686929,-1.557913295991049,1,0.6027009686338471,0.389912032759361,-0.932273603340525,2,0.24111055585492935,2,-0.6156466271918618,0.08764479292342028,-0.2596933483870263,0,-1.1579030296753563,-0.4292901468837605,0.2856770558156722,-0.9455246264432461,-0.7833254631026022,1.6990501579348147,-2.521633282811873,-1.138573308723798,-1.165051404308234,-0.6761095304583609,-1.142447942991037
-0.6276846927978138,2,-0.13169795681335558,1,-0.15461882763631568,1.063221755033766,1,-1.5317340278625153,0.279705596772716,0,-0.27728069118414705,0.389912032759361,-0.02544667403658987,4,1.152834072528232,2,-0.4161341396557665,0.8965419588143,-0.6594307537576322,0,2.1167117107612428,2.3294268625987633,1.2111762779623128,-0.9455246264432461,-0.0152397950019961,-0.61354589036535,0.3574353973694499,0.6688367197031317,0.7728558820658583,-0.3552439905798167,1.1270094572749418
1.9810287175284256,0,-1.5347149062953878,1,-0.15461882763631568,-1.8266444635788122,3,0.41116489178858157,1.1985150431545986,1,-1.4505895709414727,-1.012340415329351,1.7882071845712804,0,-0.6706129608183733,0,1.5286345487551811,1.5876303674665044,-0.6594307537576322,1,-0.06636478286315664,-0.4292901468837605,1.2111762779623128,0.21880726957482452,2.9290885993836606,0.15731945906803824,0.3574353973694499,4.283656776556991,1.3265436781727418,4.1368735677198005,-1.142447942991037
2.4158142859161322,2,0.04583670111758698,0,-0.40000579295386945,-0.8633557240412861,3,-1.1645590625386215,-0.6391038496091666,1,-0.7172715210931442,0.389912032759361,-0.932273603340525,1,0.24111055585492935,1,-0.8744391829096083,1.5967791956869513,2.1387310838366087,0,0.47940434054294323,-0.4292901468837605,1.2111762779623128,-0.9455246264432461,-0.5272969070690668,-0.61354589036535,-1.0820989427212115,-0.8099533035552652,-0.6113636082013505,-0.03437845070127261,-0.5750835929245423
1.220153972849939,2,-1.5692355342264044,2,-0.890779723588977,2.026510494571292,2,-0.7134113472976041,-0.6391038496091666,0,-1.4505895709414727,0.389912032759361,-0.02544667403658987,7,1.152834072528232,1,-0.49538670392729317,0.7524127265414166,-0.2596933483870263,0,-0.3392493445662066,-0.4292901468837605,-1.565321388477609,0.21880726957482452,0.36880303904830697,-0.61354589036535,0.3574353973694499,0.34021671453459906,0.7728558820658583,1.2490837088129039,0.8433272822416945
0.6766720123653059,1,-1.1993716635369407,1,1.4403964469277837,0.0999330154962399,3,-0.8286680628701268,1.1985150431545986,1,-0.27728069118414705,0.389912032759361,-0.932273603340525,2,1.152834072528232,1,-0.8763514431735325,0.13029240755104105,1.738993678466003,0,1.298058025652093,2.3294268625987633,-1.565321388477609,0.21880726957482452,-0.39928262905229917,-1.3844112397987383,0.3574353973694499,-0.6456433009709989,-0.6113636082013505,-0.3552439905798167,-0.5750835929245423
-0.19289912441010723,2,0.37131690732431505,1,-0.27731231029509257,0.0999330154962399,4,-0.30178022025288026,0.279705596772716,1,-0.3750564311639242,0.389912032759361,0.8813802552673452,4,0.24111055585492935,2,0.8155739436740994,0.6413600270655329,0.14004405698357952,0,1.570942587355143,2.3294268625987633,-0.6398221663309683,-0.9455246264432461,0.7528458730986101,0.15731945906803824,1.7969697374601115,0.17590671195033272,0.2191680859589748,-0.3552439905798167,0.5596451072084472
-0.41029190860396053,2,-1.6407425492263674,1,-0.890779723588977,0.0999330154962399,1,-1.2946344986847544,0.279705596772716,1,1.1404675385226213,0.389912032759361,-0.932273603340525,6,1.152834072528232,2,-0.8249328894102365,-0.5344755260669553,-1.0591681591282378,0,-0.3392493445662066,-0.4292901468837605,-1.565321388477609,-0.9455246264432461,-0.9113397411193699,-0.61354589036535,1.7969697374601115,-0.6456433009709989,-0.8882075062547923,-0.6761095304583609,-0.5750835929245423
1.7636359333345724,2,1.03460611542742,2,-0.890779723588977,1.063221755033766,1,-1.6552233659759326,-1.557913295991049,0,0.5538130986439586,-1.012340415329351,1.7882071845712804,3,1.152834072528232,1,1.9217102696729407,1.085007820155502,-0.2596933483870263,0,0.2065197788398933,-0.4292901468837605,0.2856770558156722,-0.9455246264432461,2.5450457653333576,0.15731945906803824,0.3574353973694499,2.96917675588286,1.0496997801193,0.2864870891772715,0.8433272822416945
1.0027611886560859,0,0.12227523439340948,2,2.0538638602216683,-0.8633557240412861,1,1.272297209566144,-0.6391038496091666,1,1.53157049844173,-1.012340415329351,-0.02544667403658987,7,-0.6706129608183733,2,0.34175834494620555,1.5276703548217307,2.1387310838366087,0,-0.06636478286315664,-0.4292901468837605,0.2856770558156722,-0.9455246264432461,-0.6553111850858345,0.15731945906803824,0.3574353973694499,-0.8099533035552652,-0.6113636082013505,-0.03437845070127261,-0.5750835929245423
-0.6276846927978138,2,1.4759770011168465,0,-0.15461882763631568,-0.8633557240412861,3,0.7124788767853195,1.1985150431545986,0,1.4337947584619528,1.792164480848073,-0.932273603340525,1,-0.6706129608183733,2,-0.9080099742096116,1.4492719345326721,2.5384684892072147,0,0.7522889022459932,-0.4292901468837605,1.2111762779623128,-0.9455246264432461,-0.39928262905229917,0.15731945906803824,0.3574353973694499,-0.6456433009709989,-0.6113636082013505,-0.6761095304583609,-0.5750835929245423
0.1331900518806727,2,-1.125398889399048,1,0.7042355509751225,-0.8633557240412861,1,-0.9340456313935762,0.279705596772716,1,1.2382432785023985,-1.012340415329351,0.8813802552673452,5,1.152834072528232,0,1.0894521081405817,0.19278594185686157,-1.0591681591282378,1,-0.3392493445662066,-0.4292901468837605,-0.6398221663309683,0.21880726957482452,0.1127744830147716,0.15731945906803824,0.3574353973694499,0.6688367197031317,1.6033875762261836,-0.03437845070127261,1.4106916323081893
1.9810287175284256,2,0.82994810697925,1,-1.0134732062477538,1.063221755033766,3,0.6515574699827004,-0.6391038496091666,1,0.7004767086136243,1.792164480848073,1.7882071845712804,5,1.152834072528232,0,1.774041282625458,-0.26718899082652015,-0.2596933483870263,0,-0.6121339062692566,-0.4292901468837605,1.2111762779623128,1.383139165592895,2.5450457653333576,0.9281848085014265,1.7969697374601115,0.011596709366066407,0.7728558820658583,-0.6761095304583609,-1.142447942991037
2.524510678013059,2,-0.25498591370984347,2,-0.27731231029509257,1.063221755033766,2,0.3370712889205313,-0.6391038496091666,1,-0.7172715210931442,1.792164480848073,-0.02544667403658987,7,1.152834072528232,0,-0.24700534297980078,-0.4812715711849729,-1.0591681591282378,1,0.7522889022459932,-0.4292901468837605,-0.6398221663309683,0.21880726957482452,0.1127744830147716,0.15731945906803824,0.3574353973694499,0.6688367197031317,0.7728558820658583,-0.3552439905798167,1.4106916323081893
2.3071178938192056,2,-1.2659471602610441,1,-0.890779723588977,1.063221755033766,1,-0.33471071041645817,1.1985150431545986,1,-1.743916790880804,0.389912032759361,2.6950341138752156,5,-0.6706129608183733,2,2.7331460416647912,1.6114173208396658,1.738993678466003,1,-0.8850184679723064,-0.4292901468837605,1.2111762779623128,-0.9455246264432461,3.6971742674842667,-0.61354589036535,0.3574353973694499,3.9550367713884578,2.9876070664933927,3.4951424879627124,1.1270094572749418
0.1331900518806727,1,-0.3610135566408231,1,2.421944308197999,2.026510494571292,1,-1.5630179935179143,1.1985150431545986,0,-0.8150472610729212,0.389912032759361,-0.02544667403658987,2,1.152834072528232,2,-0.8449053855001118,-1.2465358640244915,-0.6594307537576322,0,-1.1579030296753563,-0.4292901468837605,1.2111762779623128,-0.9455246264432461,-0.14325407301876378,-0.61354589036535,0.3574353973694499,0.5045267171188654,-0.3345197101479087,2.2116803284485362,1.4106916323081893
1.0027611886560859,2,1.1776201454273458,2,-0.890779723588977,0.0999330154962399,1,1.1586870185018003,0.279705596772716,1,0.3582616186844043,0.389912032759361,0.8813802552673452,7,1.152834072528232,0,0.846807527984862,-1.226830695549683,0.5397814623541853,1,-0.8850184679723064,-0.4292901468837605,-0.6398221663309683,0.21880726957482452,0.2407887610315393,1.6990501579348147,-1.0820989427212115,0.5045267171188654,0.4960119840124166,-0.6761095304583609,-0.2914014178912949
-0.9537738690885937,2,0.8841948080137046,1,-0.031925344977538815,0.0999330154962399,3,-1.0723536900806034,1.1985150431545986,1,1.3360190184821756,0.389912032759361,-0.932273603340525,6,1.152834072528232,1,-0.9162964353532833,-1.6466915352664908,-0.6594307537576322,0,2.1167117107612428,2.3294268625987633,1.2111762779623128,0.21880726957482452,-0.7833254631026022,0.15731945906803824,-1.0820989427212115,-0.31702329580246624,-0.6113636082013505,-0.6761095304583609,-0.007719242858047555
2.0897251096253524,2,-1.20676894095073,1,-0.27731231029509257,-0.8633557240412861,5,1.652644370955469,1.1985150431545986,1,0.2604858787046272,0.389912032759361,-0.932273603340525,2,0.24111055585492935,1,-0.8591411007982145,-1.4984805180952543,2.1387310838366087,0,-1.1579030296753563,-0.4292901468837605,1.2111762779623128,0.21880726957482452,0.36880303904830697,0.9281848085014265,-2.521633282811873,0.5045267171188654,1.3265436781727418,2.2116803284485362,1.1270094572749418
-0.41029190860396053,1,0.8546056983585476,2,1.9311703775628912,0.0999330154962399,3,0.31566647031420564,-0.6391038496091666,0,0.7493645786035128,0.389912032759361,-0.02544667403658987,7,0.24111055585492935,1,-0.39169970295006795,-1.3240897770932012,-0.6594307537576322,0,-0.8850184679723064,-0.4292901468837605,-1.565321388477609,0.21880726957482452,-0.14325407301876378,0.15731945906803824,-1.0820989427212115,0.5045267171188654,0.7728558820658583,-0.6761095304583609,-0.8587657679577896
0.350582836074526,0,0.8447426618068286,1,-0.15461882763631568,-0.8633557240412861,1,0.862312607029599,1.1985150431545986,1,0.2604858787046272,0.389912032759361,-0.02544667403658987,0,1.152834072528232,0,-0.4915621833994447,-0.7700930405443056,0.14004405698357952,1,0.7522889022459932,-0.4292901468837605,0.2856770558156722,-0.9455246264432461,-0.39928262905229917,-0.61354589036535,0.3574353973694499,-0.8099533035552652,-0.6113636082013505,-0.03437845070127261,-0.5750835929245423
-1.0624702611855203,1,1.3255656937031313,0,1.5630899295865606,0.0999330154962399,0,1.5077502142357262,-1.557913295991049,0,-0.42394430115381276,-1.012340415329351,-0.932273603340525,1,-0.6706129608183733,1,-0.7478050587652922,0.7379153525920934,-0.6594307537576322,0,-0.8850184679723064,-0.4292901468837605,-1.565321388477609,-0.9455246264432461,-1.295382575169673,-0.61354589036535,0.3574353973694499,-0.9742633061395315,-1.165051404308234,-0.6761095304583609,-1.142447942991037
-1.171166653282447,1,1.6757034912891569,1,-1.0134732062477538,0.0999330154962399,1,-1.0608280185233512,0.279705596772716,0,0.84714031858329,0.389912032759361,-0.02544667403658987,4,-0.6706129608183733,0,0.0030758048689575744,1.7530130314515024,-0.6594307537576322,0,1.298058025652093,2.3294268625987633,-1.565321388477609,0.21880726957482452,-0.6553111850858345,2.469915507368203,-2.521633282811873,-0.15271329321819993,0.2191680859589748,-0.3552439905798167,-0.007719242858047555
-0.19289912441010723,0,0.9384415090481594,1,-0.890779723588977,-0.8633557240412861,3,1.2772367830906808,-0.6391038496091666,1,1.1404675385226213,0.389912032759361,-0.02544667403658987,4,1.152834072528232,0,-0.13184478041903017,1.4257664835662935,-0.2596933483870263,0,-0.3392493445662066,-0.4292901468837605,0.2856770558156722,0.21880726957482452,0.49681731706507465,2.469915507368203,0.3574353973694499,0.011596709366066407,0.7728558820658583,-0.3552439905798167,0.8433272822416945
-0.41029190860396053,2,0.6647422447379562,1,-1.0134732062477538,0.0999330154962399,1,-0.09761118123869719,-0.6391038496091666,0,-1.2061502209920298,-1.012340415329351,-0.02544667403658987,0,1.152834072528232,2,0.12036110105631069,-0.28450138884367315,-1.0591681591282378,0,-0.3392493445662066,-0.4292901468837605,-1.565321388477609,-0.9455246264432461,-0.6553111850858345,0.15731945906803824,0.3574353973694499,-0.31702329580246624,-1.165051404308234,-0.3552439905798167,-0.007719242858047555
0.350582836074526,2,-0.5533427693993441,2,1.5630899295865606,-0.8633557240412861,2,-0.8830033716400304,0.279705596772716,1,0.06493439874507291,-1.012340415329351,-0.02544667403658987,7,0.24111055585492935,1,-0.0005362422962326486,-1.1544845770064585,-0.2596933483870263,1,-0.8850184679723064,-0.4292901468837605,-1.565321388477609,1.383139165592895,-0.39928262905229917,2.469915507368203,0.3574353973694499,-0.15271329321819993,-0.05767581209446695,-0.3552439905798167,-1.142447942991037
-0.30159551650703387,0,0.4132348126691209,1,0.8269290336338992,1.063221755033766,5,1.4435357584167492,1.1985150431545986,1,0.8960281885731786,-2.414592863418063,-0.932273603340525,6,-1.582336477491676,1,-0.8659402484032784,0.02078797131246364,-0.6594307537576322,1,2.1167117107612428,2.3294268625987633,-0.6398221663309683,0.21880726957482452,-0.7833254631026022,-0.61354589036535,0.3574353973694499,-0.31702329580246624,-0.6113636082013505,0.2864870891772715,-1.142447942991037
1.4375467570437923,2,0.17159041715200463,2,-0.7680862409302001,-0.8633557240412861,2,-1.615706777779639,-1.557913295991049,1,0.9449160585630672,-1.012340415329351,-0.932273603340525,8,0.24111055585492935,1,-0.786050264043777,-1.47821234480688,-0.6594307537576322,1,-0.3392493445662066,-0.4292901468837605,0.2856770558156722,-0.9455246264432461,-1.0393540191361377,-0.61354589036535,0.3574353973694499,-0.6456433009709989,-0.6113636082013505,-0.6761095304583609,-0.5750835929245423
1.220153972849939,2,-1.288138992502412,1,-0.40000579295386945,0.0999330154962399,1,-0.010345382305215714,-1.557913295991049,1,1.4826826284518413,-1.012340415329351,-0.02544667403658987,0,0.24111055585492935,2,-0.4552292383848842,-0.16795939243552133,-0.2596933483870263,0,-0.6121339062692566,-0.4292901468837605,1.2111762779623128,-0.9455246264432461,1.0088744291321454,-2.1552765892321264,0.3574353973694499,-0.8099533035552652,-0.6113636082013505,-0.03437845070127261,-0.5750835929245423
1.872332325431499,2,-0.9084120852612293,1,-0.27731231029509257,1.063221755033766,3,1.320046420303332,1.1985150431545986,0,0.06493439874507291,0.389912032759361,-0.02544667403658987,6,1.152834072528232,1,0.1001761316037771,0.1947564587043424,0.5397814623541853,0,-0.06636478286315664,-0.4292901468837605,-0.6398221663309683,0.21880726957482452,0.36880303904830697,-0.61354589036535,-1.0820989427212115,0.011596709366066407,-0.8882075062547923,-0.3552439905798167,0.8433272822416945
-1.8233450058640068,2,-0.738274704744076,2,-0.890779723588977,0.0999330154962399,3,-0.1749978331231053,0.279705596772716,0,-0.8639351310628098,-1.012340415329351,-0.932273603340525,8,0.24111055585492935,2,-0.9218207427823977,1.089371107460638,-0.6594307537576322,0,-0.6121339062692566,-0.4292901468837605,1.2111762779623128,-0.9455246264432461,-1.1673682971529054,0.15731945906803824,-1.0820989427212115,-0.8099533035552652,-0.6113636082013505,-0.6761095304583609,-0.5750835929245423
0.6766720123653059,0,-1.125398889399048,1,-0.031925344977538815,0.0999330154962399,1,1.292055503664291,-1.557913295991049,1,-0.7172715210931442,0.389912032759361,-0.932273603340525,6,0.24111055585492935,2,-0.8381062378950479,1.5012091285841311,0.5397814623541853,0,-0.6121339062692566,-0.4292901468837605,0.2856770558156722,-0.9455246264432461,-0.5272969070690668,-0.61354589036535,-1.0820989427212115,-0.6456433009709989,-0.6113636082013505,-0.3552439905798167,-0.5750835929245423
-0.845077476991667,2,-0.18101313957195073,1,2.421944308197999,-1.8266444635788122,1,1.36779563104052,1.1985150431545986,1,1.2871311484922872,-2.414592863418063,-0.02544667403658987,0,0.24111055585492935,0,0.00031365115440034507,0.9614282635777758,2.1387310838366087,0,0.47940434054294323,-0.4292901468837605,1.2111762779623128,1.383139165592895,-0.0152397950019961,0.15731945906803824,0.3574353973694499,0.011596709366066407,-1.165051404308234,-0.3552439905798167,0.5596451072084472
-0.30159551650703387,0,0.4921391050828732,1,2.0538638602216683,-1.8266444635788122,5,0.5692312445737556,-1.557913295991049,0,1.2382432785023985,-1.012340415329351,-0.932273603340525,6,0.24111055585492935,0,-0.9250078432222715,0.2222029433656825,-0.6594307537576322,0,1.298058025652093,2.3294268625987633,0.2856770558156722,2.5474710616109655,-0.7833254631026022,-0.61354589036535,0.3574353973694499,-0.31702329580246624,-0.05767581209446695,-0.6761095304583609,-1.142447942991037
0.5679756202683792,1,0.32939900197950917,1,1.19500948161023,0.0999330154962399,3,-0.45490699951351754,0.279705596772716,1,-0.47283217114370135,1.792164480848073,-0.932273603340525,6,0.24111055585492935,0,-0.7699022884817501,0.8520645785425899,1.339256273095397,1,-0.8850184679723064,-0.4292901468837605,1.2111762779623128,-0.9455246264432461,-0.5272969070690668,-0.61354589036535,0.3574353973694499,-0.8099533035552652,-0.6113636082013505,-0.03437845070127261,-0.5750835929245423
-1.0624702611855203,2,-0.7727953326750926,1,-0.15461882763631568,0.0999330154962399,3,1.018732435306594,-0.6391038496091666,0,0.9449160585630672,1.792164480848073,-0.932273603340525,6,0.24111055585492935,1,-0.6088474795867979,1.1510201345461097,1.738993678466003,0,0.47940434054294323,-0.4292901468837605,-1.565321388477609,-0.9455246264432461,-0.7833254631026022,-2.1552765892321264,0.3574353973694499,-0.6456433009709989,-0.6113636082013505,-0.6761095304583609,-0.5750835929245423
-1.9320413979609334,2,-0.9380011949163864,2,1.4403964469277837,0.0999330154962399,4,-0.11407642632048615,1.1985150431545986,1,-1.4505895709414727,-1.012340415329351,-0.932273603340525,8,-0.6706129608183733,2,-0.9054602938577125,-0.6144222095933203,-0.6594307537576322,1,-0.6121339062692566,-0.4292901468837605,-0.6398221663309683,-0.9455246264432461,-1.295382575169673,0.15731945906803824,1.7969697374601115,-0.9742633061395315,-1.165051404308234,-0.6761095304583609,-1.142447942991037
0.24188644397759934,2,-0.8221105154336877,1,-1.0134732062477538,-1.8266444635788122,1,-0.003759284272500132,1.1985150431545986,0,-0.0817292112245928,-1.012340415329351,1.7882071845712804,4,1.152834072528232,1,1.3512192909355436,-1.0207709337845452,-0.6594307537576322,0,0.2065197788398933,-0.4292901468837605,0.2856770558156722,0.21880726957482452,1.2649029851656808,0.15731945906803824,0.3574353973694499,2.311936745545795,0.4960119840124166,2.8534114082056243,1.1270094572749418
-1.0624702611855203,2,0.23323439560024858,1,-0.031925344977538815,0.0999330154962399,3,-1.2649970575375342,1.1985150431545986,0,1.5804583684316185,0.389912032759361,-0.932273603340525,6,-0.6706129608183733,2,-0.8718895025577094,-0.35628450257333183,-0.6594307537576322,0,0.2065197788398933,-0.4292901468837605,1.2111762779623128,-0.9455246264432461,-0.5272969070690668,-0.61354589036535,-1.0820989427212115,0.011596709366066407,0.7728558820658583,-0.6761095304583609,-0.2914014178912949
2.4158142859161322,2,1.552415534392669,1,1.072315998951453,1.063221755033766,3,0.4193975143294761,1.1985150431545986,1,0.016046528755184336,0.389912032759361,0.8813802552673452,4,1.152834072528232,2,0.8774036922076498,0.8008311405080883,1.339256273095397,0,-0.8850184679723064,-0.4292901468837605,1.2111762779623128,-0.9455246264432461,1.7769600972327515,2.469915507368203,-1.0820989427212115,0.34021671453459906,0.7728558820658583,0.9282181689343597,-0.007719242858047555
-0.6276846927978138,2,-0.2747119868132815,2,-0.27731231029509257,0.0999330154962399,1,-0.683773906150384,0.279705596772716,1,-1.1083744810122527,-1.012340415329351,0.8813802552673452,3,1.152834072528232,0,1.0994383561855194,1.5452642552456666,2.5384684892072147,0,1.570942587355143,2.3294268625987633,0.2856770558156722,0.21880726957482452,-0.14325407301876378,0.15731945906803824,-1.0820989427212115,-0.31702329580246624,-0.05767581209446695,-0.6761095304583609,-0.8587657679577896
-0.9537738690885937,2,0.9359757499102296,1,1.19500948161023,1.063221755033766,3,0.30908037228149005,1.1985150431545986,1,0.5538130986439586,-1.012340415329351,-0.932273603340525,2,-1.582336477491676,1,-0.6770514290000955,-0.2622626987078181,-0.6594307537576322,0,-0.8850184679723064,-0.4292901468837605,0.2856770558156722,2.5474710616109655,-0.6553111850858345,-0.61354589036535,0.3574353973694499,-0.15271329321819993,0.2191680859589748,0.2864870891772715,-0.2914014178912949
-0.30159551650703387,0,1.4340590957720407,2,-0.6453927582714232,1.063221755033766,2,-0.8319611118864847,0.279705596772716,0,0.2604858787046272,0.389912032759361,-0.02544667403658987,7,0.24111055585492935,1,0.0330345490037706,-0.22130409852089516,2.5384684892072147,0,-0.06636478286315664,-0.4292901468837605,-1.565321388477609,0.21880726957482452,-0.6553111850858345,0.15731945906803824,0.3574353973694499,-0.6456433009709989,-0.6113636082013505,-0.3552439905798167,-0.5750835929245423
-0.6276846927978138,2,-1.5914273664677723,2,-0.27731231029509257,1.063221755033766,1,-0.14371386746770626,-0.6391038496091666,1,-1.2550380909819183,-1.012340415329351,-0.932273603340525,8,0.24111055585492935,1,-0.8612658344247969,-0.3624775555225573,0.14004405698357952,0,-0.06636478286315664,-0.4292901468837605,-0.6398221663309683,-0.9455246264432461,0.2407887610315393,-0.61354589036535,1.7969697374601115,0.011596709366066407,0.7728558820658583,0.9282181689343597,-0.5750835929245423
1.7636359333345724,1,-1.6654001406056649,2,-0.890779723588977,0.0999330154962399,2,0.035757303923793365,0.279705596772716,0,-1.4017017009515842,-1.012340415329351,0.8813802552673452,7,-0.6706129608183733,1,0.24274575794746178,1.2983866444969974,-0.2596933483870263,0,-0.8850184679723064,-0.4292901468837605,-1.565321388477609,0.21880726957482452,2.41703148731659,-0.61354589036535,0.3574353973694499,1.326076730040197,0.7728558820658583,1.2490837088129039,2.2617381574079314
0.4592792281714526,2,-0.5360824554338358,1,2.299250825539222,1.063221755033766,1,1.6559374199718266,-1.557913295991049,0,-0.32616856117403564,-1.012340415329351,1.7882071845712804,4,-0.6706129608183733,1,1.5271472352165734,-1.2206376426004577,-1.0591681591282378,0,2.1167117107612428,2.3294268625987633,0.2856770558156722,0.21880726957482452,1.2649029851656808,0.15731945906803824,0.3574353973694499,2.1476267429615286,0.7728558820658583,-0.6761095304583609,1.6943738073414365
1.872332325431499,2,1.5820046440478261,1,0.9496225162926761,0.0999330154962399,5,-0.025164102878825777,0.279705596772716,0,-0.5217200411335899,0.389912032759361,0.8813802552673452,4,0.24111055585492935,1,0.9256351455310722,-0.05198040084093549,2.1387310838366087,0,-1.1579030296753563,-0.4292901468837605,0.2856770558156722,0.21880726957482452,1.3929172631824485,-0.61354589036535,0.3574353973694499,0.5045267171188654,0.7728558820658583,-0.6761095304583609,1.1270094572749418
-0.7363810848947404,0,1.480908519392706,1,-0.7680862409302001,0.0999330154962399,1,-0.7677466560675077,0.279705596772716,1,-0.6683836511032556,0.389912032759361,-0.932273603340525,2,1.152834072528232,1,-0.9105596545615106,0.3408562078247066,0.5397814623541853,0,-0.06636478286315664,-0.4292901468837605,0.2856770558156722,0.21880726957482452,-0.2712683510355315,0.15731945906803824,-2.521633282811873,-0.31702329580246624,-0.3345197101479087,-0.3552439905798167,-0.007719242858047555
1.3288503649468657,2,1.1381679992204696,1,-0.27731231029509257,0.0999330154962399,4,-0.8714777000827781,-0.6391038496091666,1,-1.743916790880804,-1.012340415329351,0.8813802552673452,0,0.24111055585492935,2,0.9736541254918363,-0.31617040960675785,2.1387310838366087,0,2.389596272464293,2.3294268625987633,0.2856770558156722,-0.9455246264432461,1.9049743752495192,-0.61354589036535,0.3574353973694499,-0.31702329580246624,-0.6113636082013505,-0.6761095304583609,-1.142447942991037
1.0027611886560859,2,1.6904980461167354,1,1.072315998951453,0.0999330154962399,3,-0.7875049501656545,0.279705596772716,0,0.9938039285529556,0.389912032759361,-0.02544667403658987,4,0.24111055585492935,0,-0.3341194216696826,1.6892527363151586,-0.2596933483870263,0,-0.3392493445662066,-0.4292901468837605,0.2856770558156722,0.21880726957482452,1.0088744291321454,1.6990501579348147,-1.0820989427212115,0.5045267171188654,0.7728558820658583,-0.6761095304583609,1.1270094572749418
-0.08420273231318058,2,-1.645674067502227,1,-0.40000579295386945,0.0999330154962399,1,-1.5333805523706943,-0.6391038496091666,0,-0.5706079111234784,1.792164480848073,-0.932273603340525,2,1.152834072528232,1,-0.7106222203000988,1.0823335472910638,0.14004405698357952,0,-0.8850184679723064,-0.4292901468837605,-0.6398221663309683,-0.9455246264432461,-0.7833254631026022,0.15731945906803824,0.3574353973694499,-0.9742633061395315,-1.165051404308234,-0.6761095304583609,-1.142447942991037
-0.5189883007008872,1,-1.3843035988816725,1,-0.5226992756126463,-0.8633557240412861,1,1.4995175916948316,-1.557913295991049,0,-0.961710871042587,1.792164480848073,-0.932273603340525,6,0.24111055585492935,2,-0.8393810780709974,0.14155250382236007,0.14004405698357952,1,-0.3392493445662066,-0.4292901468837605,-1.565321388477609,-0.9455246264432461,-0.39928262905229917,-0.61354589036535,0.3574353973694499,-0.48133329838673256,-0.8882075062547923,-0.6761095304583609,-0.2914014178912949
-1.0624702611855203,2,1.2392641238755897,1,1.19500948161023,0.0999330154962399,4,0.972629749077585,1.1985150431545986,1,0.016046528755184336,-1.012340415329351,-0.932273603340525,2,-1.582336477491676,0,-0.4921996034874194,0.2783626735188861,-0.6594307537576322,0,-1.1579030296753563,-0.4292901468837605,-1.565321388477609,1.383139165592895,-0.5272969070690668,0.15731945906803824,0.3574353973694499,0.011596709366066407,0.7728558820658583,-0.6761095304583609,0.8433272822416945
-0.5189883007008872,2,-0.3782738706063314,1,-0.031925344977538815,1.063221755033766,1,-0.5751032886105769,-1.557913295991049,0,1.2382432785023985,0.389912032759361,-0.02544667403658987,6,1.152834072528232,1,-0.012859697330411056,0.5315740884201724,-0.6594307537576322,1,-0.8850184679723064,-0.4292901468837605,1.2111762779623128,0.21880726957482452,-0.6553111850858345,-0.61354589036535,-1.0820989427212115,-0.15271329321819993,-0.05767581209446695,-0.6761095304583609,0.2759629321751998
-0.845077476991667,2,-0.2007392126753888,1,-0.15461882763631568,-1.8266444635788122,3,0.20040975474168293,-0.6391038496091666,1,0.6027009686338471,-1.012340415329351,-0.02544667403658987,4,1.152834072528232,1,-0.2818509744557535,0.47527360706357735,-0.6594307537576322,1,-0.06636478286315664,-0.4292901468837605,0.2856770558156722,0.21880726957482452,-0.14325407301876378,-0.61354589036535,-1.0820989427212115,0.5045267171188654,0.7728558820658583,-0.3552439905798167,-0.5750835929245423
0.024493659783746062,2,-1.2560841237093252,1,1.4403964469277837,0.0999330154962399,1,-1.253471385980282,-0.6391038496091666,1,-0.0817292112245928,1.792164480848073,-0.932273603340525,6,-1.582336477491676,1,-0.5988612315418601,1.2195659705977642,-0.6594307537576322,1,-0.8850184679723064,-0.4292901468837605,-1.565321388477609,0.21880726957482452,-0.39928262905229917,0.15731945906803824,-1.0820989427212115,0.17590671195033272,0.7728558820658583,-0.3552439905798167,0.8433272822416945
-0.19289912441010723,2,1.3551548033582883,1,-0.27731231029509257,-0.8633557240412861,1,0.9429923079303649,0.279705596772716,1,-0.17950495120436993,-1.012340415329351,-0.932273603340525,2,1.152834072528232,1,-0.7845629505051692,-0.9288603979699037,-0.6594307537576322,0,0.7522889022459932,-0.4292901468837605,1.2111762779623128,0.21880726957482452,-1.295382575169673,1.6990501579348147,-1.0820989427212115,-0.9742633061395315,-1.165051404308234,-0.6761095304583609,-0.8587657679577896
1.5462431491407191,2,1.278716270082466,2,2.0538638602216683,1.063221755033766,2,-0.29190107320380687,-1.557913295991049,0,-0.03284134123470423,0.389912032759361,1.7882071845712804,3,0.24111055585492935,1,2.1086868288121994,-1.227112197956466,-0.2596933483870263,0,-0.3392493445662066,-0.4292901468837605,0.2856770558156722,0.21880726957482452,2.289017209299822,-0.61354589036535,-1.0820989427212115,2.1476267429615286,0.4960119840124166,0.6073526290558157,3.680149032574168
-0.30159551650703387,2,0.5710433974966254,1,-0.40000579295386945,1.063221755033766,1,-1.4444682289290338,0.279705596772716,0,-1.0594866110223642,-1.012340415329351,-0.02544667403658987,6,-0.6706129608183733,0,-0.3989237972804484,0.09679362114386698,1.339256273095397,0,-0.06636478286315664,-0.4292901468837605,0.2856770558156722,0.21880726957482452,0.1127744830147716,0.15731945906803824,0.3574353973694499,-0.9742633061395315,-1.165051404308234,-0.6761095304583609,-1.142447942991037
0.350582836074526,2,1.4759770011168465,2,-0.890779723588977,1.063221755033766,1,-0.7743327541002233,0.279705596772716,0,0.6027009686338471,0.389912032759361,2.6950341138752156,3,0.24111055585492935,1,2.477115639661602,-0.18161225916449564,-1.0591681591282378,0,-0.3392493445662066,-0.4292901468837605,1.2111762779623128,-0.9455246264432461,1.2649029851656808,-0.61354589036535,0.3574353973694499,2.1476267429615286,2.9876070664933927,-0.3552439905798167,2.2617381574079314
0.1331900518806727,1,1.5894019214616153,0,-1.0134732062477538,1.063221755033766,4,1.5538529004647352,1.1985150431545986,1,1.0426917985428443,0.389912032759361,-0.932273603340525,1,-0.6706129608183733,1,-0.7206084683450364,-1.2791901432113166,-1.0591681591282378,1,-1.1579030296753563,-0.4292901468837605,-0.6398221663309683,0.21880726957482452,-0.5272969070690668,-0.61354589036535,0.3574353973694499,-0.15271329321819993,-0.6113636082013505,-0.3552439905798167,-0.5750835929245423
1.220153972849939,2,0.13706978922098803,1,-0.6453927582714232,0.0999330154962399,1,0.5511194749837878,1.1985150431545986,1,-0.619495781113367,0.389912032759361,0.8813802552673452,4,1.152834072528232,2,0.32199832221898844,0.6184175809127204,-0.6594307537576322,0,-1.1579030296753563,-0.4292901468837605,0.2856770558156722,-0.9455246264432461,-0.0152397950019961,-0.61354589036535,0.3574353973694499,0.5045267171188654,1.3265436781727418,-0.6761095304583609,1.1270094572749418
0.5679756202683792,2,0.32939900197950917,1,2.421944308197999,0.0999330154962399,1,-0.3165989408264903,-0.6391038496091666,1,1.53157049844173,0.389912032759361,-0.02544667403658987,4,-0.6706129608183733,1,-0.414009406029184,-0.35276572248854465,-0.6594307537576322,0,-0.6121339062692566,-0.4292901468837605,1.2111762779623128,0.21880726957482452,-0.14325407301876378,0.15731945906803824,-1.0820989427212115,0.34021671453459906,1.0496997801193,1.569949248691448,1.1270094572749418
-0.6276846927978138,0,-0.25252015457191374,1,0.09076813768123806,0.0999330154962399,3,1.5653785720219875,0.279705596772716,0,-1.303925960971807,0.389912032759361,0.8813802552673452,5,0.24111055585492935,1,0.9876773674272806,1.7663843957736938,0.5397814623541853,0,1.298058025652093,2.3294268625987633,0.2856770558156722,0.21880726957482452,0.2407887610315393,-0.61354589036535,1.7969697374601115,0.6688367197031317,0.7728558820658583,0.6073526290558157,1.1270094572749418
1.0027611886560859,2,-0.3215614104339469,2,-0.031925344977538815,-0.8633557240412861,3,-1.4988035376989375,0.279705596772716,1,-0.13061708121448137,-1.012340415329351,0.8813802552673452,7,1.152834072528232,2,0.687664979353834,-0.10082106841778171,-0.6594307537576322,0,0.2065197788398933,-0.4292901468837605,1.2111762779623128,-0.9455246264432461,-0.2712683510355315,0.15731945906803824,0.3574353973694499,0.34021671453459906,1.0496997801193,0.6073526290558157,0.8433272822416945
-0.19289912441010723,1,-0.40293146198562896,1,-0.6453927582714232,1.063221755033766,4,0.2580381125279443,1.1985150431545986,1,-0.961710871042587,-1.012340415329351,-0.932273603340525,2,1.152834072528232,1,-0.8512795863798592,1.7206402546714603,-0.6594307537576322,0,-0.6121339062692566,-0.4292901468837605,-0.6398221663309683,0.21880726957482452,-1.1673682971529054,-0.61354589036535,1.7969697374601115,-0.8099533035552652,-0.6113636082013505,-0.03437845070127261,-0.5750835929245423
-0.845077476991667,1,-0.13169795681335558,2,1.8084768949041143,0.0999330154962399,5,1.4814058221048638,0.279705596772716,1,-1.0594866110223642,1.792164480848073,-0.932273603340525,8,-1.582336477491676,2,-1.1243078573957084,-0.5166001232362363,-0.6594307537576322,0,0.47940434054294323,-0.4292901468837605,1.2111762779623128,-0.9455246264432461,-1.295382575169673,0.15731945906803824,0.3574353973694499,-0.9742633061395315,-1.165051404308234,-0.6761095304583609,-1.142447942991037
0.5679756202683792,0,-1.145124962502486,1,1.6857834122453375,-0.8633557240412861,1,1.5604389984974507,1.1985150431545986,1,-1.4505895709414727,-1.012340415329351,-0.02544667403658987,6,0.24111055585492935,2,-0.4356816890203254,0.07019164370287581,-0.6594307537576322,0,-0.8850184679723064,-0.4292901468837605,1.2111762779623128,-0.9455246264432461,1.136888707148913,-0.61354589036535,0.3574353973694499,2.1476267429615286,1.3265436781727418,0.2864870891772715,0.8433272822416945
0.24188644397759934,1,0.3589881116346662,1,1.5630899295865606,0.0999330154962399,3,0.024231632366541096,1.1985150431545986,0,0.7493645786035128,0.389912032759361,0.8813802552673452,4,-1.582336477491676,2,0.9555938896658852,-1.2990360628895163,-0.6594307537576322,1,-0.6121339062692566,-0.4292901468837605,0.2856770558156722,-0.9455246264432461,1.2649029851656808,-0.61354589036535,0.3574353973694499,2.311936745545795,0.4960119840124166,-0.03437845070127261,1.1270094572749418
-1.6059522216701536,2,-0.4818357543993812,1,-0.40000579295386945,-1.8266444635788122,3,-0.5816893866432925,-1.557913295991049,1,0.11382226873496147,0.389912032759361,-0.932273603340525,6,0.24111055585492935,1,-0.7669276614045346,-0.30505106453883035,-1.0591681591282378,0,1.298058025652093,2.3294268625987633,1.2111762779623128,-0.9455246264432461,-1.0393540191361377,0.15731945906803824,0.3574353973694499,-0.8099533035552652,-0.6113636082013505,-0.03437845070127261,-0.5750835929245423
-0.845077476991667,2,-1.593893125605702,1,0.7042355509751225,-0.8633557240412861,1,-1.6683955620413637,1.1985150431545986,0,-0.8639351310628098,-1.012340415329351,-0.02544667403658987,2,0.24111055585492935,2,-0.4652154864298219,-0.22946766831760146,-1.0591681591282378,1,-0.8850184679723064,-0.4292901468837605,1.2111762779623128,-0.9455246264432461,-0.14325407301876378,0.15731945906803824,0.3574353973694499,0.34021671453459906,0.2191680859589748,-0.6761095304583609,1.1270094572749418
0.6766720123653059,2,1.6609089364615783,1,-0.15461882763631568,1.063221755033766,4,-0.827021538361948,0.279705596772716,0,0.3582616186844043,0.389912032759361,-0.02544667403658987,0,0.24111055585492935,0,-0.39531175011525815,-1.701021499775605,0.5397814623541853,1,-0.3392493445662066,-0.4292901468837605,1.2111762779623128,-0.9455246264432461,-0.39928262905229917,0.15731945906803824,0.3574353973694499,-0.31702329580246624,-0.6113636082013505,-0.6761095304583609,-0.5750835929245423
-1.171166653282447,1,-0.748137741295795,1,0.21346162034001492,-0.8633557240412861,3,-1.0509488714742778,-1.557913295991049,1,-0.32616856117403564,0.389912032759361,-0.02544667403658987,0,-1.582336477491676,1,-0.34878008369310176,1.183674413732935,-0.6594307537576322,1,-0.6121339062692566,-0.4292901468837605,0.2856770558156722,0.21880726957482452,-0.7833254631026022,0.15731945906803824,0.3574353973694499,-0.31702329580246624,-0.3345197101479087,0.2864870891772715,-0.2914014178912949
-0.6276846927978138,2,-0.4522466447442241,1,0.3361551029987918,0.0999330154962399,3,-0.11078337730412835,1.1985150431545986,0,-1.2550380909819183,0.389912032759361,-0.02544667403658987,0,1.152834072528232,1,-0.11208475769181306,0.4302332219783013,-1.0591681591282378,1,-1.1579030296753563,-0.4292901468837605,0.2856770558156722,1.383139165592895,-0.14325407301876378,-0.61354589036535,-2.521633282811873,0.34021671453459906,0.7728558820658583,1.890814788569992,0.2759629321751998
-0.5189883007008872,2,1.1332364809446103,1,-0.890779723588977,1.063221755033766,1,1.0928260381746444,1.1985150431545986,1,1.3849068884720641,0.389912032759361,-0.932273603340525,2,-0.6706129608183733,2,-1.0601409018729175,1.4834744769568036,-0.6594307537576322,0,-0.8850184679723064,-0.4292901468837605,-1.565321388477609,-0.9455246264432461,-1.295382575169673,-0.61354589036535,0.3574353973694499,-0.9742633061395315,-1.165051404308234,-0.6761095304583609,-1.142447942991037
0.1331900518806727,2,1.002551246634333,1,-0.031925344977538815,-0.8633557240412861,1,1.5011641162030105,-0.6391038496091666,1,0.2115980087147386,0.389912032759361,-0.932273603340525,6,1.152834072528232,0,-0.3424058828133543,-0.0027174796539148004,-0.2596933483870263,0,1.025173463949043,-0.4292901468837605,1.2111762779623128,1.383139165592895,-0.14325407301876378,-2.1552765892321264,1.7969697374601115,-0.31702329580246624,-0.6113636082013505,-0.6761095304583609,-0.2914014178912949
-1.8233450058640068,2,-1.6530713449160161,1,-0.6453927582714232,0.0999330154962399,5,-0.11242990181230725,-1.557913295991049,1,0.84714031858329,0.389912032759361,-0.932273603340525,2,-1.582336477491676,2,-0.724432988872885,-0.18358277601197648,-0.6594307537576322,0,1.025173463949043,-0.4292901468837605,-0.6398221663309683,-0.9455246264432461,-1.295382575169673,-0.61354589036535,0.3574353973694499,-0.9742633061395315,-1.165051404308234,-0.6761095304583609,-1.142447942991037
2.0897251096253524,2,-0.2007392126753888,1,-0.6453927582714232,1.063221755033766,5,0.2679172595770177,1.1985150431545986,0,1.2382432785023985,0.389912032759361,2.6950341138752156,3,-1.582336477491676,0,2.8812399754375906,0.5999791732684354,0.5397814623541853,0,-0.6121339062692566,-0.4292901468837605,1.2111762779623128,0.21880726957482452,2.1610029312830545,-0.61354589036535,0.3574353973694499,-0.31702329580246624,-0.6113636082013505,0.6073526290558157,-0.5750835929245423
-0.30159551650703387,1,-1.2240292549162384,2,-0.890779723588977,1.063221755033766,2,-1.3374441358974056,0.279705596772716,0,0.40714948867429285,0.389912032759361,-0.932273603340525,8,0.24111055585492935,1,-0.8820882239653053,-0.4220153145571566,1.339256273095397,0,0.7522889022459932,-0.4292901468837605,1.2111762779623128,0.21880726957482452,-0.6553111850858345,0.15731945906803824,0.3574353973694499,-0.48133329838673256,-0.3345197101479087,-0.3552439905798167,-0.5750835929245423
-0.6276846927978138,2,1.3132368980134825,1,0.21346162034001492,-0.8633557240412861,3,0.3667087300677514,0.279705596772716,1,0.6515888386237357,0.389912032759361,-0.02544667403658987,0,-1.582336477491676,1,0.09571419098795388,0.39082288502868473,-0.6594307537576322,1,-0.8850184679723064,-0.4292901468837605,1.2111762779623128,-0.9455246264432461,-0.6553111850858345,-0.61354589036535,-1.0820989427212115,-0.15271329321819993,0.2191680859589748,-0.6761095304583609,-0.8587657679577896
1.220153972849939,1,-1.0711521883645934,1,-0.6453927582714232,2.026510494571292,3,1.0137928617820575,0.279705596772716,1,1.0915796685327328,-1.012340415329351,1.7882071845712804,3,1.152834072528232,1,1.8739037630748347,-1.2259861883293341,-0.2596933483870263,0,2.6624808341673427,2.3294268625987633,-0.6398221663309683,0.21880726957482452,1.5209315411992161,0.15731945906803824,0.3574353973694499,-0.8099533035552652,-0.6113636082013505,-0.03437845070127261,-0.5750835929245423
0.350582836074526,2,1.5203606655995823,1,-0.890779723588977,-0.8633557240412861,3,-1.113516802785076,-1.557913295991049,1,-0.8639351310628098,0.389912032759361,2.6950341138752156,5,0.24111055585492935,0,2.7735159805698584,-1.177145520752488,-1.0591681591282378,0,1.025173463949043,-0.4292901468837605,1.2111762779623128,0.21880726957482452,1.3929172631824485,1.6990501579348147,0.3574353973694499,2.311936745545795,0.7728558820658583,0.2864870891772715,1.4106916323081893
0.350582836074526,2,0.8003589973240929,2,-1.0134732062477538,-0.8633557240412861,3,-0.9472178274590074,-0.6391038496091666,1,-0.47283217114370135,-2.414592863418063,-0.02544667403658987,7,1.152834072528232,1,0.2282975692867009,-0.14628370711323224,-0.2596933483870263,1,1.843827149058193,2.3294268625987633,0.2856770558156722,2.5474710616109655,-0.6553111850858345,-0.61354589036535,-1.0820989427212115,-0.48133329838673256,-0.3345197101479087,-0.6761095304583609,-0.5750835929245423
-0.19289912441010723,2,-0.2895065416408601,2,1.072315998951453,1.063221755033766,3,1.5093967387439051,-0.6391038496091666,1,0.2115980087147386,0.389912032759361,-0.02544667403658987,7,-1.582336477491676,1,-0.1745519263133381,0.23402604445056746,-1.0591681591282378,0,0.2065197788398933,-0.4292901468837605,1.2111762779623128,0.21880726957482452,-0.6553111850858345,-0.61354589036535,-2.521633282811873,-0.31702329580246624,-0.3345197101479087,-0.6761095304583609,-0.007719242858047555
-0.30159551650703387,2,0.758441091979287,0,-0.031925344977538815,1.063221755033766,5,0.7223580238343928,-1.557913295991049,0,-0.7172715210931442,0.389912032759361,-0.932273603340525,1,0.24111055585492935,1,-0.7735143356469404,-1.582086732909798,-0.6594307537576322,0,-0.06636478286315664,-0.4292901468837605,1.2111762779623128,-0.9455246264432461,-1.1673682971529054,-2.1552765892321264,0.3574353973694499,-0.8099533035552652,-0.6113636082013505,-0.03437845070127261,-0.5750835929245423
-0.19289912441010723,0,-0.178547380434021,1,-0.7680862409302001,0.0999330154962399,1,-0.5339401759061045,0.279705596772716,1,-1.2550380909819183,-1.012340415329351,-0.932273603340525,2,0.24111055585492935,1,-1.0839379184906413,0.3642209075876936,-0.6594307537576322,0,0.7522889022459932,-0.4292901468837605,0.2856770558156722,1.383139165592895,-1.295382575169673,0.15731945906803824,0.3574353973694499,-0.9742633061395315,-1.165051404308234,-0.6761095304583609,-1.142447942991037
-0.30159551650703387,1,-0.5903291564682905,1,-1.0134732062477538,1.063221755033766,4,0.6630831415399526,1.1985150431545986,1,1.18935540851251,0.389912032759361,-0.932273603340525,6,-1.582336477491676,0,-0.7195461015317453,0.8405229798644879,0.9395188677247911,0,-0.3392493445662066,-0.4292901468837605,0.2856770558156722,1.383139165592895,-0.14325407301876378,-0.61354589036535,0.3574353973694499,-0.48133329838673256,-0.3345197101479087,-0.3552439905798167,-0.2914014178912949
0.350582836074526,2,-1.2314265323300275,2,2.0538638602216683,0.0999330154962399,2,0.062101696054655695,0.279705596772716,1,0.3582616186844043,0.389912032759361,-0.02544667403658987,7,-1.582336477491676,1,0.4278100568227961,1.1125950560202336,-0.6594307537576322,0,-0.3392493445662066,-0.4292901468837605,-0.6398221663309683,0.21880726957482452,-0.39928262905229917,0.15731945906803824,-1.0820989427212115,0.011596709366066407,0.7728558820658583,1.569949248691448,0.2759629321751998
-0.30159551650703387,1,-1.3941666354333917,1,-0.031925344977538815,1.063221755033766,1,1.2821763566152173,1.1985150431545986,1,1.2871311484922872,0.389912032759361,-0.02544667403658987,2,-1.582336477491676,1,-0.2202336992848615,-1.1406909590740926,0.5397814623541853,0,0.47940434054294323,-0.4292901468837605,0.2856770558156722,0.21880726957482452,-0.0152397950019961,0.15731945906803824,-1.0820989427212115,0.011596709366066407,-0.8882075062547923,-0.6761095304583609,0.8433272822416945
-0.08420273231318058,2,-0.34375324267531476,1,0.7042355509751225,0.0999330154962399,4,0.039050352940151155,-1.557913295991049,1,0.7004767086136243,0.389912032759361,-0.02544667403658987,2,0.24111055585492935,0,-0.32902006096588465,-0.908451473478138,1.738993678466003,0,-0.3392493445662066,-0.4292901468837605,-0.6398221663309683,0.21880726957482452,-0.2712683510355315,0.15731945906803824,-1.0820989427212115,-0.9742633061395315,-1.165051404308234,-0.6761095304583609,-1.142447942991037
1.0027611886560859,2,-1.4089611902609702,2,-0.7680862409302001,0.0999330154962399,1,0.8211494943251266,0.279705596772716,0,-0.7661593910830328,0.389912032759361,1.7882071845712804,3,-0.6706129608183733,1,2.1722163642470154,-0.4127257351333184,2.1387310838366087,0,-0.8850184679723064,-0.4292901468837605,1.2111762779623128,0.21880726957482452,1.5209315411992161,-0.61354589036535,1.7969697374601115,0.9974567248716644,2.1570753723330673,0.9282181689343597,-0.8587657679577896
-1.0624702611855203,1,1.5055661107720035,2,-0.7680862409302001,-1.8266444635788122,3,-0.5174749308243156,1.1985150431545986,0,0.2115980087147386,1.792164480848073,-0.02544667403658987,7,1.152834072528232,0,-0.36875257978297715,0.33227038441782586,-0.6594307537576322,1,1.298058025652093,2.3294268625987633,-0.6398221663309683,1.383139165592895,-0.6553111850858345,0.15731945906803824,0.3574353973694499,-0.15271329321819993,0.2191680859589748,-0.6761095304583609,-0.007719242858047555
-0.30159551650703387,2,-0.9380011949163864,1,-0.27731231029509257,1.063221755033766,1,-1.6469907434350382,-1.557913295991049,0,-0.6683836511032556,0.389912032759361,0.8813802552673452,5,-0.6706129608183733,2,1.1922892156671738,0.982540944086499,-1.0591681591282378,0,-1.1579030296753563,-0.4292901468837605,0.2856770558156722,-0.9455246264432461,0.2407887610315393,0.9281848085014265,0.3574353973694499,0.8331467222873981,0.4960119840124166,-0.03437845070127261,1.978055982374684
0.5679756202683792,2,1.3132368980134825,1,-0.890779723588977,1.063221755033766,4,-0.9077012392627138,-1.557913295991049,1,1.53157049844173,-1.012340415329351,-0.02544667403658987,0,1.152834072528232,2,0.08466557612972496,0.3892746217913784,0.14004405698357952,0,2.1167117107612428,2.3294268625987633,-0.6398221663309683,-0.9455246264432461,0.36880303904830697,2.469915507368203,0.3574353973694499,-0.9742633061395315,-1.165051404308234,-0.6761095304583609,-1.142447942991037
-0.7363810848947404,1,-0.49169879095110025,0,-0.15461882763631568,0.0999330154962399,0,1.1833848861244836,0.279705596772716,0,-0.03284134123470423,-1.012340415329351,-0.932273603340525,1,1.152834072528232,0,-0.892924365460876,-0.64468371832249,1.339256273095397,0,-1.1579030296753563,-0.4292901468837605,0.2856770558156722,0.21880726957482452,-0.6553111850858345,-2.1552765892321264,-1.0820989427212115,-0.48133329838673256,-0.6113636082013505,-0.3552439905798167,-0.5750835929245423
0.024493659783746062,2,0.9680306187033164,1,-0.5226992756126463,-0.8633557240412861,3,-0.9356921559017551,1.1985150431545986,1,-0.27728069118414705,0.389912032759361,-0.02544667403658987,4,1.152834072528232,0,-0.007547863263954846,1.2477162112760618,1.738993678466003,0,0.2065197788398933,-0.4292901468837605,0.2856770558156722,1.383139165592895,-0.39928262905229917,-0.61354589036535,-1.0820989427212115,-0.15271329321819993,-0.6113636082013505,-0.6761095304583609,-0.007719242858047555
1.872332325431499,2,-0.6199182661234476,1,-0.15461882763631568,1.063221755033766,1,-0.7414022639366454,0.279705596772716,0,-1.2061502209920298,0.389912032759361,-0.02544667403658987,2,0.24111055585492935,2,-0.5529669852076785,1.2830447633273252,1.738993678466003,0,-1.1579030296753563,-0.4292901468837605,0.2856770558156722,-0.9455246264432461,1.0088744291321454,0.15731945906803824,0.3574353973694499,-0.9742633061395315,-1.165051404308234,-0.6761095304583609,-1.142447942991037
1.3288503649468657,2,1.0987158530135936,1,1.072315998951453,1.063221755033766,1,-0.6426107934459117,1.1985150431545986,1,-0.42394430115381276,-1.012340415329351,2.6950341138752156,5,0.24111055585492935,0,2.787539222505303,-1.7153781225215368,-0.6594307537576322,1,0.47940434054294323,-0.4292901468837605,0.2856770558156722,0.21880726957482452,2.5450457653333576,1.6990501579348147,0.3574353973694499,3.9550367713884578,1.3265436781727418,-0.6761095304583609,1.4106916323081893
-0.845077476991667,2,0.47487879111736486,1,-1.0134732062477538,0.0999330154962399,5,-1.1991360772103785,0.279705596772716,1,0.8960281885731786,0.389912032759361,-0.932273603340525,6,0.24111055585492935,2,-0.9188461157051823,0.7663470956771739,-1.0591681591282378,0,-0.3392493445662066,-0.4292901468837605,1.2111762779623128,-0.9455246264432461,-0.5272969070690668,-1.3844112397987383,-1.0820989427212115,-0.15271329321819993,-0.6113636082013505,-0.3552439905798167,0.2759629321751998
-1.2798630453793736,1,-0.49416455008903,2,1.8084768949041143,-1.8266444635788122,1,0.4029322692476871,0.279705596772716,1,0.3093737486945157,-2.414592863418063,-0.932273603340525,8,1.152834072528232,2,-1.1185710766039358,-0.8828347544608872,-0.6594307537576322,1,-0.3392493445662066,-0.4292901468837605,1.2111762779623128,-0.9455246264432461,-1.295382575169673,0.9281848085014265,0.3574353973694499,-0.9742633061395315,-1.165051404308234,-0.3552439905798167,-1.142447942991037
0.1331900518806727,1,1.4661139645651275,1,-0.15461882763631568,0.0999330154962399,3,1.496224542678474,1.1985150431545986,0,-0.42394430115381276,-1.012340415329351,-0.02544667403658987,6,-0.6706129608183733,0,-0.9029106135058136,0.5352336197083511,-0.6594307537576322,1,0.2065197788398933,-0.4292901468837605,0.2856770558156722,0.21880726957482452,1.136888707148913,0.15731945906803824,0.3574353973694499,2.1476267429615286,1.8802314742796253,-0.6761095304583609,0.8433272822416945
-0.08420273231318058,2,0.9236469542205807,2,-0.7680862409302001,1.063221755033766,2,0.6532039944908793,-1.557913295991049,0,1.5804583684316185,0.389912032759361,-0.02544667403658987,7,-0.6706129608183733,2,0.6152115626873712,0.9079428062890105,0.14004405698357952,1,0.2065197788398933,-0.4292901468837605,1.2111762779623128,-0.9455246264432461,0.49681731706507465,0.15731945906803824,0.3574353973694499,-0.31702329580246624,-0.05767581209446695,-0.6761095304583609,-0.8587657679577896
0.24188644397759934,2,-1.685126213709103,1,1.8084768949041143,-1.8266444635788122,1,1.6230069298082488,-1.557913295991049,1,-0.7172715210931442,0.389912032759361,-0.02544667403658987,6,1.152834072528232,2,-0.48327572225577303,-1.262863003617904,1.738993678466003,0,-0.6121339062692566,-0.4292901468837605,-1.565321388477609,-0.9455246264432461,0.8808601511153777,-0.61354589036535,0.3574353973694499,0.011596709366066407,0.7728558820658583,-0.3552439905798167,0.8433272822416945
1.0027611886560859,1,-0.39799994370976943,1,-1.0134732062477538,0.0999330154962399,3,-1.4889243906498641,0.279705596772716,1,-1.303925960971807,-1.012340415329351,0.8813802552673452,0,-1.582336477491676,1,0.9116119035956277,-1.5722341486723939,-0.2596933483870263,1,-0.6121339062692566,-0.4292901468837605,0.2856770558156722,0.21880726957482452,1.2649029851656808,1.6990501579348147,-1.0820989427212115,0.5045267171188654,1.3265436781727418,2.2116803284485362,0.2759629321751998
1.872332325431499,2,0.4230978492208399,1,-1.0134732062477538,0.0999330154962399,3,0.6482644209663425,1.1985150431545986,0,-0.619495781113367,0.389912032759361,1.7882071845712804,5,1.152834072528232,2,2.325622132086271,-1.21894862815976,1.339256273095397,0,1.025173463949043,-0.4292901468837605,1.2111762779623128,-0.9455246264432461,2.289017209299822,0.15731945906803824,-1.0820989427212115,2.1476267429615286,0.7728558820658583,3.1742769480841684,0.8433272822416945
0.8940647965591592,0,0.013781832324500134,1,-0.6453927582714232,-0.8633557240412861,1,-0.0926716077141605,0.279705596772716,1,-0.47283217114370135,0.389912032759361,-0.02544667403658987,2,-0.6706129608183733,1,-0.41124725231462683,1.245745694428581,-0.6594307537576322,0,-0.8850184679723064,-0.4292901468837605,-0.6398221663309683,-0.9455246264432461,-0.2712683510355315,1.6990501579348147,-1.0820989427212115,0.34021671453459906,0.7728558820658583,-0.6761095304583609,1.1270094572749418
-1.0624702611855203,2,-1.4656736504333545,2,0.09076813768123806,0.0999330154962399,2,0.6169804553109436,1.1985150431545986,0,1.53157049844173,-1.012340415329351,-0.02544667403658987,7,1.152834072528232,1,-0.13035746688042243,-1.0151408856488857,-0.6594307537576322,1,-1.1579030296753563,-0.4292901468837605,1.2111762779623128,-0.9455246264432461,-0.6553111850858345,0.15731945906803824,0.3574353973694499,-0.15271329321819993,-0.6113636082013505,0.6073526290558157,-0.007719242858047555
0.8940647965591592,2,-1.492797000950582,1,-0.031925344977538815,0.0999330154962399,1,-1.3539093809791947,-0.6391038496091666,1,-0.32616856117403564,0.389912032759361,-0.02544667403658987,2,-0.6706129608183733,0,-0.8572288405342902,-0.480145561557841,2.1387310838366087,0,0.7522889022459932,-0.4292901468837605,0.2856770558156722,0.21880726957482452,1.136888707148913,-0.61354589036535,-2.521633282811873,1.6546967352087296,1.3265436781727418,-0.6761095304583609,3.112784682507673
-0.6276846927978138,2,-1.4878654826747224,2,2.421944308197999,1.063221755033766,2,1.2443062929271027,-1.557913295991049,0,1.18935540851251,-1.012340415329351,-0.02544667403658987,7,1.152834072528232,1,-0.19431194904055518,-0.12812680187573033,-0.6594307537576322,0,-0.3392493445662066,-0.4292901468837605,-1.565321388477609,1.383139165592895,0.2407887610315393,0.15731945906803824,0.3574353973694499,0.8331467222873981,0.7728558820658583,0.9282181689343597,0.8433272822416945
-1.0624702611855203,2,-1.5889616073298425,1,-0.6453927582714232,0.0999330154962399,1,1.7053331552171935,-0.6391038496091666,1,0.9938039285529556,1.792164480848073,-0.02544667403658987,4,-0.6706129608183733,1,-0.05110490260889577,-1.2862277033808909,-0.6594307537576322,1,1.298058025652093,2.3294268625987633,-0.6398221663309683,0.21880726957482452,-0.6553111850858345,-2.1552765892321264,0.3574353973694499,-0.15271329321819993,-0.6113636082013505,-0.6761095304583609,-0.2914014178912949
0.7853684044622325,2,1.4217303000823918,0,-1.0134732062477538,-0.8633557240412861,3,0.11479048031638035,-0.6391038496091666,1,1.18935540851251,-1.012340415329351,0.8813802552673452,1,-1.582336477491676,1,0.8710294913279023,-1.6870871306398478,2.5384684892072147,0,-0.3392493445662066,-0.4292901468837605,1.2111762779623128,0.21880726957482452,1.6489458192159838,-1.3844112397987383,0.3574353973694499,2.1476267429615286,0.4960119840124166,0.2864870891772715,0.5596451072084472
-0.19289912441010723,2,-1.024302764743928,2,-0.15461882763631568,1.063221755033766,1,-0.3676412005800361,-1.557913295991049,0,0.2604858787046272,0.389912032759361,-0.932273603340525,8,1.152834072528232,1,-0.8096348072988425,0.8451677695764069,-0.6594307537576322,0,0.2065197788398933,-0.4292901468837605,-0.6398221663309683,0.21880726957482452,-1.0393540191361377,-1.3844112397987383,-1.0820989427212115,-0.6456433009709989,-0.6113636082013505,-0.6761095304583609,-0.5750835929245423
0.1331900518806727,0,-1.5963588847436316,2,0.09076813768123806,0.0999330154962399,5,-0.07455983812419265,0.279705596772716,0,0.8960281885731786,0.389912032759361,-0.02544667403658987,7,1.152834072528232,2,-0.152242223234222,0.7863337665587651,-0.6594307537576322,1,-0.6121339062692566,-0.4292901468837605,-0.6398221663309683,-0.9455246264432461,-0.6553111850858345,-1.3844112397987383,0.3574353973694499,-0.31702329580246624,-0.3345197101479087,-0.3552439905798167,-0.2914014178912949
-0.7363810848947404,2,-0.01580727733065696,1,0.8269290336338992,-1.8266444635788122,1,1.1537474449772636,-0.6391038496091666,1,-1.646141050901027,0.389912032759361,-0.932273603340525,6,1.152834072528232,1,-0.7480175321279505,-1.4780715936034887,-0.6594307537576322,0,-0.8850184679723064,-0.4292901468837605,-0.6398221663309683,0.21880726957482452,-0.14325407301876378,-0.61354589036535,-1.0820989427212115,0.5045267171188654,-1.165051404308234,-0.6761095304583609,1.1270094572749418
-1.8233450058640068,2,0.39350873956568283,1,-1.0134732062477538,0.0999330154962399,1,-0.6113268277905126,1.1985150431545986,0,0.7982524485934014,-1.012340415329351,-0.932273603340525,6,-0.6706129608183733,2,-0.753541839557065,-0.35966253145472754,-0.6594307537576322,0,-0.6121339062692566,-0.4292901468837605,1.2111762779623128,-0.9455246264432461,-1.295382575169673,-2.1552765892321264,1.7969697374601115,-0.9742633061395315,-1.165051404308234,-0.6761095304583609,-1.142447942991037
0.1331900518806727,2,-1.31033082474378,1,-0.890779723588977,2.026510494571292,3,-0.42032998484176076,1.1985150431545986,1,1.2382432785023985,0.389912032759361,-0.932273603340525,6,0.24111055585492935,1,-0.7065852264095921,0.8668434548986961,1.339256273095397,1,-0.6121339062692566,-0.4292901468837605,-0.6398221663309683,0.21880726957482452,-0.6553111850858345,-2.1552765892321264,-2.521633282811873,-0.9742633061395315,-1.165051404308234,-0.6761095304583609,-0.8587657679577896
1.4375467570437923,1,0.39350873956568283,2,-1.0134732062477538,1.063221755033766,4,0.13948834793906378,1.1985150431545986,1,0.7004767086136243,0.389912032759361,-0.02544667403658987,7,0.24111055585492935,2,-0.351542237407659,0.41362457997810576,0.14004405698357952,1,-0.3392493445662066,-0.4292901468837605,1.2111762779623128,-0.9455246264432461,-0.7833254631026022,0.9281848085014265,0.3574353973694499,-1.138573308723798,-1.165051404308234,-0.6761095304583609,-1.142447942991037
-1.0624702611855203,2,0.7781671650827251,1,-0.7680862409302001,1.063221755033766,3,-0.5405262739388201,-1.557913295991049,1,-0.619495781113367,-1.012340415329351,-0.932273603340525,6,1.152834072528232,2,-0.9216082694197395,0.12128433053398584,-1.0591681591282378,0,-0.6121339062692566,-0.4292901468837605,1.2111762779623128,-0.9455246264432461,-0.7833254631026022,-2.1552765892321264,0.3574353973694499,-0.48133329838673256,-0.6113636082013505,-0.3552439905798167,-0.8587657679577896
-0.08420273231318058,2,1.1800859045652756,0,-0.15461882763631568,0.0999330154962399,1,-0.2474449114829767,-1.557913295991049,1,0.50492522865407,-1.012340415329351,-0.932273603340525,1,-1.582336477491676,1,-0.8585036807102397,-0.799087788442952,-1.0591681591282378,0,1.570942587355143,2.3294268625987633,0.2856770558156722,-0.9455246264432461,-0.6553111850858345,0.15731945906803824,0.3574353973694499,-0.31702329580246624,-0.05767581209446695,-0.6761095304583609,-0.2914014178912949
0.5679756202683792,2,1.012414283186052,1,-0.890779723588977,0.0999330154962399,3,0.8458473619478101,0.279705596772716,1,0.06493439874507291,-1.012340415329351,-0.932273603340525,2,-0.6706129608183733,1,-0.32753274742727695,1.3708735142436135,0.5397814623541853,0,-0.3392493445662066,-0.4292901468837605,-0.6398221663309683,0.21880726957482452,-0.9113397411193699,0.15731945906803824,0.3574353973694499,-0.9742633061395315,-1.165051404308234,-0.6761095304583609,-1.142447942991037
2.3071178938192056,1,1.0272088380136306,1,0.7042355509751225,1.063221755033766,1,1.3315720918605842,-1.557913295991049,1,0.9938039285529556,0.389912032759361,1.7882071845712804,5,0.24111055585492935,1,1.9982006802299102,1.0291295924090813,-0.2596933483870263,1,-0.3392493445662066,-0.4292901468837605,-0.6398221663309683,-0.9455246264432461,1.5209315411992161,0.15731945906803824,0.3574353973694499,-0.8099533035552652,-0.6113636082013505,-0.03437845070127261,-0.5750835929245423
-0.41029190860396053,2,-0.3585477975028933,1,-0.5226992756126463,0.0999330154962399,1,0.11643700482455925,1.1985150431545986,1,-1.5972531809111383,-1.012340415329351,0.8813802552673452,0,1.152834072528232,0,0.15648157270821292,0.9714215990185714,0.5397814623541853,0,-0.06636478286315664,-0.4292901468837605,0.2856770558156722,0.21880726957482452,-0.2712683510355315,-0.61354589036535,0.3574353973694499,-0.6456433009709989,-0.6113636082013505,-0.3552439905798167,-0.5750835929245423
-0.30159551650703387,2,1.3674835990479373,1,-0.5226992756126463,0.0999330154962399,3,-1.4411751799126762,0.279705596772716,0,-1.0594866110223642,-1.012340415329351,0.8813802552673452,3,-1.582336477491676,2,1.1151613850222297,-1.2241564226852448,-0.2596933483870263,0,-0.8850184679723064,-0.4292901468837605,1.2111762779623128,-0.9455246264432461,0.36880303904830697,2.469915507368203,0.3574353973694499,0.6688367197031317,1.6033875762261836,0.9282181689343597,1.1270094572749418
-0.19289912441010723,2,0.00638455491071086,1,0.09076813768123806,0.0999330154962399,4,-0.00046623525614234064,-0.6391038496091666,1,-1.0594866110223642,0.389912032759361,-0.932273603340525,2,1.152834072528232,0,-0.5238581345234985,-0.6715671981702642,-0.6594307537576322,0,1.298058025652093,2.3294268625987633,-1.565321388477609,0.21880726957482452,-1.0393540191361377,0.9281848085014265,-1.0820989427212115,-0.6456433009709989,-0.6113636082013505,-0.3552439905798167,-0.5750835929245423
-0.19289912441010723,2,0.5661118792207659,1,0.8269290336338992,0.0999330154962399,1,0.8244425433414844,1.1985150431545986,0,1.18935540851251,-1.012340415329351,0.8813802552673452,0,-0.6706129608183733,2,0.4724294629810283,0.9687473261541332,-0.6594307537576322,0,1.025173463949043,-0.4292901468837605,1.2111762779623128,-0.9455246264432461,-0.0152397950019961,0.15731945906803824,-2.521633282811873,0.6688367197031317,1.0496997801193,0.2864870891772715,-0.2914014178912949
0.4592792281714526,2,-1.5593724976746854,1,0.3361551029987918,1.063221755033766,1,0.2135819508071141,-0.6391038496091666,1,-1.0105987410324755,0.389912032759361,-0.932273603340525,2,1.152834072528232,1,-0.34346824962664557,-0.7405352878320932,0.14004405698357952,1,-1.1579030296753563,-0.4292901468837605,-1.565321388477609,0.21880726957482452,-0.6553111850858345,0.9281848085014265,0.3574353973694499,-0.9742633061395315,-1.165051404308234,-0.6761095304583609,-1.142447942991037
0.6766720123653059,1,-0.9996451733646303,2,2.0538638602216683,-0.8633557240412861,1,-1.4329425573717816,0.279705596772716,1,1.2382432785023985,0.389912032759361,1.7882071845712804,3,1.152834072528232,1,2.2472194612653773,0.7293295291852127,-0.6594307537576322,1,-0.8850184679723064,-0.4292901468837605,1.2111762779623128,1.383139165592895,1.7769600972327515,0.15731945906803824,1.7969697374601115,2.96917675588286,2.1570753723330673,0.6073526290558157,2.2617381574079314
-0.5189883007008872,2,-1.0489603561232255,1,1.9311703775628912,1.063221755033766,1,-0.19310960271307315,-1.557913295991049,1,0.9938039285529556,0.389912032759361,-0.932273603340525,2,1.152834072528232,2,-0.7622532474260532,0.5212992505725939,-0.6594307537576322,1,2.389596272464293,2.3294268625987633,0.2856770558156722,-0.9455246264432461,-1.295382575169673,-0.61354589036535,-2.521633282811873,-0.9742633061395315,-1.165051404308234,-0.6761095304583609,-0.8587657679577896
-0.19289912441010723,2,-0.47443847698559194,1,-0.031925344977538815,0.0999330154962399,1,-0.2441518624666189,1.1985150431545986,0,-0.03284134123470423,-1.012340415329351,0.8813802552673452,4,0.24111055585492935,1,0.9141615839475267,1.2871265482256782,-0.6594307537576322,1,1.298058025652093,2.3294268625987633,-0.6398221663309683,0.21880726957482452,0.7528458730986101,-0.61354589036535,0.3574353973694499,1.6546967352087296,2.710763168439951,0.9282181689343597,3.112784682507673
-0.6276846927978138,2,-0.9651245454336137,1,-0.031925344977538815,1.063221755033766,1,-0.8813568471318516,0.279705596772716,1,-1.2061502209920298,-1.012340415329351,-0.932273603340525,6,-0.6706129608183733,2,-0.7915745714728915,-0.9516620929193247,-1.0591681591282378,1,0.2065197788398933,-0.4292901468837605,1.2111762779623128,-0.9455246264432461,-1.0393540191361377,1.6990501579348147,0.3574353973694499,-0.8099533035552652,-0.6113636082013505,-0.03437845070127261,-0.5750835929245423
0.8940647965591592,2,1.4439221323237597,1,1.3177029642690068,-0.8633557240412861,3,-1.0805863126214978,0.279705596772716,1,0.6027009686338471,0.389912032759361,1.7882071845712804,0,1.152834072528232,1,1.511424206379863,-0.9586996530888992,-1.0591681591282378,1,-0.3392493445662066,-0.4292901468837605,-0.6398221663309683,-0.9455246264432461,1.2649029851656808,-0.61354589036535,0.3574353973694499,2.1476267429615286,0.7728558820658583,0.6073526290558157,1.6943738073414365
-0.41029190860396053,2,0.6795367995655347,0,-0.7680862409302001,-0.8633557240412861,0,-0.19475612722125205,1.1985150431545986,1,-0.47283217114370135,0.389912032759361,-0.932273603340525,1,-0.6706129608183733,0,-0.8723144492830258,1.1735403270887477,0.14004405698357952,1,-1.1579030296753563,-0.4292901468837605,0.2856770558156722,0.21880726957482452,-0.5272969070690668,0.9281848085014265,1.7969697374601115,-0.48133329838673256,-0.3345197101479087,-0.6761095304583609,-0.2914014178912949
-0.5189883007008872,2,-0.4818357543993812,2,-0.15461882763631568,0.0999330154962399,3,0.45397452900123286,0.279705596772716,1,-0.5217200411335899,1.792164480848073,-0.02544667403658987,7,1.152834072528232,1,-0.036869187310793125,-0.36867060847178273,-0.6594307537576322,0,-0.06636478286315664,-0.4292901468837605,0.2856770558156722,1.383139165592895,-0.14325407301876378,0.9281848085014265,1.7969697374601115,0.5045267171188654,0.7728558820658583,-0.6761095304583609,1.1270094572749418
-0.30159551650703387,1,0.5020021416345922,1,-0.890779723588977,-0.8633557240412861,1,0.18394450965989398,1.1985150431545986,1,1.3849068884720641,0.389912032759361,-0.02544667403658987,4,0.24111055585492935,2,-0.49921122445514166,0.2141801247723677,-0.2596933483870263,0,-1.1579030296753563,-0.4292901468837605,1.2111762779623128,-0.9455246264432461,-0.7833254631026022,0.15731945906803824,-1.0820989427212115,-0.6456433009709989,-0.6113636082013505,-0.6761095304583609,-0.5750835929245423
0.350582836074526,1,0.9483045455998783,2,-0.890779723588977,1.063221755033766,3,0.30249427424877445,-0.6391038496091666,1,-0.2283928211942585,0.389912032759361,-0.02544667403658987,7,-0.6706129608183733,1,-0.43674405583361664,1.5662361845509984,0.9395188677247911,0,-0.8850184679723064,-0.4292901468837605,1.2111762779623128,2.5474710616109655,-0.7833254631026022,-0.61354589036535,0.3574353973694499,-1.138573308723798,-1.165051404308234,-0.6761095304583609,-1.142447942991037
-0.30159551650703387,0,0.6548792081862371,2,1.6857834122453375,1.063221755033766,2,-1.5943019591733134,-0.6391038496091666,1,0.2604858787046272,0.389912032759361,-0.02544667403658987,7,0.24111055585492935,2,-0.38553797543297874,-0.6021768548982608,-1.0591681591282378,0,1.298058025652093,2.3294268625987633,0.2856770558156722,-0.9455246264432461,-0.14325407301876378,-0.61354589036535,0.3574353973694499,0.34021671453459906,0.2191680859589748,1.890814788569992,0.8433272822416945
-0.41029190860396053,0,-0.0601909418133926,1,-0.6453927582714232,0.0999330154962399,5,1.2229014743207771,1.1985150431545986,1,1.1404675385226213,0.389912032759361,-0.02544667403658987,6,-0.6706129608183733,0,-0.7070101731349085,-1.1426614759215734,0.9395188677247911,0,-0.06636478286315664,-0.4292901468837605,1.2111762779623128,1.383139165592895,-0.0152397950019961,-0.61354589036535,-1.0820989427212115,0.34021671453459906,1.0496997801193,-0.3552439905798167,0.8433272822416945
-0.5189883007008872,2,-0.7407404638820058,2,-0.890779723588977,-1.8266444635788122,2,0.6054547837536913,0.279705596772716,1,-1.4994774409313611,0.389912032759361,-0.02544667403658987,7,-0.6706129608183733,1,-0.48964992313552047,0.8705029861868747,-1.0591681591282378,1,-0.6121339062692566,-0.4292901468837605,-1.565321388477609,2.5474710616109655,-0.9113397411193699,0.15731945906803824,-1.0820989427212115,-0.6456433009709989,-0.6113636082013505,-0.3552439905798167,-0.5750835929245423
-1.8233450058640068,2,-0.3585477975028933,2,1.4403964469277837,0.0999330154962399,2,0.325545617363279,0.279705596772716,1,-1.1572623510021414,1.792164480848073,-0.932273603340525,8,1.152834072528232,2,-0.7871126308570683,-1.3036808526014354,-0.6594307537576322,0,0.47940434054294323,-0.4292901468837605,1.2111762779623128,-0.9455246264432461,-1.1673682971529054,-0.61354589036535,0.3574353973694499,-0.8099533035552652,-0.8882075062547923,-0.03437845070127261,-0.5750835929245423
-0.08420273231318058,2,-0.008409999916867687,1,0.3361551029987918,2.026510494571292,3,0.07362736761190797,1.1985150431545986,0,-0.7661593910830328,-1.012340415329351,0.8813802552673452,4,1.152834072528232,2,0.5259727503709068,0.19095617621277225,-1.0591681591282378,0,-1.1579030296753563,-0.4292901468837605,-0.6398221663309683,-0.9455246264432461,0.49681731706507465,-0.61354589036535,-1.0820989427212115,1.1617667274559307,1.0496997801193,1.569949248691448,1.1270094572749418
-1.0624702611855203,2,-0.513890623192468,1,-0.890779723588977,-1.8266444635788122,3,-1.681567758106795,-1.557913295991049,1,-1.303925960971807,0.389912032759361,-0.932273603340525,2,-0.6706129608183733,1,-0.619258674357052,0.32649958507877486,2.5384684892072147,0,-0.8850184679723064,-0.4292901468837605,1.2111762779623128,0.21880726957482452,-0.6553111850858345,0.15731945906803824,0.3574353973694499,-0.8099533035552652,-0.6113636082013505,-0.03437845070127261,-0.5750835929245423
-1.2798630453793736,2,0.36885114818638526,1,-1.0134732062477538,0.0999330154962399,5,0.6367387494090903,-1.557913295991049,1,0.7004767086136243,0.389912032759361,-0.932273603340525,2,1.152834072528232,1,-0.6700398080323734,-1.3233860210762436,0.5397814623541853,0,-1.1579030296753563,-0.4292901468837605,-0.6398221663309683,0.21880726957482452,-0.5272969070690668,-0.61354589036535,-1.0820989427212115,-0.6456433009709989,-0.6113636082013505,-0.6761095304583609,-0.5750835929245423
0.024493659783746062,2,-0.5188221414683276,2,-0.031925344977538815,-0.8633557240412861,2,1.2492458664516395,-0.6391038496091666,1,-1.0105987410324755,-1.012340415329351,-0.02544667403658987,7,-0.6706129608183733,1,-0.4660653798804549,-0.7758638398833566,-0.6594307537576322,0,-0.3392493445662066,-0.4292901468837605,-1.565321388477609,1.383139165592895,-0.7833254631026022,-0.61354589036535,0.3574353973694499,-0.31702329580246624,-0.6113636082013505,-0.6761095304583609,-0.2914014178912949
1.0027611886560859,2,-0.7678638143992331,2,-0.890779723588977,0.0999330154962399,5,-1.095405033195108,0.279705596772716,0,0.40714948867429285,-2.414592863418063,1.7882071845712804,3,-0.6706129608183733,1,2.22873427871411,0.09355634346586277,0.14004405698357952,1,-0.8850184679723064,-0.4292901468837605,-0.6398221663309683,0.21880726957482452,2.1610029312830545,-0.61354589036535,-1.0820989427212115,0.011596709366066407,0.7728558820658583,1.569949248691448,0.8433272822416945
0.8940647965591592,2,1.3058396205996932,1,-0.890779723588977,-0.8633557240412861,4,0.9989741412084473,1.1985150431545986,0,-0.3750564311639242,-1.012340415329351,-0.02544667403658987,4,1.152834072528232,0,-0.13014499351776418,-1.2561069458551126,-0.6594307537576322,0,1.025173463949043,-0.4292901468837605,-1.565321388477609,1.383139165592895,-0.14325407301876378,0.15731945906803824,0.3574353973694499,0.5045267171188654,0.7728558820658583,0.2864870891772715,1.4106916323081893
-0.30159551650703387,2,1.6781692504270866,2,-0.6453927582714232,0.0999330154962399,1,1.4056656947286346,0.279705596772716,1,-0.13061708121448137,0.389912032759361,0.8813802552673452,7,1.152834072528232,1,0.7076374754437093,1.4260479859730766,-0.2596933483870263,1,-0.6121339062692566,-0.4292901468837605,1.2111762779623128,2.5474710616109655,-0.2712683510355315,0.15731945906803824,0.3574353973694499,-0.31702329580246624,-0.3345197101479087,-0.3552439905798167,-1.142447942991037
-1.6059522216701536,1,1.4020042269789539,1,-0.6453927582714232,-1.8266444635788122,5,-0.716704396313962,0.279705596772716,1,1.5804583684316185,-1.012340415329351,-0.932273603340525,2,0.24111055585492935,2,-0.5287450218646382,-0.7295566939675572,0.9395188677247911,0,0.2065197788398933,-0.4292901468837605,0.2856770558156722,-0.9455246264432461,-0.9113397411193699,0.15731945906803824,0.3574353973694499,-0.8099533035552652,-0.6113636082013505,-0.3552439905798167,-0.5750835929245423
-0.19289912441010723,1,-1.4780024461230035,1,1.072315998951453,-0.8633557240412861,1,0.6317991758845536,0.279705596772716,1,-0.32616856117403564,0.389912032759361,0.8813802552673452,4,1.152834072528232,2,0.6330593251506641,0.792667570711382,-0.2596933483870263,0,-1.1579030296753563,-0.4292901468837605,0.2856770558156722,-0.9455246264432461,-0.14325407301876378,-0.61354589036535,0.3574353973694499,-0.8099533035552652,-0.6113636082013505,-0.03437845070127261,-0.5750835929245423
-0.845077476991667,2,-1.4188242268126892,1,-1.0134732062477538,1.063221755033766,5,0.8129168717842321,-1.557913295991049,1,1.629346238421507,-1.012340415329351,-0.932273603340525,6,-1.582336477491676,2,-0.8542542134570748,-0.9492693224616694,1.339256273095397,0,-0.6121339062692566,-0.4292901468837605,0.2856770558156722,-0.9455246264432461,-0.0152397950019961,-0.61354589036535,-2.521633282811873,0.34021671453459906,0.7728558820658583,-0.6761095304583609,0.8433272822416945
0.350582836074526,1,-0.5089591049166086,1,-0.031925344977538815,1.063221755033766,3,0.22675414687254528,-0.6391038496091666,0,1.0426917985428443,0.389912032759361,0.8813802552673452,5,0.24111055585492935,2,1.5120616264678377,-0.074641344586965,2.5384684892072147,0,0.47940434054294323,-0.4292901468837605,0.2856770558156722,-0.9455246264432461,1.136888707148913,0.15731945906803824,-1.0820989427212115,1.819006737792996,0.7728558820658583,-0.03437845070127261,2.545420332441178
-0.6276846927978138,2,-1.0859467431921719,0,1.072315998951453,2.026510494571292,0,1.3398047144014789,1.1985150431545986,1,1.0915796685327328,1.792164480848073,-0.932273603340525,1,-1.582336477491676,1,-0.7280450360380751,1.0109726871715794,-1.0591681591282378,0,0.47940434054294323,-0.4292901468837605,0.2856770558156722,-0.9455246264432461,-1.1673682971529054,0.9281848085014265,0.3574353973694499,-0.9742633061395315,-1.165051404308234,-0.6761095304583609,-1.142447942991037
0.24188644397759934,2,0.820085070427531,1,-1.0134732062477538,0.0999330154962399,3,-1.0064927097534475,0.279705596772716,1,-0.9128230010526984,1.792164480848073,0.8813802552673452,0,1.152834072528232,0,0.6863901391778844,-0.47437476221879,-1.0591681591282378,0,0.47940434054294323,-0.4292901468837605,-1.565321388477609,2.5474710616109655,1.0088744291321454,1.6990501579348147,-1.0820989427212115,1.819006737792996,1.6033875762261836,0.2864870891772715,0.8433272822416945
-0.9537738690885937,2,-0.5410139737096954,1,2.1765573428804452,0.0999330154962399,3,0.9775693226021217,-0.6391038496091666,0,-1.3528138309616955,-2.414592863418063,-0.02544667403658987,4,-1.582336477491676,0,-0.31988370637158,0.8652951916613897,-1.0591681591282378,0,1.570942587355143,2.3294268625987633,-0.6398221663309683,0.21880726957482452,-0.6553111850858345,1.6990501579348147,-1.0820989427212115,-0.31702329580246624,-0.3345197101479087,-0.6761095304583609,-1.142447942991037
-0.41029190860396053,1,-0.6075894704337989,1,-0.5226992756126463,1.063221755033766,1,-0.9883809401634798,1.1985150431545986,0,0.3582616186844043,0.389912032759361,0.8813802552673452,3,-0.6706129608183733,1,1.167642305598817,1.27403668631027,1.339256273095397,0,-1.1579030296753563,-0.4292901468837605,-0.6398221663309683,1.383139165592895,0.1127744830147716,-0.61354589036535,0.3574353973694499,0.5045267171188654,0.4960119840124166,1.890814788569992,1.1270094572749418
-1.9320413979609334,2,0.940907268186089,1,-0.7680862409302001,-1.8266444635788122,3,-1.362142003520089,-0.6391038496091666,0,0.6027009686338471,0.389912032759361,-0.932273603340525,2,-0.6706129608183733,2,-1.0410182992336752,0.2519014472812864,-0.6594307537576322,0,-0.3392493445662066,-0.4292901468837605,1.2111762779623128,-0.9455246264432461,-1.295382575169673,0.15731945906803824,0.3574353973694499,-0.9742633061395315,-1.165051404308234,-0.6761095304583609,-1.142447942991037
-0.30159551650703387,2,-1.522386110605739,1,-1.0134732062477538,1.063221755033766,1,-0.38081339664546726,-0.6391038496091666,0,0.2604858787046272,1.792164480848073,-0.932273603340525,6,1.152834072528232,2,-0.6592036665368027,-0.10715487257039866,-0.2596933483870263,0,0.2065197788398933,-0.4292901468837605,0.2856770558156722,-0.9455246264432461,-0.14325407301876378,-0.61354589036535,0.3574353973694499,-0.48133329838673256,-0.6113636082013505,-0.3552439905798167,-0.2914014178912949
1.220153972849939,2,-0.42758905336492653,1,-1.0134732062477538,-0.8633557240412861,1,-1.5877158611405977,-1.557913295991049,1,1.53157049844173,-1.012340415329351,0.8813802552673452,2,0.24111055585492935,2,-0.2127971315918228,0.701179288506915,2.5384684892072147,1,-0.6121339062692566,-0.4292901468837605,1.2111762779623128,-0.9455246264432461,1.5209315411992161,-0.61354589036535,0.3574353973694499,-0.9742633061395315,-1.165051404308234,-0.6761095304583609,-1.142447942991037
0.24188644397759934,2,1.4488536505996192,1,0.09076813768123806,2.026510494571292,3,0.9709832245694061,-0.6391038496091666,1,0.45603735866418144,0.389912032759361,-0.02544667403658987,4,-1.582336477491676,1,-0.2136470250424558,-1.474693564722093,-0.2596933483870263,0,-0.6121339062692566,-0.4292901468837605,1.2111762779623128,2.5474710616109655,-0.14325407301876378,0.15731945906803824,0.3574353973694499,0.011596709366066407,0.7728558820658583,1.569949248691448,0.8433272822416945
-0.6276846927978138,1,0.1321382709451285,1,-1.0134732062477538,-1.8266444635788122,1,-0.028457151895183566,0.279705596772716,0,1.4337947584619528,0.389912032759361,-0.02544667403658987,4,-1.582336477491676,1,-0.4747767877494431,-0.4275046114894246,-0.6594307537576322,0,-0.8850184679723064,-0.4292901468837605,0.2856770558156722,0.21880726957482452,-0.9113397411193699,-1.3844112397987383,0.3574353973694499,-0.48133329838673256,-0.3345197101479087,-0.6761095304583609,-0.2914014178912949
-1.0624702611855203,2,-1.480468205260933,1,-0.40000579295386945,0.0999330154962399,1,0.22016804883982968,1.1985150431545986,1,-0.5706079111234784,-1.012340415329351,-0.932273603340525,6,0.24111055585492935,1,-0.8166464282665648,-0.8955023627661212,-0.6594307537576322,0,-0.6121339062692566,-0.4292901468837605,0.2856770558156722,0.21880726957482452,-0.9113397411193699,-2.1552765892321264,0.3574353973694499,-0.48133329838673256,-0.6113636082013505,-0.03437845070127261,-0.5750835929245423
-0.30159551650703387,2,-0.7900556466406009,1,-0.27731231029509257,1.063221755033766,3,0.9034757197340714,-1.557913295991049,1,-1.5483653109212498,0.389912032759361,-0.932273603340525,6,1.152834072528232,2,-0.7246454622355432,1.0906378682911615,-0.6594307537576322,0,-0.6121339062692566,-0.4292901468837605,0.2856770558156722,-0.9455246264432461,-1.295382575169673,0.9281848085014265,-2.521633282811873,-0.9742633061395315,-1.165051404308234,-0.6761095304583609,-1.142447942991037
-1.3885594374763002,1,-0.6519731349165345,2,1.8084768949041143,0.0999330154962399,3,-0.652489940494985,1.1985150431545986,1,-1.4017017009515842,0.389912032759361,-0.932273603340525,8,1.152834072528232,1,-0.8461802256760613,-1.2361202749735214,-1.0591681591282378,0,-0.6121339062692566,-0.4292901468837605,0.2856770558156722,1.383139165592895,-1.0393540191361377,0.15731945906803824,0.3574353973694499,-0.8099533035552652,-0.6113636082013505,-0.03437845070127261,-0.8587657679577896
1.5462431491407191,2,1.4932373150823548,1,0.21346162034001492,-0.8633557240412861,5,0.5577055730165033,1.1985150431545986,0,0.7493645786035128,-1.012340415329351,1.7882071845712804,4,-0.6706129608183733,2,1.436208635998843,1.4253442299561192,0.14004405698357952,0,0.2065197788398933,-0.4292901468837605,-0.6398221663309683,-0.9455246264432461,2.289017209299822,-1.3844112397987383,-1.0820989427212115,-0.31702329580246624,-0.6113636082013505,-0.6761095304583609,-0.2914014178912949
1.4375467570437923,0,0.20117952680716172,1,-0.890779723588977,1.063221755033766,1,-0.2029887497621465,-1.557913295991049,1,1.53157049844173,0.389912032759361,1.7882071845712804,3,-1.582336477491676,0,2.4522562562305867,-1.3749009615175283,-0.6594307537576322,0,-1.1579030296753563,-0.4292901468837605,1.2111762779623128,0.21880726957482452,2.5450457653333576,0.15731945906803824,0.3574353973694499,3.9550367713884578,0.4960119840124166,3.816008027841257,0.8433272822416945
-0.6276846927978138,2,-1.1599195173300647,1,-1.0134732062477538,-0.8633557240412861,1,-0.8204354403292324,1.1985150431545986,1,1.53157049844173,-1.012340415329351,-0.932273603340525,2,-1.582336477491676,1,-0.8848503776798625,0.2647098067899118,-0.6594307537576322,0,-0.8850184679723064,-0.4292901468837605,0.2856770558156722,0.21880726957482452,-0.9113397411193699,0.15731945906803824,0.3574353973694499,-0.48133329838673256,-0.6113636082013505,0.2864870891772715,-0.5750835929245423
-0.08420273231318058,2,0.28008381922091397,1,-0.031925344977538815,-0.8633557240412861,3,-0.5421727984469991,-0.6391038496091666,1,-0.9128230010526984,-1.012340415329351,-0.02544667403658987,4,-0.6706129608183733,0,0.5236355433816662,-0.053247161671458876,-0.2596933483870263,1,-1.1579030296753563,-0.4292901468837605,0.2856770558156722,0.21880726957482452,0.2407887610315393,-0.61354589036535,0.3574353973694499,-0.6456433009709989,-0.6113636082013505,-0.6761095304583609,-0.5750835929245423
-1.0624702611855203,2,1.4241960592203216,2,-0.890779723588977,0.0999330154962399,1,-0.9735622195898697,1.1985150431545986,1,0.3582616186844043,0.389912032759361,-0.02544667403658987,7,0.24111055585492935,2,-0.4046605780722211,-1.2766566215502697,-0.6594307537576322,1,-1.1579030296753563,-0.4292901468837605,-1.565321388477609,-0.9455246264432461,-0.7833254631026022,0.15731945906803824,0.3574353973694499,-0.31702329580246624,-0.05767581209446695,-0.6761095304583609,-0.007719242858047555
0.1331900518806727,2,-1.0563576335370148,1,-0.890779723588977,0.0999330154962399,1,-1.6535768414677536,1.1985150431545986,1,-1.0594866110223642,0.389912032759361,-0.932273603340525,6,1.152834072528232,2,-0.5181213537317257,-1.4083997479247021,0.9395188677247911,1,-1.1579030296753563,-0.4292901468837605,0.2856770558156722,-0.9455246264432461,-0.6553111850858345,0.15731945906803824,0.3574353973694499,-0.6456433009709989,-0.6113636082013505,-0.3552439905798167,-0.5750835929245423
0.350582836074526,2,-0.3486847609511743,2,0.09076813768123806,1.063221755033766,2,-0.12230904886138062,-1.557913295991049,1,0.016046528755184336,-1.012340415329351,0.8813802552673452,7,-0.6706129608183733,0,0.7059376885424433,0.8923194227125554,-0.2596933483870263,0,-0.8850184679723064,-0.4292901468837605,-0.6398221663309683,0.21880726957482452,-0.0152397950019961,-0.61354589036535,-1.0820989427212115,-0.9742633061395315,-1.165051404308234,-0.6761095304583609,-1.142447942991037
0.6766720123653059,2,1.167757108875627,1,-0.890779723588977,-0.8633557240412861,3,-1.617353302287818,1.1985150431545986,0,0.2604858787046272,1.792164480848073,-0.932273603340525,6,0.24111055585492935,0,-0.7941242518247904,1.0712142022231361,-0.6594307537576322,0,-0.8850184679723064,-0.4292901468837605,1.2111762779623128,1.383139165592895,-0.6553111850858345,0.15731945906803824,-1.0820989427212115,-0.31702329580246624,-0.3345197101479087,-0.3552439905798167,-0.007719242858047555
-1.0624702611855203,2,0.9063866402550724,1,-0.6453927582714232,-0.8633557240412861,1,0.3798809261331826,-1.557913295991049,1,0.45603735866418144,0.389912032759361,-0.932273603340525,6,0.24111055585492935,0,-0.8213208422450462,-1.5629445692485557,-0.6594307537576322,0,-1.1579030296753563,-0.4292901468837605,-0.6398221663309683,2.5474710616109655,-0.7833254631026022,-0.61354589036535,0.3574353973694499,-0.31702329580246624,-0.3345197101479087,-0.6761095304583609,-0.2914014178912949
-0.9537738690885937,1,-0.06512246008925211,1,-0.40000579295386945,0.0999330154962399,1,0.20699585277439853,0.279705596772716,1,-1.3528138309616955,-1.012340415329351,-0.932273603340525,6,0.24111055585492935,0,-0.781800796790612,1.0944381507827317,-0.6594307537576322,1,-0.3392493445662066,-0.4292901468837605,1.2111762779623128,0.21880726957482452,-1.0393540191361377,-0.61354589036535,0.3574353973694499,-0.6456433009709989,-0.8882075062547923,-0.6761095304583609,-0.5750835929245423
-1.0624702611855203,1,1.226935328185941,1,-0.5226992756126463,-0.8633557240412861,1,1.3529769104669098,1.1985150431545986,0,-0.6683836511032556,0.389912032759361,-0.932273603340525,2,1.152834072528232,2,-0.8506421662918845,0.7760589287111865,-1.0591681591282378,1,-0.3392493445662066,-0.4292901468837605,0.2856770558156722,-0.9455246264432461,-0.6553111850858345,0.15731945906803824,-1.0820989427212115,-0.31702329580246624,-0.05767581209446695,-0.6761095304583609,-0.5750835929245423
0.8940647965591592,2,-1.4977285192264413,1,0.09076813768123806,-0.8633557240412861,1,-0.7973840972147279,-1.557913295991049,1,0.11382226873496147,0.389912032759361,-0.932273603340525,6,1.152834072528232,1,-0.7922119915608662,-0.6555215609836347,0.14004405698357952,0,1.570942587355143,2.3294268625987633,1.2111762779623128,1.383139165592895,-0.39928262905229917,0.15731945906803824,-1.0820989427212115,-0.8099533035552652,-0.6113636082013505,-0.6761095304583609,-0.5750835929245423
-0.30159551650703387,1,-1.6382767900884376,1,1.19500948161023,0.0999330154962399,3,0.4226905633458339,0.279705596772716,0,-1.0105987410324755,0.389912032759361,-0.02544667403658987,2,-0.6706129608183733,0,-0.41188467240260157,1.157213187495335,0.5397814623541853,0,-0.6121339062692566,-0.4292901468837605,0.2856770558156722,1.383139165592895,0.49681731706507465,-0.61354589036535,1.7969697374601115,0.6688367197031317,1.0496997801193,0.9282181689343597,1.6943738073414365
-1.0624702611855203,1,-1.246221087157606,1,0.09076813768123806,-0.8633557240412861,1,-0.4861909651689166,1.1985150431545986,1,-1.6950289208909155,0.389912032759361,0.8813802552673452,4,-1.582336477491676,0,0.5121619817981208,-1.337601892618784,-0.6594307537576322,0,1.570942587355143,2.3294268625987633,0.2856770558156722,1.383139165592895,-0.2712683510355315,0.9281848085014265,-1.0820989427212115,0.34021671453459906,0.7728558820658583,-0.3552439905798167,0.8433272822416945
2.4158142859161322,2,0.7140574274965513,2,-1.0134732062477538,-0.8633557240412861,5,0.032464254907435576,-0.6391038496091666,1,-0.03284134123470423,0.389912032759361,0.8813802552673452,3,1.152834072528232,1,1.1731666130279315,-0.4608626466932072,0.14004405698357952,1,-0.3392493445662066,-0.4292901468837605,0.2856770558156722,0.21880726957482452,0.36880303904830697,-1.3844112397987383,-2.521633282811873,-0.15271329321819993,-0.05767581209446695,-0.6761095304583609,-0.007719242858047555
0.7853684044622325,1,0.9704963778412462,1,-0.890779723588977,-1.8266444635788122,3,0.7701072345715808,-0.6391038496091666,1,0.9449160585630672,0.389912032759361,0.8813802552673452,4,0.24111055585492935,2,0.8130242633222005,0.7609985499482973,0.9395188677247911,1,0.7522889022459932,-0.4292901468837605,-0.6398221663309683,-0.9455246264432461,0.6248315950818424,-0.61354589036535,-1.0820989427212115,-0.8099533035552652,-0.6113636082013505,-0.03437845070127261,-0.5750835929245423
-0.6276846927978138,1,1.3009081023238338,1,-0.7680862409302001,1.063221755033766,3,-1.1382146704077594,-0.6391038496091666,1,0.3093737486945157,0.389912032759361,0.8813802552673452,5,0.24111055585492935,0,1.5494569382956895,-0.11109590626536031,2.5384684892072147,0,-0.8850184679723064,-0.4292901468837605,-1.565321388477609,0.21880726957482452,-0.2712683510355315,0.15731945906803824,0.3574353973694499,-0.8099533035552652,-0.6113636082013505,-0.03437845070127261,-0.5750835929245423
-1.497255829573227,2,0.4378924040484185,1,0.09076813768123806,0.0999330154962399,5,0.9281735873567548,1.1985150431545986,1,-1.0594866110223642,1.792164480848073,-0.932273603340525,6,0.24111055585492935,1,-0.9156590152653085,-0.20919949502922722,-0.2596933483870263,0,0.2065197788398933,-0.4292901468837605,1.2111762779623128,0.21880726957482452,-0.9113397411193699,-0.61354589036535,0.3574353973694499,-0.8099533035552652,-0.6113636082013505,-0.03437845070127261,-0.5750835929245423
0.1331900518806727,2,-1.157453758192135,1,0.9496225162926761,-1.8266444635788122,1,0.0983252352345914,0.279705596772716,0,-0.0817292112245928,-1.012340415329351,0.8813802552673452,0,0.24111055585492935,1,0.5185361826778682,1.4491311833292806,-1.0591681591282378,0,0.7522889022459932,-0.4292901468837605,-1.565321388477609,0.21880726957482452,1.136888707148913,0.9281848085014265,-1.0820989427212115,1.9833167403772622,1.3265436781727418,-0.3552439905798167,1.4106916323081893
0.6766720123653059,2,-0.042930627847884296,1,-0.40000579295386945,1.063221755033766,4,-0.604740729757797,-0.6391038496091666,1,-0.8150472610729212,-1.012340415329351,1.7882071845712804,5,1.152834072528232,0,2.176678304862839,-1.6385279654697846,0.5397814623541853,1,-0.3392493445662066,-0.4292901468837605,0.2856770558156722,0.21880726957482452,1.2649029851656808,0.15731945906803824,-1.0820989427212115,-0.9742633061395315,-1.165051404308234,-0.6761095304583609,-1.142447942991037
-0.5189883007008872,1,0.4132348126691209,2,-0.15461882763631568,0.0999330154962399,2,-1.3522628564710157,-0.6391038496091666,0,-1.1572623510021414,0.389912032759361,0.8813802552673452,7,1.152834072528232,2,0.5557190211430617,0.17969607994145323,-0.6594307537576322,0,-0.3392493445662066,-0.4292901468837605,1.2111762779623128,-0.9455246264432461,-0.2712683510355315,-0.61354589036535,0.3574353973694499,0.34021671453459906,1.0496997801193,0.2864870891772715,0.8433272822416945
-0.19289912441010723,1,-0.7826583692268116,1,-0.6453927582714232,1.063221755033766,1,0.5297146563774621,0.279705596772716,1,0.9938039285529556,0.389912032759361,-0.02544667403658987,6,0.24111055585492935,2,-0.45331697812096,-1.6358536926053464,-0.6594307537576322,1,-1.1579030296753563,-0.4292901468837605,-0.6398221663309683,-0.9455246264432461,-0.2712683510355315,0.15731945906803824,0.3574353973694499,0.34021671453459906,0.4960119840124166,-0.3552439905798167,-0.8587657679577896
-1.9320413979609334,2,-0.3807396297442611,1,-0.031925344977538815,-0.8633557240412861,1,0.27121030859337547,0.279705596772716,1,-0.619495781113367,0.389912032759361,-0.932273603340525,6,-1.582336477491676,2,-0.8138842745520075,-1.0050067990046985,-0.6594307537576322,0,2.6624808341673427,2.3294268625987633,0.2856770558156722,-0.9455246264432461,-1.295382575169673,0.9281848085014265,0.3574353973694499,-0.9742633061395315,-0.8882075062547923,-0.6761095304583609,-1.142447942991037
0.8940647965591592,2,0.32200172456571985,2,-0.031925344977538815,0.0999330154962399,2,-0.2704962545974812,1.1985150431545986,1,0.3582616186844043,0.389912032759361,0.8813802552673452,7,-1.582336477491676,0,0.9303095595095536,0.6934379723203833,0.5397814623541853,1,-0.8850184679723064,-0.4292901468837605,0.2856770558156722,0.21880726957482452,0.8808601511153777,-0.61354589036535,0.3574353973694499,-0.31702329580246624,-0.05767581209446695,-0.6761095304583609,-0.5750835929245423
-1.171166653282447,1,1.1924147002549244,2,-1.0134732062477538,0.0999330154962399,3,-0.11901599984502283,0.279705596772716,1,-0.7172715210931442,-1.012340415329351,-0.02544667403658987,7,-1.582336477491676,2,-0.4437556768013388,-0.44538001432014357,-0.6594307537576322,0,-0.8850184679723064,-0.4292901468837605,-0.6398221663309683,-0.9455246264432461,-0.5272969070690668,-0.61354589036535,0.3574353973694499,0.011596709366066407,0.7728558820658583,-0.6761095304583609,0.8433272822416945
-0.08420273231318058,0,1.5647443300823178,2,-0.15461882763631568,1.063221755033766,1,-0.3939855927108984,-1.557913295991049,1,0.45603735866418144,-1.012340415329351,0.8813802552673452,7,-1.582336477491676,2,0.25591910643227317,-0.011725556670970012,-0.6594307537576322,0,-0.06636478286315664,-0.4292901468837605,-0.6398221663309683,-0.9455246264432461,-0.14325407301876378,-1.3844112397987383,0.3574353973694499,0.5045267171188654,0.7728558820658583,-0.6761095304583609,1.4106916323081893
0.6766720123653059,2,-0.5558085285372739,1,0.21346162034001492,0.0999330154962399,1,1.5522063759565563,-1.557913295991049,1,-1.7928046608706927,0.389912032759361,0.8813802552673452,0,0.24111055585492935,1,0.23955865750758804,0.3604206250961234,-0.6594307537576322,0,0.47940434054294323,-0.4292901468837605,-0.6398221663309683,0.21880726957482452,-0.14325407301876378,-1.3844112397987383,0.3574353973694499,0.5045267171188654,1.3265436781727418,-0.6761095304583609,1.4106916323081893
-1.6059522216701536,0,0.7978932381861631,1,0.8269290336338992,-0.8633557240412861,3,-1.6568698904841115,1.1985150431545986,1,1.4337947584619528,1.792164480848073,-0.932273603340525,2,1.152834072528232,0,-0.7325069766538984,-0.9836126160891924,-0.6594307537576322,1,-0.6121339062692566,-0.4292901468837605,-0.6398221663309683,1.383139165592895,-1.295382575169673,-0.61354589036535,-1.0820989427212115,-0.9742633061395315,-1.165051404308234,-0.6761095304583609,-1.142447942991037
-1.9320413979609334,2,-0.6692334488820428,2,1.5630899295865606,-1.8266444635788122,2,-1.4181238367981714,1.1985150431545986,1,-0.8150472610729212,0.389912032759361,-0.932273603340525,8,0.24111055585492935,2,-1.0002234136032915,1.7604728452312512,-0.6594307537576322,1,1.025173463949043,-0.4292901468837605,1.2111762779623128,-0.9455246264432461,-1.4233968531864407,-0.61354589036535,-1.0820989427212115,-1.138573308723798,-1.165051404308234,-0.6761095304583609,-1.142447942991037
-0.08420273231318058,2,-0.9133436035370888,1,-0.890779723588977,1.063221755033766,1,0.43750928391944394,0.279705596772716,0,-0.6683836511032556,0.389912032759361,-0.02544667403658987,4,-0.6706129608183733,2,-0.2066354040747336,-1.6875093842500224,2.5384684892072147,1,-1.1579030296753563,-0.4292901468837605,1.2111762779623128,-0.9455246264432461,0.8808601511153777,-0.61354589036535,0.3574353973694499,1.4903867326244633,2.710763168439951,0.9282181689343597,2.2617381574079314
-0.6276846927978138,1,-0.23772559974433516,2,-0.890779723588977,0.0999330154962399,1,0.57746386711465,0.279705596772716,0,1.1404675385226213,-1.012340415329351,-0.932273603340525,8,1.152834072528232,2,-0.7643779810526357,-0.3420686310307916,1.738993678466003,0,-0.3392493445662066,-0.4292901468837605,0.2856770558156722,-0.9455246264432461,-1.0393540191361377,0.15731945906803824,1.7969697374601115,-0.9742633061395315,-1.165051404308234,-0.6761095304583609,-1.142447942991037
-0.08420273231318058,1,-0.2747119868132815,1,-0.6453927582714232,-0.8633557240412861,1,1.6411186993982168,1.1985150431545986,0,1.4826826284518413,0.389912032759361,-0.02544667403658987,4,-0.6706129608183733,0,-0.2659154722563849,-0.7206893681538934,1.738993678466003,0,-0.6121339062692566,-0.4292901468837605,-0.6398221663309683,2.5474710616109655,0.8808601511153777,0.15731945906803824,0.3574353973694499,-0.48133329838673256,-0.6113636082013505,-0.6761095304583609,-0.5750835929245423
1.6549395412376458,2,-0.2475886362960542,1,-1.0134732062477538,1.063221755033766,1,-1.2666435820457131,0.279705596772716,1,-0.0817292112245928,-1.012340415329351,2.6950341138752156,3,0.24111055585492935,1,2.893138483746452,-1.215289096871581,-1.0591681591282378,0,-0.3392493445662066,-0.4292901468837605,-1.565321388477609,0.21880726957482452,2.9290885993836606,1.6990501579348147,0.3574353973694499,4.283656776556991,3.818138760653718,2.8534114082056243,1.4106916323081893
-0.5189883007008872,2,-0.4078629802614885,1,-0.5226992756126463,1.063221755033766,4,0.9528714549794383,-0.6391038496091666,0,-1.5483653109212498,1.792164480848073,-0.932273603340525,6,1.152834072528232,1,-0.6524045189317388,0.6292554235738649,0.14004405698357952,0,0.47940434054294323,-0.4292901468837605,1.2111762779623128,1.383139165592895,-0.6553111850858345,0.15731945906803824,0.3574353973694499,-0.6456433009709989,-0.6113636082013505,-0.6761095304583609,-0.5750835929245423
0.24188644397759934,0,1.6904980461167354,1,1.9311703775628912,-0.8633557240412861,1,0.6071013082618701,0.279705596772716,1,0.2115980087147386,0.389912032759361,0.8813802552673452,0,0.24111055585492935,1,0.9640928241722151,-1.529023529231207,0.14004405698357952,0,1.570942587355143,2.3294268625987633,-0.6398221663309683,0.21880726957482452,0.2407887610315393,-0.61354589036535,0.3574353973694499,-0.15271329321819993,-0.05767581209446695,-0.6761095304583609,0.2759629321751998
1.6549395412376458,0,-0.5286851780200466,2,2.421944308197999,1.063221755033766,1,1.6312395523491432,-1.557913295991049,1,-1.303925960971807,0.389912032759361,-0.932273603340525,8,1.152834072528232,0,-0.6162840472798365,0.77071038298231,-0.2596933483870263,0,-0.06636478286315664,-0.4292901468837605,-0.6398221663309683,1.383139165592895,0.6248315950818424,0.15731945906803824,-1.0820989427212115,0.34021671453459906,1.0496997801193,-0.6761095304583609,-1.142447942991037
-0.5189883007008872,1,-0.5286851780200466,1,0.09076813768123806,0.0999330154962399,1,1.1389287244036534,-1.557913295991049,1,-0.5217200411335899,0.389912032759361,-0.932273603340525,6,0.24111055585492935,1,-0.6266952420500906,0.4289664611477779,1.339256273095397,0,-0.6121339062692566,-0.4292901468837605,-1.565321388477609,0.21880726957482452,-0.14325407301876378,0.15731945906803824,-1.0820989427212115,-0.31702329580246624,-0.6113636082013505,-0.3552439905798167,-0.2914014178912949
-0.30159551650703387,1,-0.24019135888226492,1,0.8269290336338992,1.063221755033766,1,-0.3133058918101325,0.279705596772716,0,1.629346238421507,-1.012340415329351,-0.932273603340525,6,1.152834072528232,2,-0.8136718011893492,-0.8453949343587516,-0.6594307537576322,0,0.2065197788398933,-0.4292901468837605,0.2856770558156722,-0.9455246264432461,-0.6553111850858345,0.15731945906803824,0.3574353973694499,-0.31702329580246624,-0.6113636082013505,-0.3552439905798167,-0.2914014178912949
-0.6276846927978138,2,-1.625947994398789,1,0.3361551029987918,-1.8266444635788122,3,-1.2880484006520387,0.279705596772716,0,1.3849068884720641,0.389912032759361,-0.932273603340525,6,1.152834072528232,1,-0.5213084541715994,-1.0314680252422983,2.1387310838366087,1,2.1167117107612428,2.3294268625987633,0.2856770558156722,0.21880726957482452,-0.5272969070690668,-2.1552765892321264,0.3574353973694499,-0.48133329838673256,-0.6113636082013505,-0.6761095304583609,-0.5750835929245423
-2.04073779005786,2,0.031042146290008437,2,0.09076813768123806,0.0999330154962399,3,-1.016371856802521,1.1985150431545986,0,0.11382226873496147,-1.012340415329351,-0.932273603340525,8,0.24111055585492935,2,-1.1011482608659593,-0.645809727949622,-0.6594307537576322,0,-0.8850184679723064,-0.4292901468837605,-1.565321388477609,-0.9455246264432461,-1.4233968531864407,-0.61354589036535,0.3574353973694499,-1.138573308723798,-1.165051404308234,-0.6761095304583609,-1.142447942991037
-1.7146486137670802,2,1.3403602485307098,2,1.5630899295865606,-1.8266444635788122,5,-0.591568533692366,0.279705596772716,1,-0.8639351310628098,0.389912032759361,-0.932273603340525,8,0.24111055585492935,2,-0.6237206149728752,1.4260479859730766,-0.6594307537576322,0,-1.1579030296753563,-0.4292901468837605,0.2856770558156722,-0.9455246264432461,-1.0393540191361377,-0.61354589036535,0.3574353973694499,-0.6456433009709989,-0.6113636082013505,-0.3552439905798167,-0.5750835929245423
-0.08420273231318058,2,-0.9108778443991591,1,-0.890779723588977,1.063221755033766,4,1.3480373369423733,1.1985150431545986,0,0.3093737486945157,0.389912032759361,-0.02544667403658987,6,-0.6706129608183733,1,0.12312325477086793,0.7404488742531401,0.5397814623541853,1,1.843827149058193,2.3294268625987633,1.2111762779623128,0.21880726957482452,0.49681731706507465,-0.61354589036535,0.3574353973694499,-0.9742633061395315,-1.165051404308234,-0.6761095304583609,-1.142447942991037
-1.3885594374763002,2,-0.7234801499164975,1,2.421944308197999,-1.8266444635788122,3,1.1471613469445479,-0.6391038496091666,1,1.18935540851251,0.389912032759361,-0.932273603340525,2,-1.582336477491676,0,-0.525982868150081,-1.5046735710444799,-0.6594307537576322,0,-0.6121339062692566,-0.4292901468837605,-0.6398221663309683,2.5474710616109655,-0.6553111850858345,-0.61354589036535,1.7969697374601115,-0.15271329321819993,-0.6113636082013505,-0.3552439905798167,-0.5750835929245423
-0.30159551650703387,2,-0.2993695781925791,1,1.19500948161023,0.0999330154962399,1,1.1076447587482545,-0.6391038496091666,0,-1.5483653109212498,-1.012340415329351,-0.932273603340525,6,1.152834072528232,1,-0.7337818168298479,0.8481235448476282,-0.6594307537576322,0,-0.8850184679723064,-0.4292901468837605,-0.6398221663309683,-0.9455246264432461,-0.14325407301876378,0.15731945906803824,0.3574353973694499,0.5045267171188654,1.3265436781727418,1.890814788569992,0.8433272822416945
-1.2798630453793736,2,0.026110628014148922,2,-0.15461882763631568,0.0999330154962399,1,-0.5290006023815679,1.1985150431545986,1,-0.47283217114370135,1.792164480848073,-0.02544667403658987,7,-0.6706129608183733,1,-0.32540801380069445,0.19222293704329563,-1.0591681591282378,0,1.843827149058193,2.3294268625987633,0.2856770558156722,0.21880726957482452,-0.9113397411193699,0.9281848085014265,0.3574353973694499,-0.6456433009709989,-0.6113636082013505,-0.3552439905798167,-0.5750835929245423
-0.9537738690885937,2,1.5376209795650906,1,-1.0134732062477538,0.0999330154962399,1,0.7865724796533698,-1.557913295991049,1,0.2604858787046272,-1.012340415329351,-0.932273603340525,6,0.24111055585492935,0,-1.0240204302210152,-0.25086185123310756,-0.6594307537576322,0,-0.3392493445662066,-0.4292901468837605,1.2111762779623128,0.21880726957482452,-1.295382575169673,-0.61354589036535,-2.521633282811873,-0.9742633061395315,-1.165051404308234,-0.6761095304583609,-1.142447942991037
-1.3885594374763002,2,0.058165496807235775,1,0.9496225162926761,-0.8633557240412861,4,-0.6343781709050171,1.1985150431545986,1,1.3360190184821756,-1.012340415329351,-0.932273603340525,2,-0.6706129608183733,1,-0.9041854536817631,-0.7336384788659103,-0.6594307537576322,0,1.570942587355143,2.3294268625987633,1.2111762779623128,0.21880726957482452,-1.295382575169673,-0.61354589036535,0.3574353973694499,-0.9742633061395315,-1.165051404308234,-0.6761095304583609,-1.142447942991037
2.3071178938192056,2,0.8521399392206178,1,-0.031925344977538815,0.0999330154962399,3,-1.3407371849137635,-0.6391038496091666,0,0.40714948867429285,-1.012340415329351,-0.932273603340525,6,-0.6706129608183733,1,-0.6451804246013583,-0.34333539186131495,0.5397814623541853,1,1.298058025652093,2.3294268625987633,-0.6398221663309683,0.21880726957482452,-0.2712683510355315,0.15731945906803824,-1.0820989427212115,-0.9742633061395315,-1.165051404308234,-0.6761095304583609,-1.142447942991037
-0.5189883007008872,2,-1.1475907216404158,1,-0.5226992756126463,-0.8633557240412861,1,-1.6585164149922904,-1.557913295991049,1,0.6515888386237357,1.792164480848073,-0.932273603340525,6,-0.6706129608183733,0,-0.6553791460089542,0.10425343492361583,-1.0591681591282378,1,-0.8850184679723064,-0.4292901468837605,1.2111762779623128,1.383139165592895,-0.5272969070690668,1.6990501579348147,-1.0820989427212115,-0.15271329321819993,-0.6113636082013505,-0.6761095304583609,0.2759629321751998
-0.845077476991667,1,-0.9601930271577542,1,-0.890779723588977,-1.8266444635788122,1,0.7980981512106221,1.1985150431545986,0,1.4826826284518413,0.389912032759361,-0.932273603340525,2,-0.6706129608183733,1,-0.6804510028026275,-1.3574478122969837,-1.0591681591282378,0,-0.6121339062692566,-0.4292901468837605,0.2856770558156722,2.5474710616109655,-0.9113397411193699,0.15731945906803824,0.3574353973694499,-0.6456433009709989,-0.6113636082013505,-0.6761095304583609,-0.5750835929245423
-0.845077476991667,2,1.4710454828409871,2,0.09076813768123806,0.0999330154962399,1,-0.45984657303805426,0.279705596772716,1,1.5804583684316185,0.389912032759361,-0.932273603340525,8,0.24111055585492935,2,-0.7947616719127651,-1.6267048643848996,-0.6594307537576322,0,-1.1579030296753563,-0.4292901468837605,0.2856770558156722,-0.9455246264432461,-1.295382575169673,2.469915507368203,0.3574353973694499,-0.9742633061395315,-1.165051404308234,-0.6761095304583609,-1.142447942991037
0.7853684044622325,2,-0.341287483537385,1,-0.031925344977538815,-0.8633557240412861,1,-0.18981655369671535,-0.6391038496091666,1,-0.27728069118414705,0.389912032759361,-0.932273603340525,6,-1.582336477491676,1,-0.8123969610133998,-0.9577143946651587,-0.6594307537576322,1,-0.6121339062692566,-0.4292901468837605,1.2111762779623128,-0.9455246264432461,-0.39928262905229917,-2.1552765892321264,0.3574353973694499,0.17590671195033272,0.7728558820658583,1.569949248691448,-0.8587657679577896
-1.497255829573227,2,1.2836477883583255,1,-0.15461882763631568,-1.8266444635788122,3,1.0796538421092132,1.1985150431545986,1,1.2871311484922872,-1.012340415329351,-0.932273603340525,2,0.24111055585492935,2,-0.5085600524121046,0.8830298432887171,-0.6594307537576322,1,-1.1579030296753563,-0.4292901468837605,-1.565321388477609,-0.9455246264432461,-0.7833254631026022,-0.61354589036535,0.3574353973694499,-0.31702329580246624,-0.05767581209446695,-0.3552439905798167,-0.5750835929245423
-0.08420273231318058,2,-1.1599195173300647,2,0.8269290336338992,1.063221755033766,2,0.6713157640808471,0.279705596772716,0,1.53157049844173,-1.012340415329351,-0.02544667403658987,7,-1.582336477491676,1,-0.15627921712472873,-0.11517769116371346,0.5397814623541853,0,-0.6121339062692566,-0.4292901468837605,-1.565321388477609,1.383139165592895,-0.0152397950019961,0.15731945906803824,-1.0820989427212115,-0.6456433009709989,-0.6113636082013505,-0.6761095304583609,-0.5750835929245423
1.0027611886560859,2,-0.20320497181331856,1,0.4588485856575687,1.063221755033766,1,1.1504543959609057,0.279705596772716,1,-1.5972531809111383,0.389912032759361,-0.02544667403658987,0,-0.6706129608183733,2,-0.17433945295067985,-0.6496100104411922,1.339256273095397,0,-0.3392493445662066,-0.4292901468837605,1.2111762779623128,-0.9455246264432461,1.0088744291321454,0.15731945906803824,0.3574353973694499,0.5045267171188654,0.7728558820658583,-0.6761095304583609,1.4106916323081893
0.350582836074526,2,-0.6815622445716916,1,-0.890779723588977,0.0999330154962399,1,0.5231285583447465,0.279705596772716,1,1.53157049844173,0.389912032759361,-0.02544667403658987,6,1.152834072528232,2,-0.36577795270576163,1.1460938424274076,-0.6594307537576322,0,-0.6121339062692566,-0.4292901468837605,0.2856770558156722,-0.9455246264432461,-0.2712683510355315,0.9281848085014265,0.3574353973694499,0.34021671453459906,1.0496997801193,1.890814788569992,1.1270094572749418
-0.6276846927978138,0,0.4354266449104887,1,-0.7680862409302001,-0.8633557240412861,3,1.5143363122684417,0.279705596772716,1,-0.9128230010526984,0.389912032759361,-0.932273603340525,6,-1.582336477491676,0,-0.704885439508326,-1.452173372179455,-0.6594307537576322,1,-0.6121339062692566,-0.4292901468837605,1.2111762779623128,0.21880726957482452,-0.9113397411193699,0.15731945906803824,1.7969697374601115,-0.48133329838673256,-0.6113636082013505,-0.03437845070127261,-0.2914014178912949
1.9810287175284256,2,-1.6086876804332806,1,1.3177029642690068,-0.8633557240412861,5,-1.0525953959824568,-0.6391038496091666,1,-1.4505895709414727,0.389912032759361,-0.02544667403658987,2,1.152834072528232,1,-0.20557303726144235,0.233603790840393,0.14004405698357952,1,1.025173463949043,-0.4292901468837605,1.2111762779623128,0.21880726957482452,0.1127744830147716,0.9281848085014265,0.3574353973694499,0.5045267171188654,0.7728558820658583,-0.6761095304583609,1.1270094572749418
-1.171166653282447,2,1.308305379737623,1,1.4403964469277837,0.0999330154962399,3,0.12960920088999042,-1.557913295991049,1,-1.4505895709414727,0.389912032759361,-0.932273603340525,2,0.24111055585492935,0,-0.851067113017201,0.7122986335748426,-0.6594307537576322,0,1.298058025652093,2.3294268625987633,0.2856770558156722,0.21880726957482452,-1.295382575169673,-2.1552765892321264,-1.0820989427212115,-0.9742633061395315,-0.8882075062547923,-0.6761095304583609,-1.142447942991037
2.4158142859161322,2,-1.6210164761229293,1,-0.7680862409302001,0.0999330154962399,1,-1.1843173566367684,0.279705596772716,1,0.16271013872485005,-1.012340415329351,-0.932273603340525,6,1.152834072528232,1,-0.8935617855488507,-0.8242822538500284,0.14004405698357952,0,0.47940434054294323,-0.4292901468837605,-1.565321388477609,0.21880726957482452,-0.5272969070690668,2.469915507368203,0.3574353973694499,-0.9742633061395315,-1.165051404308234,-0.6761095304583609,-1.142447942991037
-0.5189883007008872,1,0.8028247564620227,1,0.8269290336338992,-1.8266444635788122,1,-1.6387581208941435,-0.6391038496091666,0,0.2604858787046272,-2.414592863418063,-0.932273603340525,6,-1.582336477491676,2,-0.5234331877981819,-1.3556180466528944,-0.6594307537576322,1,1.843827149058193,2.3294268625987633,-0.6398221663309683,-0.9455246264432461,-0.14325407301876378,1.6990501579348147,0.3574353973694499,0.5045267171188654,-0.6113636082013505,1.2490837088129039,0.8433272822416945
-0.7363810848947404,2,-0.952795749743965,2,-0.27731231029509257,-1.8266444635788122,2,-0.7298765923793932,1.1985150431545986,1,-0.47283217114370135,0.389912032759361,-0.932273603340525,8,-0.6706129608183733,2,-0.7223082552463025,0.5750662102681421,-1.0591681591282378,0,-0.3392493445662066,-0.4292901468837605,-1.565321388477609,-0.9455246264432461,-0.9113397411193699,0.15731945906803824,0.3574353973694499,-0.6456433009709989,-0.6113636082013505,-0.3552439905798167,-0.5750835929245423
-0.5189883007008872,2,-1.3941666354333917,2,-1.0134732062477538,1.063221755033766,3,1.6213604053000699,-0.6391038496091666,1,0.06493439874507291,-1.012340415329351,-0.932273603340525,8,-0.6706129608183733,1,-0.8740142361842919,0.5224252601997257,-1.0591681591282378,0,-0.3392493445662066,-0.4292901468837605,-0.6398221663309683,0.21880726957482452,-1.0393540191361377,-0.61354589036535,0.3574353973694499,-0.8099533035552652,-0.6113636082013505,-0.03437845070127261,-0.5750835929245423
-0.845077476991667,2,0.2381659138761081,1,1.072315998951453,-1.8266444635788122,3,-1.174438209587695,0.279705596772716,1,0.9449160585630672,-1.012340415329351,-0.932273603340525,6,1.152834072528232,2,-0.848517432665302,0.09130432421159897,-0.6594307537576322,1,-0.6121339062692566,-0.4292901468837605,0.2856770558156722,-0.9455246264432461,-0.9113397411193699,0.15731945906803824,-1.0820989427212115,-0.48133329838673256,-0.3345197101479087,-0.6761095304583609,-0.8587657679577896
-0.19289912441010723,2,0.22337135904852956,2,-0.890779723588977,0.0999330154962399,2,-1.6124137287632812,1.1985150431545986,0,1.4826826284518413,0.389912032759361,-0.932273603340525,8,1.152834072528232,1,-0.9281949436621452,-0.651017522475107,-0.6594307537576322,0,-0.6121339062692566,-0.4292901468837605,-1.565321388477609,-0.9455246264432461,-1.1673682971529054,0.15731945906803824,0.3574353973694499,-0.8099533035552652,-0.6113636082013505,-0.03437845070127261,-0.5750835929245423
1.6549395412376458,2,-1.3152623430196393,2,-0.890779723588977,-1.8266444635788122,2,0.015999009825646615,-1.557913295991049,0,-0.47283217114370135,-2.414592863418063,2.6950341138752156,3,1.152834072528232,1,2.860417585897082,1.6233811731279424,-0.6594307537576322,0,-0.06636478286315664,-0.4292901468837605,1.2111762779623128,0.21880726957482452,2.801074321366893,0.15731945906803824,0.3574353973694499,4.119346773972724,2.710763168439951,1.2490837088129039,1.4106916323081893
0.350582836074526,2,0.2381659138761081,1,-0.890779723588977,0.0999330154962399,3,0.7338836953916451,0.279705596772716,1,0.06493439874507291,0.389912032759361,-0.932273603340525,6,0.24111055585492935,0,-0.8578662606222649,-0.8821309984439298,-0.2596933483870263,0,-0.3392493445662066,-0.4292901468837605,0.2856770558156722,0.21880726957482452,-0.39928262905229917,0.15731945906803824,1.7969697374601115,-0.6456433009709989,-0.8882075062547923,-0.3552439905798167,-0.5750835929245423
-0.5189883007008872,0,1.6633746955995081,2,0.21346162034001492,1.063221755033766,4,-0.6541364650031639,1.1985150431545986,1,-0.32616856117403564,1.792164480848073,-0.02544667403658987,7,0.24111055585492935,1,-0.3560041780234822,1.351449848175588,2.1387310838366087,0,-0.8850184679723064,-0.4292901468837605,1.2111762779623128,-0.9455246264432461,-0.6553111850858345,-0.61354589036535,0.3574353973694499,-0.48133329838673256,-0.6113636082013505,-0.3552439905798167,-0.5750835929245423
-0.41029190860396053,0,1.1924147002549244,2,-0.890779723588977,0.0999330154962399,2,1.1982036066980937,1.1985150431545986,0,-0.2283928211942585,0.389912032759361,-0.02544667403658987,7,-0.6706129608183733,2,-0.2625158984538529,-0.5088588070497045,2.1387310838366087,0,-0.06636478286315664,-0.4292901468837605,1.2111762779623128,-0.9455246264432461,0.2407887610315393,-0.61354589036535,-1.0820989427212115,0.6688367197031317,0.7728558820658583,-0.3552439905798167,0.8433272822416945
0.5679756202683792,2,-1.2314265323300275,1,-0.890779723588977,0.0999330154962399,1,1.65099784644729,-1.557913295991049,1,-0.5217200411335899,0.389912032759361,2.6950341138752156,3,0.24111055585492935,1,2.6553807909318725,0.4222104033849865,0.9395188677247911,0,-1.1579030296753563,-0.4292901468837605,-1.565321388477609,-0.9455246264432461,1.6489458192159838,-0.61354589036535,-1.0820989427212115,2.476246748130061,0.4960119840124166,0.6073526290558157,2.829102507474426
-0.08420273231318058,2,0.34172779766915795,1,-0.890779723588977,1.063221755033766,3,-0.11572295082866504,0.279705596772716,1,0.6027009686338471,0.389912032759361,-0.932273603340525,2,0.24111055585492935,2,-0.8208958955197297,-0.28506439365723907,0.5397814623541853,0,1.570942587355143,2.3294268625987633,0.2856770558156722,-0.9455246264432461,0.6248315950818424,2.469915507368203,0.3574353973694499,0.6688367197031317,1.0496997801193,0.2864870891772715,1.4106916323081893
1.220153972849939,1,-1.6826604545711732,1,1.5630899295865606,0.0999330154962399,3,1.4353031358758548,1.1985150431545986,0,-0.42394430115381276,0.389912032759361,1.7882071845712804,3,1.152834072528232,0,2.2929012342369006,-1.6714637470633926,0.14004405698357952,0,-1.1579030296753563,-0.4292901468837605,-0.6398221663309683,0.21880726957482452,1.6489458192159838,0.15731945906803824,0.3574353973694499,2.476246748130061,3.5412948626002763,0.6073526290558157,0.8433272822416945
1.3288503649468657,2,1.5252921838754416,1,-1.0134732062477538,0.0999330154962399,5,-0.23262619090936665,0.279705596772716,0,-1.4994774409313611,0.389912032759361,-0.932273603340525,6,-1.582336477491676,1,-0.5954616577393281,-0.5289862291346872,-0.2596933483870263,0,0.2065197788398933,-0.4292901468837605,-0.6398221663309683,0.21880726957482452,-0.5272969070690668,-0.61354589036535,0.3574353973694499,-0.48133329838673256,-0.6113636082013505,-0.6761095304583609,-0.5750835929245423
0.6766720123653059,2,-1.369509044054094,0,-0.890779723588977,0.0999330154962399,1,1.2344271458780294,-0.6391038496091666,1,1.4826826284518413,0.389912032759361,-0.932273603340525,1,1.152834072528232,2,-0.6041730656083164,-1.3060736230590906,-1.0591681591282378,0,-0.6121339062692566,-0.4292901468837605,-0.6398221663309683,-0.9455246264432461,-0.14325407301876378,1.6990501579348147,0.3574353973694499,0.34021671453459906,0.7728558820658583,-0.3552439905798167,1.1270094572749418
0.024493659783746062,2,-0.3166298921580874,1,1.19500948161023,0.0999330154962399,1,0.9923880431757318,0.279705596772716,1,0.8960281885731786,0.389912032759361,-0.02544667403658987,4,0.24111055585492935,1,-0.13056994024308066,1.714447201722235,0.14004405698357952,0,0.47940434054294323,-0.4292901468837605,-1.565321388477609,2.5474710616109655,-0.2712683510355315,-0.61354589036535,-1.0820989427212115,-0.48133329838673256,-0.3345197101479087,-0.6761095304583609,-0.5750835929245423
0.8940647965591592,2,0.5069336599104517,1,2.299250825539222,-0.8633557240412861,5,1.1372821998954745,1.1985150431545986,0,-0.9128230010526984,-1.012340415329351,1.7882071845712804,5,-0.6706129608183733,2,2.193038753787524,0.3950454211304294,-0.6594307537576322,0,-1.1579030296753563,-0.4292901468837605,0.2856770558156722,-0.9455246264432461,1.2649029851656808,-0.61354589036535,0.3574353973694499,2.311936745545795,0.4960119840124166,1.890814788569992,0.5596451072084472
1.9810287175284256,2,0.09022036560032262,1,-0.890779723588977,1.063221755033766,5,1.3908469741550245,-0.6391038496091666,1,1.53157049844173,-1.012340415329351,-0.932273603340525,6,1.152834072528232,1,-0.7905122046596003,-0.8919835826813339,2.1387310838366087,0,1.298058025652093,2.3294268625987633,-0.6398221663309683,0.21880726957482452,1.0088744291321454,-0.61354589036535,1.7969697374601115,-0.31702329580246624,-0.6113636082013505,-0.6761095304583609,-0.007719242858047555
-0.9537738690885937,1,0.5167966964621707,1,-1.0134732062477538,0.0999330154962399,3,0.13619529892270602,-1.557913295991049,1,-1.0594866110223642,-1.012340415329351,-0.932273603340525,2,-0.6706129608183733,0,-0.8045354465950446,-1.0066958134453965,-0.6594307537576322,0,-0.06636478286315664,-0.4292901468837605,-1.565321388477609,1.383139165592895,-1.295382575169673,-0.61354589036535,0.3574353973694499,-0.9742633061395315,-1.165051404308234,-0.6761095304583609,-1.142447942991037
-1.6059522216701536,2,1.125839203530821,1,1.19500948161023,-1.8266444635788122,3,-1.3357976113892267,0.279705596772716,1,0.6515888386237357,0.389912032759361,-0.932273603340525,6,1.152834072528232,1,-0.8625406746007465,-0.32658599865772797,-0.6594307537576322,0,2.389596272464293,2.3294268625987633,-1.565321388477609,1.383139165592895,-1.1673682971529054,2.469915507368203,0.3574353973694499,-0.8099533035552652,-0.6113636082013505,-0.03437845070127261,-0.5750835929245423
2.0897251096253524,2,-1.4632078912954247,0,-0.15461882763631568,1.063221755033766,1,0.5099563622793153,1.1985150431545986,1,1.5804583684316185,0.389912032759361,2.6950341138752156,3,-0.6706129608183733,2,2.833220995476826,-1.4483730896878848,1.339256273095397,0,-0.3392493445662066,-0.4292901468837605,-1.565321388477609,-0.9455246264432461,3.185117155417196,0.9281848085014265,0.3574353973694499,0.011596709366066407,-0.3345197101479087,1.569949248691448,0.8433272822416945
-0.19289912441010723,1,0.19871376766923196,2,0.3361551029987918,1.063221755033766,4,1.051662925470172,1.1985150431545986,1,-1.4994774409313611,0.389912032759361,-0.02544667403658987,7,1.152834072528232,2,-0.3827758217184215,-0.5486913976094955,0.14004405698357952,1,2.389596272464293,2.3294268625987633,-1.565321388477609,-0.9455246264432461,0.2407887610315393,-0.61354589036535,1.7969697374601115,0.6688367197031317,1.3265436781727418,1.2490837088129039,0.8433272822416945
1.3288503649468657,2,-1.5421121837091771,2,-0.15461882763631568,1.063221755033766,5,0.18065146064353618,1.1985150431545986,1,-0.5217200411335899,-1.012340415329351,1.7882071845712804,7,-0.6706129608183733,1,1.4315342220203615,-0.34249088464096605,1.339256273095397,0,0.47940434054294323,-0.4292901468837605,-0.6398221663309683,0.21880726957482452,1.3929172631824485,0.15731945906803824,0.3574353973694499,0.34021671453459906,1.0496997801193,-0.03437845070127261,-0.2914014178912949
-1.3885594374763002,1,0.24063167301403784,0,0.09076813768123806,0.0999330154962399,3,1.1817383616163049,-1.557913295991049,1,-0.3750564311639242,0.389912032759361,-0.932273603340525,1,1.152834072528232,1,-0.9003609331539146,-1.7193191562164984,-1.0591681591282378,0,-0.3392493445662066,-0.4292901468837605,1.2111762779623128,0.21880726957482452,-1.0393540191361377,-0.61354589036535,0.3574353973694499,-0.8099533035552652,-0.6113636082013505,-0.03437845070127261,-0.8587657679577896
1.0027611886560859,2,-1.6012904030194912,1,-0.890779723588977,1.063221755033766,5,0.3288386663796368,1.1985150431545986,1,-0.32616856117403564,0.389912032759361,-0.02544667403658987,4,1.152834072528232,0,0.2117246469993575,0.4392412989953565,-0.2596933483870263,0,-1.1579030296753563,-0.4292901468837605,0.2856770558156722,0.21880726957482452,0.1127744830147716,0.15731945906803824,-1.0820989427212115,-0.15271329321819993,-0.3345197101479087,-0.3552439905798167,-0.007719242858047555
0.8940647965591592,2,1.6017307171512642,2,-0.890779723588977,0.0999330154962399,2,0.4095183672804027,-1.557913295991049,0,1.3360190184821756,-2.414592863418063,2.6950341138752156,3,-0.6706129608183733,2,2.6434822826230104,-1.6635816796734695,-0.2596933483870263,1,0.2065197788398933,-0.4292901468837605,-1.565321388477609,-0.9455246264432461,1.9049743752495192,-0.61354589036535,0.3574353973694499,2.804866753298594,1.6033875762261836,-0.3552439905798167,1.978055982374684
1.7636359333345724,2,1.5696758483581774,2,-0.40000579295386945,-0.8633557240412861,2,-1.3555559054873736,-0.6391038496091666,1,-1.5972531809111383,0.389912032759361,-0.02544667403658987,8,0.24111055585492935,1,-0.8661527217659366,0.2441601310947546,-0.2596933483870263,1,1.298058025652093,2.3294268625987633,1.2111762779623128,0.21880726957482452,0.2407887610315393,0.15731945906803824,-2.521633282811873,0.011596709366066407,0.7728558820658583,0.6073526290558157,0.2759629321751998
0.8940647965591592,2,-0.6001921930200096,1,1.9311703775628912,-0.8633557240412861,1,1.415544841777708,-0.6391038496091666,0,1.2871311484922872,-1.012340415329351,-0.02544667403658987,4,1.152834072528232,1,-0.1012486161962424,1.3477903168874095,-1.0591681591282378,0,-0.6121339062692566,-0.4292901468837605,1.2111762779623128,1.383139165592895,-0.14325407301876378,-0.61354589036535,-1.0820989427212115,0.34021671453459906,1.0496997801193,0.2864870891772715,1.1270094572749418
-0.41029190860396053,1,1.2244695690480112,1,-0.40000579295386945,0.0999330154962399,1,-0.5536984700042513,0.279705596772716,1,-1.7928046608706927,0.389912032759361,-0.02544667403658987,0,1.152834072528232,0,0.28524043047911146,-1.2635667596348614,0.14004405698357952,0,2.1167117107612428,2.3294268625987633,0.2856770558156722,0.21880726957482452,0.49681731706507465,-0.61354589036535,-2.521633282811873,0.9974567248716644,1.8802314742796253,0.6073526290558157,0.8433272822416945
1.0027611886560859,2,-0.5829318790545013,2,-1.0134732062477538,1.063221755033766,1,0.9446388324385437,1.1985150431545986,1,-0.5217200411335899,1.792164480848073,1.7882071845712804,3,-1.582336477491676,2,2.376403265761592,-1.570263631824913,-0.6594307537576322,0,-0.06636478286315664,-0.4292901468837605,-0.6398221663309683,-0.9455246264432461,2.032988653266287,1.6990501579348147,-2.521633282811873,3.1334867584671264,-1.165051404308234,-0.6761095304583609,2.2617381574079314
-0.19289912441010723,2,1.4069357452548132,1,2.1765573428804452,1.063221755033766,1,1.1521009204690846,1.1985150431545986,1,-0.8639351310628098,0.389912032759361,-0.02544667403658987,4,0.24111055585492935,1,0.1063378591208663,-1.2894649810588952,-0.2596933483870263,0,0.2065197788398933,-0.4292901468837605,-0.6398221663309683,0.21880726957482452,0.7528458730986101,0.15731945906803824,0.3574353973694499,0.011596709366066407,0.7728558820658583,-0.6761095304583609,0.8433272822416945
-0.30159551650703387,2,-0.331424446985666,1,-0.40000579295386945,1.063221755033766,4,-1.4658730475353594,-1.557913295991049,0,-1.2550380909819183,0.389912032759361,-0.02544667403658987,6,0.24111055585492935,2,-0.3343318950323409,-0.257617908995899,-0.6594307537576322,0,-0.3392493445662066,-0.4292901468837605,0.2856770558156722,-0.9455246264432461,0.6248315950818424,0.15731945906803824,0.3574353973694499,1.4903867326244633,2.433919270386509,-0.03437845070127261,1.6943738073414365
-1.3885594374763002,0,0.7214547049103406,1,-0.031925344977538815,0.0999330154962399,1,-0.3561155290227838,0.279705596772716,1,-0.32616856117403564,-1.012340415329351,-0.932273603340525,2,-0.6706129608183733,0,-0.7837130570545363,1.7226107715189412,-0.6594307537576322,0,-1.1579030296753563,-0.4292901468837605,0.2856770558156722,2.5474710616109655,-1.295382575169673,0.9281848085014265,0.3574353973694499,-0.9742633061395315,-1.165051404308234,-0.6761095304583609,-1.142447942991037
-0.19289912441010723,2,-1.5149888331919497,1,1.6857834122453375,1.063221755033766,3,1.3134603222706165,-0.6391038496091666,1,1.18935540851251,-2.414592863418063,-0.932273603340525,2,0.24111055585492935,1,-0.7813758500652955,-0.6497507616445837,-1.0591681591282378,0,0.2065197788398933,-0.4292901468837605,-0.6398221663309683,0.21880726957482452,-0.6553111850858345,-0.61354589036535,1.7969697374601115,-0.31702329580246624,-0.05767581209446695,-0.6761095304583609,-0.2914014178912949
0.8940647965591592,0,-1.1426592033645564,2,2.0538638602216683,0.0999330154962399,2,0.9611040775203328,-1.557913295991049,1,-0.7172715210931442,-1.012340415329351,-0.02544667403658987,7,-1.582336477491676,1,-0.4244206007994382,1.3863561466166772,-0.6594307537576322,0,-0.06636478286315664,-0.4292901468837605,-1.565321388477609,0.21880726957482452,-0.14325407301876378,-0.61354589036535,0.3574353973694499,0.5045267171188654,0.7728558820658583,0.6073526290558157,0.2759629321751998
-0.19289912441010723,0,0.7337835005999894,1,0.21346162034001492,-0.8633557240412861,3,-1.5778367140915244,0.279705596772716,1,0.6027009686338471,-1.012340415329351,0.8813802552673452,0,-1.582336477491676,1,0.7439704204582698,-0.8459579391723174,-0.2596933483870263,1,-0.6121339062692566,-0.4292901468837605,0.2856770558156722,0.21880726957482452,-0.14325407301876378,0.15731945906803824,0.3574353973694499,-0.48133329838673256,-1.165051404308234,-0.03437845070127261,-0.2914014178912949
-0.19289912441010723,2,-0.33882172439945524,2,-1.0134732062477538,2.026510494571292,2,-1.3572024299955523,0.279705596772716,1,1.3360190184821756,0.389912032759361,0.8813802552673452,7,-0.6706129608183733,1,0.19387688453606464,-0.40442141413322064,-0.6594307537576322,0,-0.6121339062692566,-0.4292901468837605,-1.565321388477609,1.383139165592895,-0.14325407301876378,0.15731945906803824,0.3574353973694499,0.5045267171188654,1.0496997801193,-0.6761095304583609,0.5596451072084472
0.4592792281714526,2,-0.3807396297442611,2,-1.0134732062477538,0.0999330154962399,2,-0.8138493422965168,-0.6391038496091666,1,-0.8639351310628098,1.792164480848073,0.8813802552673452,7,-1.582336477491676,1,0.42696016337216314,0.7394636158293997,-0.6594307537576322,0,0.2065197788398933,-0.4292901468837605,0.2856770558156722,0.21880726957482452,-0.14325407301876378,-0.61354589036535,0.3574353973694499,0.5045267171188654,0.7728558820658583,-0.6761095304583609,0.8433272822416945
-0.41029190860396053,2,-0.7358089456061463,1,0.7042355509751225,-0.8633557240412861,3,1.6147743072673544,-0.6391038496091666,0,1.3849068884720641,0.389912032759361,-0.02544667403658987,0,1.152834072528232,1,-0.31967123300892175,1.0332113773074345,-1.0591681591282378,1,-0.6121339062692566,-0.4292901468837605,-1.565321388477609,0.21880726957482452,-0.14325407301876378,2.469915507368203,0.3574353973694499,0.34021671453459906,0.7728558820658583,1.890814788569992,-0.8587657679577896
-0.08420273231318058,1,-0.4053972211235587,1,1.072315998951453,-1.8266444635788122,3,-1.222187420324883,-0.6391038496091666,0,0.3093737486945157,0.389912032759361,-0.932273603340525,2,1.152834072528232,2,-0.8986611462526486,-0.9302679100038186,-0.6594307537576322,0,-0.6121339062692566,-0.4292901468837605,-1.565321388477609,-0.9455246264432461,-0.39928262905229917,-0.61354589036535,0.3574353973694499,0.17590671195033272,-0.8882075062547923,-0.3552439905798167,0.8433272822416945
-1.497255829573227,2,-0.5632058059510632,1,0.3361551029987918,-0.8633557240412861,4,1.5703181455465243,1.1985150431545986,1,0.5538130986439586,0.389912032759361,-0.932273603340525,2,1.152834072528232,2,-0.793699305099474,-0.09012397696002865,-0.6594307537576322,0,-0.6121339062692566,-0.4292901468837605,0.2856770558156722,-0.9455246264432461,-0.7833254631026022,2.469915507368203,1.7969697374601115,-0.31702329580246624,-0.6113636082013505,-0.3552439905798167,-0.007719242858047555
-0.845077476991667,2,1.4069357452548132,1,-0.7680862409302001,-1.8266444635788122,3,0.9182944403076815,-0.6391038496091666,1,0.9938039285529556,0.389912032759361,-0.932273603340525,2,-1.582336477491676,2,-0.35260460422095025,0.26752483085774154,-0.6594307537576322,1,0.7522889022459932,-0.4292901468837605,1.2111762779623128,-0.9455246264432461,-0.14325407301876378,0.15731945906803824,0.3574353973694499,0.5045267171188654,1.3265436781727418,-0.3552439905798167,0.2759629321751998
0.1331900518806727,1,-1.4385502999161273,1,1.6857834122453375,0.0999330154962399,1,-1.6733351355659003,1.1985150431545986,1,-1.1083744810122527,-1.012340415329351,0.8813802552673452,4,0.24111055585492935,2,0.6679049566266169,-0.7776936055274459,-1.0591681591282378,0,1.570942587355143,2.3294268625987633,-0.6398221663309683,-0.9455246264432461,-0.14325407301876378,-0.61354589036535,0.3574353973694499,0.34021671453459906,0.7728558820658583,-0.3552439905798167,1.1270094572749418
-0.6276846927978138,2,-1.522386110605739,1,-0.15461882763631568,2.026510494571292,1,0.6614366170317737,-1.557913295991049,0,1.2871311484922872,0.389912032759361,1.7882071845712804,5,-0.6706129608183733,2,2.133121265517898,-0.7692485333239567,0.14004405698357952,0,-1.1579030296753563,-0.4292901468837605,0.2856770558156722,-0.9455246264432461,-0.2712683510355315,0.15731945906803824,1.7969697374601115,-0.6456433009709989,-0.6113636082013505,-0.3552439905798167,-1.142447942991037
0.6766720123653059,1,1.5351552204271608,2,-0.890779723588977,1.063221755033766,1,1.3513303859587311,-1.557913295991049,1,1.2382432785023985,0.389912032759361,-0.02544667403658987,7,1.152834072528232,1,-0.15032996297029777,0.6944232307441237,-0.6594307537576322,0,1.298058025652093,2.3294268625987633,0.2856770558156722,0.21880726957482452,-0.5272969070690668,1.6990501579348147,0.3574353973694499,0.011596709366066407,0.7728558820658583,1.569949248691448,0.8433272822416945
-1.3885594374763002,1,-1.0317000421577172,1,-0.031925344977538815,0.0999330154962399,3,0.7668141855552231,-0.6391038496091666,1,1.0915796685327328,0.389912032759361,-0.932273603340525,2,-1.582336477491676,2,-0.6821507897038935,0.3780145255200594,-0.2596933483870263,1,-1.1579030296753563,-0.4292901468837605,0.2856770558156722,-0.9455246264432461,-0.9113397411193699,-0.61354589036535,-1.0820989427212115,-1.138573308723798,-1.165051404308234,-0.6761095304583609,-1.142447942991037
0.8940647965591592,2,-0.5878633973303607,2,-0.890779723588977,0.0999330154962399,4,-0.6952995777076363,1.1985150431545986,1,-0.27728069118414705,0.389912032759361,-0.02544667403658987,7,-0.6706129608183733,1,-0.33518178848297386,0.26245778753564797,-1.0591681591282378,0,1.025173463949043,-0.4292901468837605,-0.6398221663309683,0.21880726957482452,-0.2712683510355315,0.15731945906803824,1.7969697374601115,0.17590671195033272,0.7728558820658583,0.2864870891772715,0.8433272822416945
0.5679756202683792,2,0.2874810966347033,1,0.9496225162926761,-0.8633557240412861,1,-1.1217494253259703,1.1985150431545986,0,0.7493645786035128,1.792164480848073,-0.02544667403658987,6,-1.582336477491676,2,0.03452186254237834,1.2250552675300321,0.14004405698357952,1,-0.6121339062692566,-0.4292901468837605,0.2856770558156722,-0.9455246264432461,-0.14325407301876378,-1.3844112397987383,0.3574353973694499,-0.6456433009709989,-0.6113636082013505,-0.6761095304583609,-0.5750835929245423
-0.6276846927978138,2,0.6474819307724479,1,1.8084768949041143,0.0999330154962399,3,0.3683552545759303,0.279705596772716,0,1.4337947584619528,-1.012340415329351,-0.02544667403658987,0,-1.582336477491676,2,0.09125225037213067,0.4061647661983569,-0.6594307537576322,0,1.025173463949043,-0.4292901468837605,-0.6398221663309683,-0.9455246264432461,-0.14325407301876378,-0.61354589036535,0.3574353973694499,0.5045267171188654,1.3265436781727418,-0.3552439905798167,1.1270094572749418
-0.9537738690885937,2,0.940907268186089,1,-1.0134732062477538,0.0999330154962399,1,1.2690041605497862,0.279705596772716,1,0.7493645786035128,0.389912032759361,-0.932273603340525,6,1.152834072528232,1,-0.9218207427823977,-1.2359795237701299,-0.6594307537576322,0,-1.1579030296753563,-0.4292901468837605,0.2856770558156722,0.21880726957482452,-0.7833254631026022,2.469915507368203,1.7969697374601115,-0.31702329580246624,-0.3345197101479087,-0.6761095304583609,-0.2914014178912949
-0.5189883007008872,1,-1.685126213709103,1,0.4588485856575687,0.0999330154962399,4,0.33871781342871016,0.279705596772716,0,0.50492522865407,-1.012340415329351,-0.932273603340525,2,-0.6706129608183733,1,-0.7733018622842821,-0.9826273576654521,-0.6594307537576322,0,1.298058025652093,2.3294268625987633,0.2856770558156722,0.21880726957482452,-1.1673682971529054,-0.61354589036535,0.3574353973694499,-0.8099533035552652,-0.6113636082013505,-0.03437845070127261,-0.5750835929245423
-1.171166653282447,2,-1.584030089053983,1,-1.0134732062477538,0.0999330154962399,3,1.5209224103011574,0.279705596772716,1,1.3849068884720641,0.389912032759361,-0.932273603340525,2,-1.582336477491676,2,-0.7469551653146593,0.8013941453216543,-1.0591681591282378,0,-0.6121339062692566,-0.4292901468837605,1.2111762779623128,-0.9455246264432461,-0.39928262905229917,2.469915507368203,-1.0820989427212115,0.011596709366066407,0.7728558820658583,1.569949248691448,0.5596451072084472
-0.7363810848947404,1,0.52419397387596,1,-0.5226992756126463,1.063221755033766,1,-0.27543582812201794,-0.6391038496091666,1,0.40714948867429285,-1.012340415329351,-0.932273603340525,6,1.152834072528232,0,-0.5570039790981852,-1.680471824080448,2.5384684892072147,0,-0.8850184679723064,-0.4292901468837605,-0.6398221663309683,0.21880726957482452,-0.14325407301876378,0.15731945906803824,-1.0820989427212115,-0.31702329580246624,-0.05767581209446695,-0.6761095304583609,-0.2914014178912949
-1.497255829573227,2,1.256524437841098,1,2.0538638602216683,-1.8266444635788122,1,-0.9274595333608606,0.279705596772716,1,0.7982524485934014,0.389912032759361,-0.932273603340525,6,1.152834072528232,0,-0.7390936508963041,0.2504939352473715,-0.6594307537576322,0,-0.8850184679723064,-0.4292901468837605,0.2856770558156722,1.383139165592895,-0.9113397411193699,-0.61354589036535,-1.0820989427212115,-0.48133329838673256,-0.6113636082013505,-0.6761095304583609,-0.5750835929245423
0.1331900518806727,2,0.08282308818653335,1,1.072315998951453,0.0999330154962399,3,1.2146688517798827,-0.6391038496091666,1,-0.32616856117403564,-2.414592863418063,-0.02544667403658987,0,1.152834072528232,1,-0.12143358564877599,1.439419350295268,0.14004405698357952,1,0.2065197788398933,-0.4292901468837605,0.2856770558156722,0.21880726957482452,0.49681731706507465,-0.61354589036535,0.3574353973694499,-0.9742633061395315,-1.165051404308234,-0.3552439905798167,-1.142447942991037
-0.5189883007008872,2,-1.655537104053946,1,-0.890779723588977,-1.8266444635788122,5,-1.0970515577032869,1.1985150431545986,1,0.84714031858329,-1.012340415329351,-0.02544667403658987,2,-1.582336477491676,2,-0.893774258911509,0.7635320716093441,0.5397814623541853,0,-0.6121339062692566,-0.4292901468837605,1.2111762779623128,-0.9455246264432461,-0.2712683510355315,1.6990501579348147,0.3574353973694499,-0.15271329321819993,-0.6113636082013505,-0.6761095304583609,-0.007719242858047555
0.350582836074526,1,1.4685797237030573,1,2.0538638602216683,0.0999330154962399,3,-1.3604954790119101,-0.6391038496091666,0,-0.619495781113367,0.389912032759361,-0.02544667403658987,6,-0.6706129608183733,0,-0.16520309835637517,-0.817526196087237,-0.6594307537576322,0,-1.1579030296753563,-0.4292901468837605,-1.565321388477609,0.21880726957482452,1.136888707148913,-0.61354589036535,0.3574353973694499,2.1476267429615286,0.7728558820658583,-0.03437845070127261,2.545420332441178
0.024493659783746062,2,-0.8714256981922829,1,-1.0134732062477538,1.063221755033766,1,-0.6475503669704483,-0.6391038496091666,0,-0.0817292112245928,0.389912032759361,-0.02544667403658987,4,-0.6706129608183733,1,0.013699473001869994,0.19546021472129985,1.339256273095397,0,-0.8850184679723064,-0.4292901468837605,-0.6398221663309683,0.21880726957482452,-0.39928262905229917,-0.61354589036535,-1.0820989427212115,-0.15271329321819993,0.2191680859589748,0.6073526290558157,-0.2914014178912949
-1.3885594374763002,0,1.1578940723239077,1,-0.6453927582714232,-1.8266444635788122,1,-0.23097966640118775,-1.557913295991049,1,-1.0105987410324755,-1.012340415329351,-0.932273603340525,2,1.152834072528232,1,-0.684275523330476,-0.497457959574994,-1.0591681591282378,0,0.47940434054294323,-0.4292901468837605,1.2111762779623128,-0.9455246264432461,-0.6553111850858345,-0.61354589036535,-1.0820989427212115,-0.31702329580246624,-0.6113636082013505,0.2864870891772715,-0.007719242858047555
0.350582836074526,2,1.2885793066341849,1,-0.890779723588977,1.063221755033766,1,1.6789887630863314,0.279705596772716,1,-0.7172715210931442,-1.012340415329351,-0.932273603340525,6,0.24111055585492935,2,-0.7592786203488376,-1.6309274004866443,-0.2596933483870263,0,-0.3392493445662066,-0.4292901468837605,1.2111762779623128,-0.9455246264432461,-0.39928262905229917,-0.61354589036535,0.3574353973694499,-0.8099533035552652,-0.6113636082013505,-0.03437845070127261,-0.5750835929245423
-0.08420273231318058,0,1.3600863216341479,1,-0.031925344977538815,1.063221755033766,1,1.5159828367766206,-1.557913295991049,1,-0.03284134123470423,1.792164480848073,-0.932273603340525,2,-0.6706129608183733,1,-0.7590661469861795,-0.714214812797885,-0.6594307537576322,0,1.843827149058193,2.3294268625987633,-0.6398221663309683,-0.9455246264432461,-0.7833254631026022,0.15731945906803824,0.3574353973694499,-0.31702329580246624,-0.05767581209446695,-0.6761095304583609,-0.5750835929245423
-1.497255829573227,2,-0.36841083405461234,1,-0.031925344977538815,-1.8266444635788122,3,-0.4450278524644442,-0.6391038496091666,1,-1.4505895709414727,0.389912032759361,-0.932273603340525,2,-1.582336477491676,1,-0.8249328894102365,-1.4030512021958257,-0.6594307537576322,0,-0.3392493445662066,-0.4292901468837605,1.2111762779623128,0.21880726957482452,-0.7833254631026022,-0.61354589036535,1.7969697374601115,-0.48133329838673256,-0.3345197101479087,-0.6761095304583609,-0.5750835929245423
0.7853684044622325,2,-0.4399178490545753,1,0.7042355509751225,0.0999330154962399,3,0.4391558084276228,-1.557913295991049,0,0.3093737486945157,0.389912032759361,0.8813802552673452,0,1.152834072528232,1,0.3389961912316483,-0.03340124199325911,-0.6594307537576322,0,-1.1579030296753563,-0.4292901468837605,1.2111762779623128,0.21880726957482452,-0.14325407301876378,-0.61354589036535,0.3574353973694499,0.5045267171188654,0.7728558820658583,-0.6761095304583609,0.2759629321751998
0.5679756202683792,2,-0.4374520899166455,1,-0.890779723588977,1.063221755033766,1,-0.6080337787741549,0.279705596772716,0,0.7004767086136243,0.389912032759361,-0.02544667403658987,0,1.152834072528232,1,-0.48731271614627975,-1.2096590487359216,-0.6594307537576322,0,-0.6121339062692566,-0.4292901468837605,-0.6398221663309683,1.383139165592895,-0.14325407301876378,0.9281848085014265,0.3574353973694499,0.5045267171188654,-0.6113636082013505,-0.03437845070127261,-0.5750835929245423
-0.845077476991667,2,-1.1032070571576802,0,-0.40000579295386945,-1.8266444635788122,3,1.3776747780895933,1.1985150431545986,1,0.9938039285529556,-1.012340415329351,-0.932273603340525,1,-0.6706129608183733,1,-0.760340987162129,0.15787964341577265,-0.6594307537576322,0,-1.1579030296753563,-0.4292901468837605,1.2111762779623128,-0.9455246264432461,-1.295382575169673,0.15731945906803824,0.3574353973694499,-0.9742633061395315,-1.165051404308234,-0.6761095304583609,-1.142447942991037
0.350582836074526,2,1.3058396205996932,1,-0.27731231029509257,0.0999330154962399,1,1.022025484322952,-1.557913295991049,1,0.3093737486945157,0.389912032759361,-0.932273603340525,2,-1.582336477491676,2,-0.8958989925380915,-1.5445061616042708,0.14004405698357952,1,-0.3392493445662066,-0.4292901468837605,-0.6398221663309683,-0.9455246264432461,-0.14325407301876378,0.15731945906803824,-2.521633282811873,-0.48133329838673256,-0.6113636082013505,-0.6761095304583609,-0.2914014178912949
-0.7363810848947404,2,1.5474840161168095,1,-0.890779723588977,-1.8266444635788122,3,-1.3670815770446259,-0.6391038496091666,1,-1.5483653109212498,-1.012340415329351,-0.932273603340525,2,1.152834072528232,2,-0.7781887496254218,-0.44340949747266273,-1.0591681591282378,0,-0.6121339062692566,-0.4292901468837605,1.2111762779623128,-0.9455246264432461,-0.6553111850858345,0.15731945906803824,0.3574353973694499,-0.31702329580246624,-0.3345197101479087,-0.3552439905798167,-0.5750835929245423
-0.7363810848947404,2,0.696797113531043,2,0.3361551029987918,0.0999330154962399,5,-0.8154958668046958,-0.6391038496091666,0,0.7982524485934014,0.389912032759361,-0.02544667403658987,7,0.24111055585492935,2,0.041321010147442286,0.7383376062022678,-1.0591681591282378,0,-1.1579030296753563,-0.4292901468837605,-0.6398221663309683,-0.9455246264432461,-0.6553111850858345,2.469915507368203,0.3574353973694499,-0.31702329580246624,-0.05767581209446695,0.6073526290558157,-0.007719242858047555
0.5679756202683792,0,-0.7506035004337248,1,-0.890779723588977,-1.8266444635788122,1,0.5033702642465997,0.279705596772716,1,-1.4505895709414727,0.389912032759361,1.7882071845712804,3,0.24111055585492935,1,2.438870434383117,1.7269740588240772,-1.0591681591282378,1,-0.6121339062692566,-0.4292901468837605,1.2111762779623128,-0.9455246264432461,1.2649029851656808,0.15731945906803824,-1.0820989427212115,2.1476267429615286,1.0496997801193,-0.03437845070127261,1.6943738073414365
0.5679756202683792,2,-0.9380011949163864,2,0.3361551029987918,1.063221755033766,2,1.5061036897275473,-0.6391038496091666,1,0.50492522865407,0.389912032759361,-0.02544667403658987,7,1.152834072528232,0,-0.27526430021334786,-1.606295939893134,0.14004405698357952,1,-0.8850184679723064,-0.4292901468837605,0.2856770558156722,1.383139165592895,0.36880303904830697,0.9281848085014265,0.3574353973694499,-1.138573308723798,-1.165051404308234,-0.6761095304583609,-1.142447942991037
-0.9537738690885937,2,0.05323397853137626,2,-0.5226992756126463,1.063221755033766,3,-0.18487698017217866,-1.557913295991049,1,1.53157049844173,0.389912032759361,-0.02544667403658987,7,1.152834072528232,2,-0.3132970321291743,1.399023754921911,-0.6594307537576322,0,-0.3392493445662066,-0.4292901468837605,-0.6398221663309683,-0.9455246264432461,-0.9113397411193699,0.15731945906803824,0.3574353973694499,-0.48133329838673256,-0.6113636082013505,-0.6761095304583609,-0.5750835929245423
-1.171166653282447,2,-0.809781719744039,1,1.8084768949041143,0.0999330154962399,5,-0.668955185576774,0.279705596772716,1,-0.03284134123470423,-2.414592863418063,-0.932273603340525,2,1.152834072528232,2,-0.8589286274355562,1.2527832545981552,-0.6594307537576322,1,0.7522889022459932,-0.4292901468837605,-0.6398221663309683,-0.9455246264432461,-1.295382575169673,0.15731945906803824,-2.521633282811873,-0.9742633061395315,-1.165051404308234,-0.6761095304583609,-1.142447942991037
0.350582836074526,2,0.4674815137035756,1,-0.6453927582714232,-1.8266444635788122,3,-1.2765227290947865,1.1985150431545986,0,-1.0105987410324755,0.389912032759361,2.6950341138752156,3,0.24111055585492935,1,2.6878892154185845,-1.0997323588871697,-0.6594307537576322,0,-0.3392493445662066,-0.4292901468837605,-0.6398221663309683,0.21880726957482452,1.2649029851656808,-0.61354589036535,0.3574353973694499,2.1476267429615286,1.0496997801193,2.2116803284485362,1.4106916323081893
1.3288503649468657,2,-0.19087617612366978,1,1.9311703775628912,1.063221755033766,1,0.9693367000612272,0.279705596772716,0,0.84714031858329,0.389912032759361,-0.932273603340525,2,-1.582336477491676,1,-0.6738643285602218,1.0964086676302125,-0.6594307537576322,0,-0.3392493445662066,-0.4292901468837605,1.2111762779623128,0.21880726957482452,-0.14325407301876378,0.15731945906803824,-1.0820989427212115,0.34021671453459906,0.4960119840124166,-0.3552439905798167,-0.007719242858047555
-1.171166653282447,2,-1.0095082099163493,1,0.9496225162926761,1.063221755033766,3,1.1356356753872956,1.1985150431545986,1,-0.2283928211942585,-2.414592863418063,-0.932273603340525,2,0.24111055585492935,1,-0.8663651951285949,-1.1394241982435693,-0.6594307537576322,0,-0.06636478286315664,-0.4292901468837605,0.2856770558156722,2.5474710616109655,-1.0393540191361377,0.15731945906803824,1.7969697374601115,-0.6456433009709989,-0.6113636082013505,-0.6761095304583609,-0.5750835929245423
1.9810287175284256,2,-0.8960832895715806,2,-0.890779723588977,-1.8266444635788122,3,-0.3067197937774169,0.279705596772716,1,-1.4505895709414727,0.389912032759361,-0.02544667403658987,7,1.152834072528232,2,-0.2597537447392957,1.0143507160529752,0.5397814623541853,0,0.2065197788398933,-0.4292901468837605,0.2856770558156722,-0.9455246264432461,0.1127744830147716,0.15731945906803824,-1.0820989427212115,0.34021671453459906,0.7728558820658583,1.569949248691448,-0.2914014178912949
-0.7363810848947404,2,-0.891151771295721,1,1.072315998951453,0.0999330154962399,1,-1.3736676750773413,-1.557913295991049,0,0.40714948867429285,0.389912032759361,-0.932273603340525,6,0.24111055585492935,2,-0.7968864055393476,1.3508868433620222,-0.6594307537576322,0,-0.3392493445662066,-0.4292901468837605,0.2856770558156722,-0.9455246264432461,-0.7833254631026022,0.9281848085014265,-1.0820989427212115,-0.31702329580246624,-0.05767581209446695,-0.6761095304583609,-0.007719242858047555
1.4375467570437923,0,-1.61361919870914,2,-1.0134732062477538,0.0999330154962399,1,0.019292058842004408,1.1985150431545986,0,1.3849068884720641,0.389912032759361,-0.02544667403658987,7,0.24111055585492935,1,-0.007547863263954846,1.4930455587874247,-1.0591681591282378,0,-0.8850184679723064,-0.4292901468837605,-1.565321388477609,0.21880726957482452,1.0088744291321454,0.15731945906803824,0.3574353973694499,1.819006737792996,0.7728558820658583,-0.6761095304583609,2.545420332441178
-0.19289912441010723,1,-0.33882172439945524,2,1.072315998951453,1.063221755033766,2,0.579110391622829,1.1985150431545986,0,0.016046528755184336,0.389912032759361,-0.02544667403658987,7,0.24111055585492935,1,-0.37576420075069933,1.2633395948525168,-1.0591681591282378,1,0.7522889022459932,-0.4292901468837605,0.2856770558156722,0.21880726957482452,-0.7833254631026022,-2.1552765892321264,-1.0820989427212115,-0.48133329838673256,-0.6113636082013505,0.2864870891772715,-0.5750835929245423
0.5679756202683792,0,0.31213868801400085,1,1.4403964469277837,-0.8633557240412861,3,-1.2485318124557452,0.279705596772716,0,-1.4994774409313611,0.389912032759361,-0.02544667403658987,4,0.24111055585492935,0,-0.23744404166017963,0.29933460282421775,-0.2596933483870263,0,0.2065197788398933,-0.4292901468837605,-0.6398221663309683,0.21880726957482452,-0.0152397950019961,1.6990501579348147,0.3574353973694499,-0.31702329580246624,-0.3345197101479087,-0.6761095304583609,-0.5750835929245423
-0.41029190860396053,2,-1.6826604545711732,1,-0.031925344977538815,0.0999330154962399,3,0.34530391146142575,-1.557913295991049,1,-0.32616856117403564,0.389912032759361,-0.932273603340525,6,1.152834072528232,1,-0.7652278745032687,-1.1261935851247695,-1.0591681591282378,0,-0.6121339062692566,-0.4292901468837605,-0.6398221663309683,0.21880726957482452,0.49681731706507465,1.6990501579348147,0.3574353973694499,1.1617667274559307,1.6033875762261836,0.6073526290558157,1.6943738073414365
1.4375467570437923,2,-0.005944240778937929,1,-0.6453927582714232,-1.8266444635788122,1,-1.0591814940151723,-1.557913295991049,1,1.4337947584619528,0.389912032759361,2.6950341138752156,5,-0.6706129608183733,0,2.71147375867365,0.21150585190792945,0.14004405698357952,0,-0.3392493445662066,-0.4292901468837605,-1.565321388477609,1.383139165592895,2.1610029312830545,0.9281848085014265,-1.0820989427212115,0.5045267171188654,-0.05767581209446695,-0.3552439905798167,0.5596451072084472
-1.171166653282447,2,0.37131690732431505,2,-0.6453927582714232,1.063221755033766,2,-1.0328371018843099,1.1985150431545986,1,-0.9128230010526984,-1.012340415329351,-0.02544667403658987,7,1.152834072528232,2,-0.11782153848358577,-0.8251267610703773,-0.6594307537576322,1,-0.8850184679723064,-0.4292901468837605,-0.6398221663309683,-0.9455246264432461,-0.39928262905229917,-2.1552765892321264,0.3574353973694499,0.17590671195033272,0.7728558820658583,1.569949248691448,-0.007719242858047555
-0.845077476991667,2,0.7214547049103406,1,-1.0134732062477538,1.063221755033766,3,1.6444117484145744,-1.557913295991049,1,-1.4994774409313611,0.389912032759361,-0.932273603340525,6,1.152834072528232,1,-0.33900630901082235,1.662510007670776,2.5384684892072147,1,-0.3392493445662066,-0.4292901468837605,-0.6398221663309683,2.5474710616109655,-0.9113397411193699,0.15731945906803824,1.7969697374601115,-0.8099533035552652,-0.6113636082013505,-0.03437845070127261,-0.5750835929245423
0.24188644397759934,1,1.0321403562894902,1,-1.0134732062477538,-1.8266444635788122,1,-0.8187889158210535,-0.6391038496091666,1,-0.7172715210931442,0.389912032759361,2.6950341138752156,3,0.24111055585492935,0,2.722734846894537,-0.8584847962741599,-0.6594307537576322,1,-0.3392493445662066,-0.4292901468837605,0.2856770558156722,0.21880726957482452,1.2649029851656808,0.15731945906803824,0.3574353973694499,2.311936745545795,1.0496997801193,-0.3552439905798167,0.5596451072084472
2.0897251096253524,2,-0.8837544938819317,1,0.5815420683163456,1.063221755033766,1,-1.428002983847245,-0.6391038496091666,0,0.2604858787046272,0.389912032759361,-0.932273603340525,6,-0.6706129608183733,1,-0.30161099718297063,-1.3796865024328389,2.5384684892072147,1,0.7522889022459932,-0.4292901468837605,-1.565321388477609,2.5474710616109655,-0.5272969070690668,-0.61354589036535,0.3574353973694499,-0.31702329580246624,-0.05767581209446695,0.6073526290558157,-0.2914014178912949
1.9810287175284256,2,1.5820046440478261,1,1.5630899295865606,0.0999330154962399,5,1.0961190871910023,-1.557913295991049,1,1.3360190184821756,-1.012340415329351,-0.932273603340525,6,-0.6706129608183733,0,-0.6045980123336329,1.3265368851752948,0.9395188677247911,0,-0.8850184679723064,-0.4292901468837605,1.2111762779623128,0.21880726957482452,-0.39928262905229917,-1.3844112397987383,0.3574353973694499,-0.48133329838673256,-0.6113636082013505,-0.3552439905798167,-0.5750835929245423
-0.30159551650703387,1,0.19378224939337246,1,0.09076813768123806,1.063221755033766,3,-1.237006140898493,1.1985150431545986,1,-1.1572623510021414,0.389912032759361,-0.932273603340525,6,0.24111055585492935,0,-0.5455304175146398,-1.1739082430744838,-0.6594307537576322,1,0.47940434054294323,-0.4292901468837605,1.2111762779623128,0.21880726957482452,-0.7833254631026022,0.9281848085014265,1.7969697374601115,-0.31702329580246624,-0.3345197101479087,-0.03437845070127261,-1.142447942991037
-0.19289912441010723,2,-0.6692334488820428,0,-0.15461882763631568,1.063221755033766,5,0.22346109785618748,0.279705596772716,1,1.629346238421507,0.389912032759361,-0.932273603340525,1,0.24111055585492935,2,-0.4375939492842496,-1.0140148760217538,-0.6594307537576322,0,0.47940434054294323,-0.4292901468837605,-0.6398221663309683,-0.9455246264432461,-0.6553111850858345,-0.61354589036535,-2.521633282811873,-0.31702329580246624,-0.05767581209446695,-0.3552439905798167,-0.007719242858047555
-0.41029190860396053,2,0.0803573290486036,1,-0.5226992756126463,1.063221755033766,1,-1.1365681458995804,0.279705596772716,0,-0.17950495120436993,-1.012340415329351,-0.932273603340525,6,1.152834072528232,1,-0.7376063373576963,0.06526535158417375,-0.6594307537576322,0,-0.6121339062692566,-0.4292901468837605,0.2856770558156722,0.21880726957482452,-1.1673682971529054,-0.61354589036535,-1.0820989427212115,-0.8099533035552652,-0.6113636082013505,-0.6761095304583609,-0.5750835929245423
-0.6276846927978138,1,-0.11197188370991752,2,2.0538638602216683,1.063221755033766,2,1.5456202779238408,-1.557913295991049,1,-0.17950495120436993,0.389912032759361,-0.02544667403658987,7,1.152834072528232,1,-0.1626534180044762,0.9518571817471546,-0.6594307537576322,1,-1.1579030296753563,-0.4292901468837605,0.2856770558156722,-0.9455246264432461,-0.14325407301876378,0.9281848085014265,0.3574353973694499,0.5045267171188654,0.7728558820658583,-0.6761095304583609,1.1270094572749418
-0.9537738690885937,0,0.748578055427568,1,0.8269290336338992,0.0999330154962399,3,1.5126897877602627,0.279705596772716,1,-0.8639351310628098,0.389912032759361,-0.932273603340525,6,0.24111055585492935,2,-0.9005734065165729,-1.7158003761317113,-0.6594307537576322,0,-0.3392493445662066,-0.4292901468837605,0.2856770558156722,-0.9455246264432461,-0.7833254631026022,0.15731945906803824,-1.0820989427212115,-0.31702329580246624,-0.3345197101479087,-0.3552439905798167,-0.007719242858047555
-2.04073779005786,1,-0.6297813026751666,2,-0.7680862409302001,-0.8633557240412861,3,0.9808623716184794,-0.6391038496091666,0,0.16271013872485005,0.389912032759361,-0.932273603340525,8,1.152834072528232,2,-1.0227455900450657,0.5781627367427549,-0.6594307537576322,1,-0.8850184679723064,-0.4292901468837605,0.2856770558156722,-0.9455246264432461,-1.4233968531864407,-0.61354589036535,1.7969697374601115,-1.138573308723798,-1.165051404308234,-0.6761095304583609,-1.142447942991037
-0.08420273231318058,2,-1.5667697750884746,2,-0.890779723588977,-0.8633557240412861,3,-0.8484263569682736,-0.6391038496091666,1,-0.27728069118414705,-1.012340415329351,0.8813802552673452,7,0.24111055585492935,1,0.2578313666961974,-1.4783530960102715,-0.6594307537576322,0,-0.6121339062692566,-0.4292901468837605,-0.6398221663309683,1.383139165592895,-0.14325407301876378,-0.61354589036535,0.3574353973694499,0.5045267171188654,1.3265436781727418,2.2116803284485362,-1.142447942991037
-0.7363810848947404,2,0.7214547049103406,1,0.09076813768123806,0.0999330154962399,3,1.2969950771888274,-1.557913295991049,0,-0.13061708121448137,0.389912032759361,0.8813802552673452,4,0.24111055585492935,2,0.6978637007614299,-1.6289568836391635,2.5384684892072147,0,-0.3392493445662066,-0.4292901468837605,-0.6398221663309683,-0.9455246264432461,-0.2712683510355315,0.15731945906803824,0.3574353973694499,0.011596709366066407,0.7728558820658583,-0.6761095304583609,-0.5750835929245423
0.8940647965591592,2,1.6214567902547024,1,-0.27731231029509257,0.0999330154962399,3,0.27450335760973327,-1.557913295991049,0,0.7982524485934014,0.389912032759361,-0.932273603340525,6,0.24111055585492935,1,-0.40487305143487934,0.8146247584404541,0.5397814623541853,1,1.025173463949043,-0.4292901468837605,0.2856770558156722,0.21880726957482452,-0.5272969070690668,-0.61354589036535,-1.0820989427212115,-0.6456433009709989,-0.6113636082013505,-0.6761095304583609,-0.5750835929245423
1.872332325431499,2,0.8570714574964773,2,-0.7680862409302001,0.0999330154962399,2,-1.1941965036858417,1.1985150431545986,0,-0.7172715210931442,0.389912032759361,-0.02544667403658987,7,-1.582336477491676,1,-0.09402452186586195,0.3798442911641487,-0.2596933483870263,0,-0.3392493445662066,-0.4292901468837605,1.2111762779623128,0.21880726957482452,0.6248315950818424,0.9281848085014265,0.3574353973694499,-0.15271329321819993,-0.6113636082013505,-0.6761095304583609,0.2759629321751998
-0.5189883007008872,1,-1.0366315604335767,2,-0.5226992756126463,-0.8633557240412861,1,-0.22933314189300885,-0.6391038496091666,1,-0.9128230010526984,0.389912032759361,-0.02544667403658987,7,-0.6706129608183733,1,0.03005992192655512,-0.7630554803747313,-0.6594307537576322,0,-0.3392493445662066,-0.4292901468837605,1.2111762779623128,0.21880726957482452,-0.14325407301876378,0.15731945906803824,0.3574353973694499,0.5045267171188654,1.0496997801193,0.9282181689343597,-0.2914014178912949
1.3288503649468657,1,-1.2832074742265525,1,-0.15461882763631568,-1.8266444635788122,1,-1.6898003806476893,0.279705596772716,1,-0.27728069118414705,-1.012340415329351,-0.02544667403658987,6,-0.6706129608183733,1,-0.2661279456190431,1.4912157931433354,-0.6594307537576322,0,2.1167117107612428,2.3294268625987633,1.2111762779623128,0.21880726957482452,-0.14325407301876378,0.15731945906803824,0.3574353973694499,0.5045267171188654,0.7728558820658583,-0.3552439905798167,0.8433272822416945
1.872332325431499,0,-1.6210164761229293,0,2.0538638602216683,0.0999330154962399,0,-1.4494078024535706,1.1985150431545986,0,-1.7928046608706927,1.792164480848073,1.7882071845712804,3,1.152834072528232,2,2.325622132086271,-0.0621144874851226,-0.2596933483870263,1,-0.8850184679723064,-0.4292901468837605,0.2856770558156722,-0.9455246264432461,1.5209315411992161,0.15731945906803824,0.3574353973694499,-0.31702329580246624,-0.3345197101479087,0.6073526290558157,-0.007719242858047555
-0.19289912441010723,2,1.03460611542742,2,1.072315998951453,0.0999330154962399,3,-0.08773203418962382,0.279705596772716,0,0.9449160585630672,0.389912032759361,-0.02544667403658987,7,0.24111055585492935,1,-0.37852635446525656,-1.1447727439724458,-0.6594307537576322,0,0.2065197788398933,-0.4292901468837605,-0.6398221663309683,-0.9455246264432461,-0.7833254631026022,0.15731945906803824,0.3574353973694499,-0.31702329580246624,-0.6113636082013505,-0.3552439905798167,-1.142447942991037
-0.6276846927978138,2,1.175154386289416,1,-0.890779723588977,-1.8266444635788122,3,1.557145949481093,1.1985150431545986,0,-0.3750564311639242,-2.414592863418063,-0.932273603340525,2,1.152834072528232,0,-1.116233869614695,0.45373867294467973,-0.6594307537576322,1,-1.1579030296753563,-0.4292901468837605,0.2856770558156722,2.5474710616109655,-1.295382575169673,0.9281848085014265,0.3574353973694499,-0.9742633061395315,-1.165051404308234,-0.6761095304583609,-1.142447942991037
0.4592792281714526,0,-1.339919934398937,2,0.09076813768123806,-0.8633557240412861,3,0.4951376417057053,0.279705596772716,1,-1.303925960971807,-2.414592863418063,-0.02544667403658987,7,-0.6706129608183733,2,-0.04919264234497153,1.0924676339352508,-0.6594307537576322,0,-0.6121339062692566,-0.4292901468837605,-1.565321388477609,-0.9455246264432461,1.0088744291321454,0.9281848085014265,0.3574353973694499,1.9833167403772622,-0.6113636082013505,2.8534114082056243,1.4106916323081893
0.024493659783746062,2,-1.0588233926749446,1,0.09076813768123806,1.063221755033766,3,1.2854694056315752,1.1985150431545986,1,-0.42394430115381276,0.389912032759361,-0.02544667403658987,4,-1.582336477491676,2,-0.4609660191766569,-1.3118444223981416,-0.6594307537576322,0,-0.06636478286315664,-0.4292901468837605,-0.6398221663309683,-0.9455246264432461,-0.14325407301876378,0.9281848085014265,-2.521633282811873,0.5045267171188654,-0.3345197101479087,-0.6761095304583609,1.1270094572749418
-0.5189883007008872,2,-0.9503299906060352,2,-0.890779723588977,1.063221755033766,2,1.3727352045650567,0.279705596772716,1,0.7493645786035128,-1.012340415329351,-0.02544667403658987,7,-0.6706129608183733,2,0.7488573077994095,1.6712365822810482,1.738993678466003,1,-0.8850184679723064,-0.4292901468837605,0.2856770558156722,-0.9455246264432461,-0.5272969070690668,0.15731945906803824,-1.0820989427212115,-0.8099533035552652,-0.6113636082013505,-0.03437845070127261,-0.5750835929245423
0.5679756202683792,1,1.6633746955995081,1,-0.5226992756126463,-0.8633557240412861,4,-0.7199974453303197,-0.6391038496091666,1,1.4826826284518413,0.389912032759361,-0.932273603340525,2,0.24111055585492935,1,-0.9114095480121436,-0.7111182863232722,0.5397814623541853,0,0.47940434054294323,-0.4292901468837605,1.2111762779623128,0.21880726957482452,-0.39928262905229917,0.9281848085014265,0.3574353973694499,-0.8099533035552652,-0.6113636082013505,-0.03437845070127261,-1.142447942991037
-0.9537738690885937,2,-1.1599195173300647,1,1.8084768949041143,0.0999330154962399,3,0.9479318814549016,0.279705596772716,1,-0.7661593910830328,0.389912032759361,-0.932273603340525,2,-0.6706129608183733,1,-0.8444804387747953,-0.9836126160891924,-0.6594307537576322,1,0.47940434054294323,-0.4292901468837605,0.2856770558156722,2.5474710616109655,-1.295382575169673,0.15731945906803824,0.3574353973694499,-0.9742633061395315,-0.8882075062547923,-0.6761095304583609,-1.142447942991037
0.1331900518806727,1,-0.5064933457786788,1,-0.890779723588977,-0.8633557240412861,3,1.2047897047308094,0.279705596772716,0,0.40714948867429285,-1.012340415329351,-0.932273603340525,2,-0.6706129608183733,1,-0.8317320370153004,0.23233703000986963,0.5397814623541853,0,-0.3392493445662066,-0.4292901468837605,-0.6398221663309683,0.21880726957482452,-0.2712683510355315,0.9281848085014265,-1.0820989427212115,-0.15271329321819993,-0.8882075062547923,-0.6761095304583609,0.2759629321751998
-1.7146486137670802,2,1.5474840161168095,1,1.072315998951453,-1.8266444635788122,4,-0.1733513086149264,1.1985150431545986,0,-0.0817292112245928,0.389912032759361,-0.932273603340525,6,1.152834072528232,2,-0.7839255304171945,-0.7660112556459525,-0.6594307537576322,0,1.025173463949043,-0.4292901468837605,-1.565321388477609,-0.9455246264432461,-1.295382575169673,0.15731945906803824,-1.0820989427212115,-0.9742633061395315,-1.165051404308234,-0.6761095304583609,-1.142447942991037
-0.19289912441010723,2,-1.431153022502338,1,0.8269290336338992,-0.8633557240412861,4,1.4122517927613503,1.1985150431545986,0,-1.1083744810122527,-1.012340415329351,-0.02544667403658987,4,-0.6706129608183733,1,-0.3387938356481641,1.558917121974641,-1.0591681591282378,1,-1.1579030296753563,-0.4292901468837605,1.2111762779623128,-0.9455246264432461,-0.9113397411193699,-0.61354589036535,0.3574353973694499,-0.6456433009709989,-0.6113636082013505,-0.6761095304583609,-0.5750835929245423
-0.6276846927978138,2,0.6893998361172538,2,0.8269290336338992,1.063221755033766,2,1.2064362292389883,-1.557913295991049,1,0.16271013872485005,0.389912032759361,0.8813802552673452,7,0.24111055585492935,1,0.37787881659810774,0.6600799371166006,-0.2596933483870263,0,-0.6121339062692566,-0.4292901468837605,-1.565321388477609,2.5474710616109655,-0.14325407301876378,-0.61354589036535,0.3574353973694499,-0.9742633061395315,-1.165051404308234,-0.6761095304583609,-1.142447942991037
0.350582836074526,2,-0.12183492026163655,1,0.3361551029987918,0.0999330154962399,1,1.318399895795153,-0.6391038496091666,0,-0.961710871042587,0.389912032759361,-0.02544667403658987,0,-1.582336477491676,0,-0.41103477895196855,-0.5016804956767387,-0.2596933483870263,0,-0.8850184679723064,-0.4292901468837605,-0.6398221663309683,0.21880726957482452,0.49681731706507465,0.15731945906803824,0.3574353973694499,0.011596709366066407,-0.05767581209446695,1.569949248691448,0.8433272822416945
1.6549395412376458,2,-0.18841041698574001,1,-0.15461882763631568,1.063221755033766,3,-0.9801483176225853,0.279705596772716,1,0.8960281885731786,-1.012340415329351,-0.02544667403658987,6,-0.6706129608183733,1,-0.3062854111614521,0.48343717686028365,-0.2596933483870263,0,-0.06636478286315664,-0.4292901468837605,-1.565321388477609,-0.9455246264432461,-0.0152397950019961,0.15731945906803824,-1.0820989427212115,0.17590671195033272,-0.6113636082013505,1.569949248691448,0.8433272822416945
0.024493659783746062,1,1.064195225082577,2,1.4403964469277837,-0.8633557240412861,3,-0.211221372303041,0.279705596772716,0,-0.619495781113367,0.389912032759361,-0.932273603340525,8,1.152834072528232,1,-0.724432988872885,0.9725476086457033,0.9395188677247911,0,-0.06636478286315664,-0.4292901468837605,-0.6398221663309683,0.21880726957482452,-0.14325407301876378,0.15731945906803824,0.3574353973694499,-0.31702329580246624,-0.05767581209446695,-0.6761095304583609,-1.142447942991037
-0.6276846927978138,0,-1.145124962502486,1,-0.031925344977538815,-0.8633557240412861,3,-0.06138764205876148,0.279705596772716,1,-1.0105987410324755,-1.012340415329351,-0.932273603340525,6,-1.582336477491676,2,-0.8629656213260629,-0.5616405083215124,-1.0591681591282378,1,1.843827149058193,2.3294268625987633,-1.565321388477609,-0.9455246264432461,-0.9113397411193699,-2.1552765892321264,0.3574353973694499,-0.6456433009709989,-0.6113636082013505,-0.3552439905798167,-0.5750835929245423
-0.41029190860396053,2,0.16665889887614513,1,-0.15461882763631568,1.063221755033766,1,1.2673576360416074,1.1985150431545986,1,1.1404675385226213,1.792164480848073,-0.932273603340525,6,-1.582336477491676,1,-0.6883125172209827,-1.159270117921769,1.339256273095397,0,1.025173463949043,-0.4292901468837605,-0.6398221663309683,0.21880726957482452,0.36880303904830697,-1.3844112397987383,0.3574353973694499,0.5045267171188654,1.0496997801193,1.569949248691448,0.5596451072084472
-2.04073779005786,0,0.8003589973240929,1,-1.0134732062477538,0.0999330154962399,1,0.5593520975246822,1.1985150431545986,0,1.4826826284518413,0.389912032759361,-0.932273603340525,2,1.152834072528232,2,-1.0138217088134194,0.7027275517442214,-0.6594307537576322,0,-0.06636478286315664,-0.4292901468837605,0.2856770558156722,-0.9455246264432461,-1.4233968531864407,1.6990501579348147,1.7969697374601115,-1.138573308723798,-1.165051404308234,-0.6761095304583609,-1.142447942991037
1.6549395412376458,1,0.22337135904852956,1,1.9311703775628912,1.063221755033766,3,-0.26555668107294456,0.279705596772716,0,0.7004767086136243,-1.012340415329351,1.7882071845712804,4,1.152834072528232,1,1.581540416057085,0.6637394684047794,0.14004405698357952,0,1.843827149058193,2.3294268625987633,0.2856770558156722,-0.9455246264432461,2.5450457653333576,0.15731945906803824,0.3574353973694499,0.34021671453459906,1.0496997801193,-0.6761095304583609,-1.142447942991037
0.5679756202683792,1,1.1628255905997673,1,-0.890779723588977,-1.8266444635788122,3,-0.25238448500751337,-0.6391038496091666,1,-1.5483653109212498,0.389912032759361,-0.932273603340525,6,1.152834072528232,2,-0.8217457889703628,-0.7381425173744379,0.9395188677247911,1,-0.3392493445662066,-0.4292901468837605,1.2111762779623128,-0.9455246264432461,-0.39928262905229917,-0.61354589036535,0.3574353973694499,-0.8099533035552652,-0.8882075062547923,-0.03437845070127261,-0.5750835929245423
-1.0624702611855203,2,0.6277558576690099,1,-0.15461882763631568,0.0999330154962399,3,1.1899709841571993,0.279705596772716,0,0.016046528755184336,0.389912032759361,-0.932273603340525,6,1.152834072528232,2,-0.6241455616981917,-1.148573026464016,-0.6594307537576322,0,-1.1579030296753563,-0.4292901468837605,0.2856770558156722,-0.9455246264432461,-0.6553111850858345,1.6990501579348147,-1.0820989427212115,-0.15271329321819993,-0.6113636082013505,-0.3552439905798167,-0.007719242858047555
0.024493659783746062,2,-1.574167052502264,1,0.09076813768123806,0.0999330154962399,1,1.6279465033327856,0.279705596772716,0,-1.2061502209920298,1.792164480848073,0.8813802552673452,5,1.152834072528232,1,1.5641176003191086,0.16308743794125768,-0.6594307537576322,1,2.6624808341673427,2.3294268625987633,-1.565321388477609,0.21880726957482452,0.6248315950818424,-0.61354589036535,0.3574353973694499,1.4903867326244633,1.8802314742796253,1.2490837088129039,1.1270094572749418
1.3288503649468657,2,1.2663874743928172,2,0.21346162034001492,1.063221755033766,2,1.1998501312062726,1.1985150431545986,0,0.6515888386237357,0.389912032759361,-0.02544667403658987,7,1.152834072528232,2,-0.3984988505551319,-0.8615813227487726,0.14004405698357952,0,-0.8850184679723064,-0.4292901468837605,0.2856770558156722,-0.9455246264432461,-0.39928262905229917,-1.3844112397987383,1.7969697374601115,-0.31702329580246624,-0.8882075062547923,-0.6761095304583609,-0.007719242858047555
0.4592792281714526,2,-1.1401934442266266,2,-0.15461882763631568,0.0999330154962399,2,1.4501218564494647,0.279705596772716,0,-0.619495781113367,0.389912032759361,-0.02544667403658987,7,-0.6706129608183733,1,-0.42272081389817223,1.7634286205024725,0.9395188677247911,0,1.570942587355143,2.3294268625987633,0.2856770558156722,0.21880726957482452,0.36880303904830697,0.15731945906803824,0.3574353973694499,-0.31702329580246624,-0.05767581209446695,-0.3552439905798167,-0.007719242858047555
0.024493659783746062,2,-1.2092347000886599,2,0.09076813768123806,1.063221755033766,1,0.12631615187363263,1.1985150431545986,0,1.0426917985428443,-1.012340415329351,-0.02544667403658987,7,1.152834072528232,0,0.06618039357845736,1.394941970023558,-0.2596933483870263,1,-0.3392493445662066,-0.4292901468837605,0.2856770558156722,2.5474710616109655,-0.39928262905229917,1.6990501579348147,0.3574353973694499,-0.9742633061395315,-1.165051404308234,-0.6761095304583609,-1.142447942991037
-0.845077476991667,2,-1.1303304076749074,2,-1.0134732062477538,0.0999330154962399,3,-0.21780747033575656,-0.6391038496091666,0,-0.9128230010526984,-1.012340415329351,-0.932273603340525,8,0.24111055585492935,0,-0.761190880612762,1.296275376446125,1.339256273095397,1,1.025173463949043,-0.4292901468837605,0.2856770558156722,2.5474710616109655,-0.7833254631026022,0.15731945906803824,0.3574353973694499,-0.6456433009709989,-0.6113636082013505,-0.6761095304583609,-0.5750835929245423
-0.6276846927978138,1,-0.32649292870980645,2,-1.0134732062477538,1.063221755033766,1,0.656497043507237,-0.6391038496091666,0,-0.8150472610729212,-2.414592863418063,-0.932273603340525,8,0.24111055585492935,2,-1.0673649962032978,0.2592205098576438,-0.6594307537576322,0,-0.8850184679723064,-0.4292901468837605,-0.6398221663309683,-0.9455246264432461,-1.295382575169673,0.15731945906803824,0.3574353973694499,-0.9742633061395315,-1.165051404308234,-0.6761095304583609,-1.142447942991037
1.7636359333345724,2,-1.1180016119852587,1,-0.40000579295386945,0.0999330154962399,1,-0.42691608287447635,1.1985150431545986,1,0.9449160585630672,0.389912032759361,-0.02544667403658987,2,1.152834072528232,2,-0.8355565575431488,-0.47761203989679424,-0.2596933483870263,0,0.47940434054294323,-0.4292901468837605,1.2111762779623128,-0.9455246264432461,1.0088744291321454,0.9281848085014265,0.3574353973694499,-0.8099533035552652,-0.6113636082013505,-0.03437845070127261,-0.5750835929245423
0.1331900518806727,2,1.3157026571514123,1,-1.0134732062477538,0.0999330154962399,5,-0.1288951468940962,1.1985150431545986,0,0.6515888386237357,0.389912032759361,0.8813802552673452,5,-1.582336477491676,1,1.5296969155684723,0.2786441759256691,-0.6594307537576322,0,-0.6121339062692566,-0.4292901468837605,-0.6398221663309683,0.21880726957482452,0.49681731706507465,0.15731945906803824,0.3574353973694499,1.326076730040197,2.1570753723330673,0.9282181689343597,1.978055982374684
0.024493659783746062,2,-0.5632058059510632,1,0.09076813768123806,-1.8266444635788122,1,-0.37258077410457274,1.1985150431545986,0,0.7493645786035128,0.389912032759361,-0.932273603340525,6,-1.582336477491676,0,-0.7650154011406104,0.7871782737791141,-1.0591681591282378,1,-0.6121339062692566,-0.4292901468837605,-0.6398221663309683,1.383139165592895,-0.6553111850858345,0.15731945906803824,-1.0820989427212115,-0.31702329580246624,-0.3345197101479087,0.6073526290558157,-0.2914014178912949
-0.7363810848947404,2,1.204743495944573,2,2.421944308197999,1.063221755033766,5,0.8886569991604614,0.279705596772716,1,-1.646141050901027,0.389912032759361,0.8813802552673452,7,-0.6706129608183733,1,0.6092623085329403,0.490756239436641,0.14004405698357952,0,-0.8850184679723064,-0.4292901468837605,-0.6398221663309683,0.21880726957482452,-0.2712683510355315,0.15731945906803824,0.3574353973694499,-0.48133329838673256,-0.6113636082013505,-0.3552439905798167,-0.2914014178912949
0.4592792281714526,2,-0.6199182661234476,1,-0.031925344977538815,1.063221755033766,1,1.224547998828956,0.279705596772716,1,1.3360190184821756,0.389912032759361,-0.932273603340525,2,-1.582336477491676,0,-0.8697647689311269,0.873740263864879,-0.6594307537576322,0,1.298058025652093,2.3294268625987633,-0.6398221663309683,1.383139165592895,-0.7833254631026022,-0.61354589036535,0.3574353973694499,-0.31702329580246624,-0.3345197101479087,-0.6761095304583609,-0.007719242858047555
-0.08420273231318058,2,0.5932352297379933,1,-0.7680862409302001,-0.8633557240412861,1,1.0467233519456354,1.1985150431545986,1,0.6027009686338471,1.792164480848073,-0.02544667403658987,0,-1.582336477491676,0,0.09762645125187812,1.6884082290948097,1.339256273095397,0,1.298058025652093,2.3294268625987633,-1.565321388477609,0.21880726957482452,0.2407887610315393,0.15731945906803824,0.3574353973694499,-0.31702329580246624,-0.05767581209446695,-0.6761095304583609,-0.007719242858047555
-0.30159551650703387,2,1.584470403185756,1,-0.031925344977538815,0.0999330154962399,3,-0.512535357299779,1.1985150431545986,0,-1.0105987410324755,-1.012340415329351,0.8813802552673452,0,-0.6706129608183733,2,0.475616563420902,0.4703473149448753,-0.6594307537576322,0,-0.3392493445662066,-0.4292901468837605,-0.6398221663309683,-0.9455246264432461,-0.2712683510355315,0.15731945906803824,1.7969697374601115,0.17590671195033272,0.7728558820658583,1.569949248691448,0.8433272822416945
-0.19289912441010723,2,-0.34375324267531476,2,-0.27731231029509257,-1.8266444635788122,1,0.7635211365388652,1.1985150431545986,1,0.45603735866418144,0.389912032759361,-0.932273603340525,8,0.24111055585492935,1,-0.8453303322254283,0.2645690555865203,-0.6594307537576322,0,-0.6121339062692566,-0.4292901468837605,-1.565321388477609,0.21880726957482452,-1.295382575169673,0.15731945906803824,0.3574353973694499,-0.9742633061395315,-1.165051404308234,-0.6761095304583609,-1.142447942991037
-0.9537738690885937,2,-0.3585477975028933,1,-1.0134732062477538,-0.8633557240412861,1,-0.4730187691034854,-1.557913295991049,0,0.016046528755184336,-2.414592863418063,-0.932273603340525,6,-0.6706129608183733,2,-0.885275324405179,-1.469485770196608,1.738993678466003,1,-0.6121339062692566,-0.4292901468837605,1.2111762779623128,-0.9455246264432461,-0.14325407301876378,0.9281848085014265,0.3574353973694499,0.011596709366066407,0.7728558820658583,0.2864870891772715,0.8433272822416945
1.1114575807530125,2,1.0494006702549985,2,-0.890779723588977,1.063221755033766,1,1.066481646043782,-0.6391038496091666,0,-0.961710871042587,1.792164480848073,1.7882071845712804,3,-0.6706129608183733,0,2.037508252321686,0.953405444984461,1.339256273095397,0,-0.3392493445662066,-0.4292901468837605,0.2856770558156722,2.5474710616109655,2.289017209299822,-0.61354589036535,0.3574353973694499,-0.6456433009709989,-0.6113636082013505,-0.3552439905798167,-0.5750835929245423
-1.171166653282447,0,-1.317728102157569,2,2.421944308197999,-0.8633557240412861,3,0.01435248531746772,-0.6391038496091666,1,0.6027009686338471,-2.414592863418063,-0.02544667403658987,7,-1.582336477491676,2,-0.30033615700702115,1.0557315698500724,2.1387310838366087,0,0.7522889022459932,-0.4292901468837605,1.2111762779623128,-0.9455246264432461,-0.5272969070690668,2.469915507368203,0.3574353973694499,-0.8099533035552652,-0.6113636082013505,-0.03437845070127261,-0.5750835929245423
-0.30159551650703387,2,-0.15882130733058292,2,-0.7680862409302001,-1.8266444635788122,3,1.4600010034985382,1.1985150431545986,0,0.40714948867429285,-1.012340415329351,-0.02544667403658987,7,1.152834072528232,1,0.36555536156392937,0.30721667021414106,0.14004405698357952,1,-0.8850184679723064,-0.4292901468837605,0.2856770558156722,-0.9455246264432461,-0.2712683510355315,0.15731945906803824,-1.0820989427212115,-0.48133329838673256,-0.6113636082013505,-0.6761095304583609,-0.8587657679577896
-0.6276846927978138,2,-0.6766307262958321,2,-0.40000579295386945,1.063221755033766,3,-0.6179129258232282,-1.557913295991049,1,-0.03284134123470423,1.792164480848073,-0.02544667403658987,7,1.152834072528232,0,-0.19601173594182117,-1.1391426958367863,0.5397814623541853,0,1.843827149058193,2.3294268625987633,1.2111762779623128,1.383139165592895,0.2407887610315393,0.9281848085014265,1.7969697374601115,0.011596709366066407,0.7728558820658583,0.9282181689343597,0.8433272822416945
1.872332325431499,2,1.0296745971515604,1,-0.890779723588977,1.063221755033766,5,-1.4856313416335063,-1.557913295991049,0,-0.32616856117403564,0.389912032759361,0.8813802552673452,5,0.24111055585492935,1,1.52268529460075,1.3636952028706475,2.5384684892072147,0,-0.8850184679723064,-0.4292901468837605,-1.565321388477609,0.21880726957482452,0.6248315950818424,1.6990501579348147,-2.521633282811873,-0.48133329838673256,-0.3345197101479087,-0.6761095304583609,-0.2914014178912949
1.1114575807530125,2,-0.8245762745716175,1,-1.0134732062477538,0.0999330154962399,5,0.6746088130972049,-1.557913295991049,1,0.3582616186844043,0.389912032759361,-0.932273603340525,6,1.152834072528232,1,-0.6294573957646479,-0.5781083991183165,1.738993678466003,0,-0.8850184679723064,-0.4292901468837605,0.2856770558156722,0.21880726957482452,0.7528458730986101,-0.61354589036535,-1.0820989427212115,-0.15271329321819993,0.2191680859589748,-0.3552439905798167,-0.5750835929245423
-1.2798630453793736,2,0.20611104508302125,2,2.0538638602216683,-1.8266444635788122,3,-0.4071577887763296,0.279705596772716,0,-1.6950289208909155,0.389912032759361,-0.02544667403658987,7,1.152834072528232,2,-0.04303091482788233,1.1956382660212113,-0.6594307537576322,0,2.1167117107612428,2.3294268625987633,-0.6398221663309683,-0.9455246264432461,-0.6553111850858345,1.6990501579348147,-1.0820989427212115,-0.15271329321819993,0.2191680859589748,-0.3552439905798167,-0.007719242858047555
1.9810287175284256,2,-0.7925214057785307,1,-0.890779723588977,0.0999330154962399,3,1.2212549498125982,0.279705596772716,1,-0.32616856117403564,-1.012340415329351,2.6950341138752156,5,-1.582336477491676,1,2.6889515822318755,0.7731031534399653,2.1387310838366087,0,-0.8850184679723064,-0.4292901468837605,-0.6398221663309683,2.5474710616109655,2.9290885993836606,-0.61354589036535,0.3574353973694499,-0.9742633061395315,-1.165051404308234,-0.6761095304583609,-1.142447942991037
1.4375467570437923,2,0.011316073186570375,1,-0.031925344977538815,0.0999330154962399,1,0.002826813760215451,-1.557913295991049,1,-0.13061708121448137,0.389912032759361,-0.932273603340525,2,1.152834072528232,1,-0.8504296929292262,0.8237735866609008,0.5397814623541853,0,0.7522889022459932,-0.4292901468837605,-0.6398221663309683,-0.9455246264432461,-0.39928262905229917,1.6990501579348147,0.3574353973694499,-0.9742633061395315,-1.165051404308234,-0.6761095304583609,-1.142447942991037
-0.41029190860396053,2,-1.6086876804332806,0,-0.890779723588977,0.0999330154962399,0,0.29426165170788,-0.6391038496091666,1,1.5804583684316185,0.389912032759361,-0.932273603340525,1,0.24111055585492935,1,-0.5912121904861632,-0.8280825363415986,-0.6594307537576322,0,-0.6121339062692566,-0.4292901468837605,1.2111762779623128,0.21880726957482452,-0.7833254631026022,-0.61354589036535,0.3574353973694499,-0.31702329580246624,-0.05767581209446695,-0.3552439905798167,-0.007719242858047555
0.7853684044622325,2,0.7830986833585846,1,-0.890779723588977,-1.8266444635788122,1,0.35847610752685694,-1.557913295991049,0,0.2604858787046272,1.792164480848073,-0.932273603340525,6,1.152834072528232,1,-0.9288323637501199,0.7980161164402586,-0.6594307537576322,0,-0.6121339062692566,-0.4292901468837605,1.2111762779623128,0.21880726957482452,-0.14325407301876378,1.6990501579348147,0.3574353973694499,0.5045267171188654,0.2191680859589748,1.569949248691448,0.8433272822416945
1.220153972849939,2,1.0395376337032793,2,-0.27731231029509257,0.0999330154962399,2,0.7207114993262139,0.279705596772716,1,1.4337947584619528,0.389912032759361,-0.02544667403658987,7,-1.582336477491676,0,-0.19048742851270672,1.4754516583634887,0.5397814623541853,0,-1.1579030296753563,-0.4292901468837605,-1.565321388477609,2.5474710616109655,0.49681731706507465,0.15731945906803824,0.3574353973694499,-0.8099533035552652,-0.6113636082013505,-0.03437845070127261,-0.5750835929245423
-1.6059522216701536,2,0.82994810697925,1,-0.5226992756126463,0.0999330154962399,1,-1.2254804693412407,1.1985150431545986,1,-0.32616856117403564,1.792164480848073,-0.932273603340525,6,-0.6706129608183733,0,-0.8614783077874552,-0.27028551730113287,-0.6594307537576322,1,0.2065197788398933,-0.4292901468837605,-1.565321388477609,0.21880726957482452,-0.9113397411193699,-0.61354589036535,-1.0820989427212115,-0.48133329838673256,-0.6113636082013505,-0.03437845070127261,-0.5750835929245423
1.872332325431499,2,0.05323397853137626,1,-0.5226992756126463,-0.8633557240412861,3,-0.8336076363946636,-1.557913295991049,1,0.9449160585630672,0.389912032759361,2.6950341138752156,5,-1.582336477491676,1,2.767141779690111,-0.8168224400702795,0.5397814623541853,0,-1.1579030296753563,-0.4292901468837605,0.2856770558156722,0.21880726957482452,1.6489458192159838,0.9281848085014265,-1.0820989427212115,-0.48133329838673256,-0.6113636082013505,-0.3552439905798167,-0.5750835929245423
-0.30159551650703387,1,-0.4473151264683646,1,-0.7680862409302001,-1.8266444635788122,1,0.12302310285727484,-1.557913295991049,1,-1.0594866110223642,0.389912032759361,-0.02544667403658987,0,1.152834072528232,2,0.2918271047215171,1.1194918649864165,-1.0591681591282378,0,0.47940434054294323,-0.4292901468837605,0.2856770558156722,-0.9455246264432461,-0.5272969070690668,-1.3844112397987383,-1.0820989427212115,-0.15271329321819993,-0.6113636082013505,-0.6761095304583609,-0.007719242858047555
-0.19289912441010723,2,1.3847439130134456,2,0.9496225162926761,1.063221755033766,1,0.31237342129784784,0.279705596772716,1,1.3360190184821756,0.389912032759361,-0.02544667403658987,7,-1.582336477491676,1,0.5489198735379978,0.9449603727809718,0.14004405698357952,1,-0.06636478286315664,-0.4292901468837605,1.2111762779623128,2.5474710616109655,0.49681731706507465,-0.61354589036535,0.3574353973694499,0.011596709366066407,0.7728558820658583,-0.3552439905798167,0.8433272822416945
-1.2798630453793736,2,0.2258371181864593,2,-0.6453927582714232,-0.8633557240412861,1,-0.8253750138537691,-0.6391038496091666,0,1.5804583684316185,-1.012340415329351,-0.02544667403658987,7,1.152834072528232,2,-0.4027483178082969,-0.31279238072536214,-0.6594307537576322,1,-1.1579030296753563,-0.4292901468837605,-0.6398221663309683,-0.9455246264432461,-0.7833254631026022,0.15731945906803824,0.3574353973694499,-0.31702329580246624,-0.05767581209446695,-0.3552439905798167,-0.2914014178912949
1.4375467570437923,2,1.6387171042202107,1,-0.890779723588977,1.063221755033766,3,0.05386907351376122,-0.6391038496091666,1,-0.2283928211942585,0.389912032759361,2.6950341138752156,5,0.24111055585492935,1,2.731233781400867,-0.20539921253765706,-0.2596933483870263,1,-1.1579030296753563,-0.4292901468837605,1.2111762779623128,0.21880726957482452,2.289017209299822,-0.61354589036535,-1.0820989427212115,0.17590671195033272,-0.8882075062547923,1.569949248691448,0.8433272822416945
-1.171166653282447,2,-0.7826583692268116,1,-1.0134732062477538,-0.8633557240412861,1,1.4237774643186025,-0.6391038496091666,0,1.1404675385226213,-1.012340415329351,-0.932273603340525,6,0.24111055585492935,1,-0.7329319233792149,0.08384451043185012,-0.6594307537576322,1,-0.6121339062692566,-0.4292901468837605,0.2856770558156722,0.21880726957482452,-1.295382575169673,0.15731945906803824,-1.0820989427212115,-0.9742633061395315,-1.165051404308234,-0.3552439905798167,-1.142447942991037
-0.5189883007008872,2,-1.0563576335370148,2,1.19500948161023,0.0999330154962399,1,1.1702126900590526,1.1985150431545986,1,0.6515888386237357,-2.414592863418063,0.8813802552673452,7,0.24111055585492935,1,0.6857527190899096,-1.4739898087051355,0.14004405698357952,0,-0.6121339062692566,-0.4292901468837605,0.2856770558156722,0.21880726957482452,-0.14325407301876378,-0.61354589036535,-2.521633282811873,-0.48133329838673256,-0.3345197101479087,-0.6761095304583609,-0.5750835929245423
0.4592792281714526,2,1.1924147002549244,1,-0.5226992756126463,2.026510494571292,3,0.6910740581789938,-0.6391038496091666,1,1.1404675385226213,1.792164480848073,-0.932273603340525,6,0.24111055585492935,1,-0.9041854536817631,-1.2317569876683852,-0.2596933483870263,1,-0.8850184679723064,-0.4292901468837605,-1.565321388477609,-0.9455246264432461,-0.5272969070690668,1.6990501579348147,-1.0820989427212115,-0.48133329838673256,-0.6113636082013505,-0.6761095304583609,-0.2914014178912949
0.1331900518806727,2,-0.9971794142267005,2,-0.031925344977538815,0.0999330154962399,2,-0.22274704386029326,-0.6391038496091666,1,1.53157049844173,-1.012340415329351,-0.932273603340525,8,-0.6706129608183733,1,-0.7401560177095954,-0.3111033662846643,-1.0591681591282378,0,1.025173463949043,-0.4292901468837605,1.2111762779623128,0.21880726957482452,-1.0393540191361377,0.15731945906803824,0.3574353973694499,-0.8099533035552652,-0.6113636082013505,-0.3552439905798167,-0.5750835929245423
-0.9537738690885937,2,-0.09717732888233897,2,-0.890779723588977,1.063221755033766,2,-0.30013369574470133,-0.6391038496091666,0,0.7004767086136243,0.389912032759361,-0.02544667403658987,7,-0.6706129608183733,1,-0.34070609591208834,-1.4939764795867267,-0.6594307537576322,1,1.298058025652093,2.3294268625987633,-1.565321388477609,-0.9455246264432461,-0.39928262905229917,-0.61354589036535,0.3574353973694499,0.17590671195033272,0.7728558820658583,1.569949248691448,0.2759629321751998
0.4592792281714526,1,0.5389885287035385,2,-1.0134732062477538,0.0999330154962399,2,0.5280681318692831,0.279705596772716,0,-0.03284134123470423,0.389912032759361,-0.02544667403658987,7,-1.582336477491676,0,-0.4843380890690643,-1.4096665087552256,-1.0591681591282378,0,0.47940434054294323,-0.4292901468837605,1.2111762779623128,0.21880726957482452,-0.14325407301876378,-0.61354589036535,0.3574353973694499,0.34021671453459906,-0.3345197101479087,-0.3552439905798167,0.8433272822416945
-0.19289912441010723,2,-0.4374520899166455,1,0.5815420683163456,1.063221755033766,4,-0.030103676403362464,0.279705596772716,1,-1.3528138309616955,-1.012340415329351,-0.932273603340525,2,-0.6706129608183733,0,-0.5608284996260336,-0.5965468067626013,-0.6594307537576322,1,2.389596272464293,2.3294268625987633,1.2111762779623128,0.21880726957482452,-0.7833254631026022,-0.61354589036535,-2.521633282811873,-0.48133329838673256,-0.6113636082013505,-0.6761095304583609,-0.5750835929245423
-1.2798630453793736,2,0.16665889887614513,2,1.19500948161023,-0.8633557240412861,2,-0.1256020978777384,0.279705596772716,1,-1.4994774409313611,-1.012340415329351,-0.932273603340525,8,-0.6706129608183733,1,-0.8434180719615041,0.6313666916247371,-0.6594307537576322,1,0.7522889022459932,-0.4292901468837605,0.2856770558156722,2.5474710616109655,-1.295382575169673,-0.61354589036535,0.3574353973694499,-0.9742633061395315,-1.165051404308234,-0.6761095304583609,-1.142447942991037
2.3071178938192056,2,-0.2895065416408601,2,0.09076813768123806,1.063221755033766,3,-1.477398719092612,1.1985150431545986,1,-1.4505895709414727,0.389912032759361,1.7882071845712804,7,0.24111055585492935,2,1.5913141907393644,1.4211216938543745,-1.0591681591282378,0,-0.6121339062692566,-0.4292901468837605,0.2856770558156722,-0.9455246264432461,3.4411457114507313,-1.3844112397987383,-1.0820989427212115,4.940896786894056,1.6033875762261836,-0.3552439905798167,1.1270094572749418
1.220153972849939,0,1.1406337583583994,1,-1.0134732062477538,1.063221755033766,3,0.14442792146360048,-1.557913295991049,1,-1.5483653109212498,1.792164480848073,1.7882071845712804,3,1.152834072528232,2,2.231496432428667,0.2592205098576438,-0.2596933483870263,0,1.843827149058193,2.3294268625987633,0.2856770558156722,-0.9455246264432461,2.032988653266287,0.15731945906803824,-1.0820989427212115,-0.31702329580246624,-0.05767581209446695,-0.03437845070127261,-0.8587657679577896
1.6549395412376458,2,-1.1845771087093622,1,-0.7680862409302001,0.0999330154962399,3,-0.7990306217229067,1.1985150431545986,1,-1.3528138309616955,-1.012340415329351,0.8813802552673452,4,0.24111055585492935,1,0.33708393096772404,0.7455159175752337,-0.2596933483870263,1,-0.3392493445662066,-0.4292901468837605,0.2856770558156722,-0.9455246264432461,2.1610029312830545,0.9281848085014265,0.3574353973694499,-0.31702329580246624,-0.05767581209446695,-0.6761095304583609,-0.007719242858047555
1.7636359333345724,2,-1.3843035988816725,2,-1.0134732062477538,-1.8266444635788122,3,-0.5701637150860402,1.1985150431545986,0,-1.5972531809111383,0.389912032759361,-0.02544667403658987,7,-1.582336477491676,2,0.4246229563829224,-0.9578551458685501,1.738993678466003,0,1.298058025652093,2.3294268625987633,1.2111762779623128,-0.9455246264432461,0.8808601511153777,-0.61354589036535,1.7969697374601115,1.1617667274559307,0.7728558820658583,1.890814788569992,1.6943738073414365
1.3288503649468657,2,-1.3029335473299906,1,-0.7680862409302001,-0.8633557240412861,3,0.7915120531779065,0.279705596772716,0,-1.1572623510021414,-1.012340415329351,-0.02544667403658987,2,-1.582336477491676,1,-0.33858136228550584,1.2326558325131725,0.5397814623541853,0,2.6624808341673427,2.3294268625987633,-1.565321388477609,0.21880726957482452,-0.14325407301876378,0.15731945906803824,0.3574353973694499,-0.6456433009709989,-0.6113636082013505,-0.3552439905798167,-0.5750835929245423
-0.9537738690885937,1,1.7176213966339628,2,-1.0134732062477538,0.0999330154962399,5,0.7536419894897919,-1.557913295991049,1,1.2382432785023985,0.389912032759361,-0.932273603340525,8,0.24111055585492935,1,-0.7380312840830129,0.20193477007730828,0.14004405698357952,0,-0.06636478286315664,-0.4292901468837605,1.2111762779623128,0.21880726957482452,-0.7833254631026022,0.15731945906803824,1.7969697374601115,-0.6456433009709989,-0.6113636082013505,-0.3552439905798167,-0.5750835929245423
-0.9537738690885937,1,-1.4952627600885118,1,-0.890779723588977,0.0999330154962399,1,0.44080233293580173,1.1985150431545986,1,-0.7172715210931442,-1.012340415329351,-0.932273603340525,2,1.152834072528232,1,-0.5344818026564109,-0.012710815094710426,-0.6594307537576322,1,-0.8850184679723064,-0.4292901468837605,-0.6398221663309683,0.21880726957482452,-1.1673682971529054,-0.61354589036535,0.3574353973694499,-0.8099533035552652,-0.6113636082013505,-0.03437845070127261,-0.5750835929245423
1.5462431491407191,2,1.2910450657721146,1,-0.6453927582714232,1.063221755033766,1,0.08679956367733913,-1.557913295991049,1,-1.5972531809111383,0.389912032759361,-0.932273603340525,6,0.24111055585492935,1,-0.8332193505539082,-0.5602329962875975,2.5384684892072147,1,-0.8850184679723064,-0.4292901468837605,0.2856770558156722,2.5474710616109655,0.8808601511153777,-0.61354589036535,1.7969697374601115,0.5045267171188654,-1.165051404308234,-0.03437845070127261,0.8433272822416945
-1.0624702611855203,1,-0.8073159606061092,1,-1.0134732062477538,-1.8266444635788122,5,-1.2419457144230297,0.279705596772716,1,-0.32616856117403564,-1.012340415329351,-0.02544667403658987,4,-1.582336477491676,1,-0.4429057833507058,-0.652143532102239,0.9395188677247911,0,1.025173463949043,-0.4292901468837605,0.2856770558156722,0.21880726957482452,-0.6553111850858345,-1.3844112397987383,0.3574353973694499,-0.8099533035552652,-0.6113636082013505,-0.03437845070127261,-1.142447942991037
-1.171166653282447,2,1.369949358185867,0,1.9311703775628912,-1.8266444635788122,1,-1.4016585917163826,0.279705596772716,0,-0.27728069118414705,0.389912032759361,-0.932273603340525,1,0.24111055585492935,1,-0.7310196631152907,-0.759536700289944,-0.6594307537576322,0,2.1167117107612428,2.3294268625987633,1.2111762779623128,0.21880726957482452,-0.39928262905229917,0.15731945906803824,0.3574353973694499,0.17590671195033272,0.7728558820658583,0.9282181689343597,0.8433272822416945
0.7853684044622325,1,-1.0267685238818576,2,-1.0134732062477538,2.026510494571292,2,0.7454093669488974,-1.557913295991049,0,0.6027009686338471,0.389912032759361,-0.02544667403658987,7,0.24111055585492935,1,-0.34304330290132906,-0.7080217598486596,1.738993678466003,0,-0.8850184679723064,-0.4292901468837605,0.2856770558156722,0.21880726957482452,-0.0152397950019961,0.9281848085014265,-1.0820989427212115,-0.9742633061395315,-1.165051404308234,-0.6761095304583609,-1.142447942991037
-0.19289912441010723,2,-0.8270420337095473,1,-0.6453927582714232,-0.8633557240412861,4,-1.6058276307305657,0.279705596772716,1,0.40714948867429285,0.389912032759361,-0.932273603340525,2,1.152834072528232,0,-0.9415807655096148,-0.4788788007273176,-0.6594307537576322,0,-0.8850184679723064,-0.4292901468837605,0.2856770558156722,0.21880726957482452,-1.295382575169673,0.15731945906803824,0.3574353973694499,-0.9742633061395315,-1.165051404308234,-0.6761095304583609,-1.142447942991037
-1.0624702611855203,2,1.4241960592203216,1,0.21346162034001492,-1.8266444635788122,1,0.6680227150644893,-0.6391038496091666,1,1.18935540851251,0.389912032759361,-0.932273603340525,2,-1.582336477491676,1,-0.9101347078361941,-0.9336459388852143,-1.0591681591282378,0,-0.3392493445662066,-0.4292901468837605,-0.6398221663309683,-0.9455246264432461,-0.6553111850858345,0.15731945906803824,1.7969697374601115,-0.31702329580246624,-1.165051404308234,-0.3552439905798167,-0.007719242858047555
1.6549395412376458,2,1.2910450657721146,1,-0.890779723588977,0.0999330154962399,1,-1.1727916850795161,0.279705596772716,0,1.0915796685327328,-1.012340415329351,-0.932273603340525,2,1.152834072528232,2,-0.6736518551975635,-1.5499954585365388,1.738993678466003,0,-0.06636478286315664,-0.4292901468837605,-0.6398221663309683,-0.9455246264432461,-0.6553111850858345,0.15731945906803824,-1.0820989427212115,-0.8099533035552652,-0.6113636082013505,-0.03437845070127261,-0.5750835929245423
-0.30159551650703387,0,1.3872096721513754,2,1.19500948161023,0.0999330154962399,2,-0.8665381265582415,-1.557913295991049,1,0.016046528755184336,1.792164480848073,-0.02544667403658987,7,1.152834072528232,2,-0.22915758051650792,-1.3596998315512474,2.1387310838366087,1,-0.6121339062692566,-0.4292901468837605,-0.6398221663309683,-0.9455246264432461,-0.2712683510355315,0.15731945906803824,-1.0820989427212115,-0.31702329580246624,-0.6113636082013505,-0.6761095304583609,-0.007719242858047555
-1.171166653282447,2,1.6017307171512642,1,0.8269290336338992,1.063221755033766,3,-1.0443627734415621,-1.557913295991049,1,-1.0594866110223642,0.389912032759361,-0.932273603340525,2,-0.6706129608183733,0,-0.851917006467834,-0.01862236563715291,-0.2596933483870263,1,-0.6121339062692566,-0.4292901468837605,1.2111762779623128,0.21880726957482452,-0.7833254631026022,-0.61354589036535,0.3574353973694499,-0.6456433009709989,-0.6113636082013505,-0.6761095304583609,-0.5750835929245423
-1.171166653282447,2,1.3551548033582883,1,1.6857834122453375,0.0999330154962399,1,-0.7710397050838655,-1.557913295991049,0,1.1404675385226213,0.389912032759361,-0.932273603340525,6,1.152834072528232,0,-0.7429181714241526,-1.5877167810454575,-0.6594307537576322,0,1.843827149058193,2.3294268625987633,-0.6398221663309683,1.383139165592895,-1.0393540191361377,0.15731945906803824,-2.521633282811873,-0.6456433009709989,-0.6113636082013505,-0.6761095304583609,-0.5750835929245423
0.350582836074526,2,-0.6026579521579394,1,-0.890779723588977,0.0999330154962399,3,-0.8352541609028424,-0.6391038496091666,0,0.5538130986439586,-1.012340415329351,-0.02544667403658987,2,0.24111055585492935,1,-0.623508141610217,-0.12334126096041974,1.339256273095397,0,1.843827149058193,2.3294268625987633,-0.6398221663309683,0.21880726957482452,1.136888707148913,0.15731945906803824,0.3574353973694499,-0.9742633061395315,-1.165051404308234,-0.6761095304583609,-1.142447942991037
1.1114575807530125,2,-1.4730709278471439,1,-0.890779723588977,-0.8633557240412861,4,-0.34294333295735263,0.279705596772716,0,-1.646141050901027,0.389912032759361,1.7882071845712804,3,1.152834072528232,1,2.20323747519512,-0.18724230730015515,-0.6594307537576322,1,-1.1579030296753563,-0.4292901468837605,0.2856770558156722,0.21880726957482452,1.9049743752495192,0.15731945906803824,-1.0820989427212115,3.1334867584671264,2.710763168439951,0.2864870891772715,-1.142447942991037
-0.19289912441010723,2,-0.1538897890547234,2,0.09076813768123806,0.0999330154962399,3,1.005560239241163,1.1985150431545986,1,-0.5706079111234784,-1.012340415329351,0.8813802552673452,7,-1.582336477491676,1,0.8336341795000506,1.0158989792902815,2.5384684892072147,0,0.47940434054294323,-0.4292901468837605,0.2856770558156722,-0.9455246264432461,0.49681731706507465,0.15731945906803824,0.3574353973694499,0.9974567248716644,2.1570753723330673,1.2490837088129039,-1.142447942991037
1.4375467570437923,1,-1.1500564807783455,1,1.5630899295865606,2.026510494571292,3,0.8409077884232734,0.279705596772716,1,1.0426917985428443,-2.414592863418063,1.7882071845712804,5,1.152834072528232,2,1.7058373332121604,1.4268924931934255,-0.6594307537576322,1,-0.6121339062692566,-0.4292901468837605,1.2111762779623128,-0.9455246264432461,2.6730600433501253,-0.61354589036535,0.3574353973694499,4.119346773972724,0.4960119840124166,3.4951424879627124,1.4106916323081893
-0.19289912441010723,2,-0.31416413302015767,1,1.9311703775628912,0.0999330154962399,5,-0.2128678968112199,1.1985150431545986,1,0.5538130986439586,-1.012340415329351,0.8813802552673452,4,-0.6706129608183733,1,0.9604807770070248,-0.7295566939675572,0.14004405698357952,0,0.2065197788398933,-0.4292901468837605,-1.565321388477609,-0.9455246264432461,0.6248315950818424,-0.61354589036535,0.3574353973694499,0.9974567248716644,1.6033875762261836,0.6073526290558157,1.1270094572749418
-1.7146486137670802,2,-0.6248497843993072,1,-0.5226992756126463,-1.8266444635788122,3,0.9792158471103006,0.279705596772716,1,1.4826826284518413,0.389912032759361,-0.932273603340525,6,1.152834072528232,2,-0.6938368246500972,1.6463236192807549,-0.6594307537576322,0,0.7522889022459932,-0.4292901468837605,0.2856770558156722,-0.9455246264432461,-1.0393540191361377,-0.61354589036535,0.3574353973694499,-0.8099533035552652,-0.6113636082013505,-0.03437845070127261,-0.5750835929245423
-1.0624702611855203,2,1.3674835990479373,1,-0.890779723588977,1.063221755033766,5,1.4863453956294004,-0.6391038496091666,1,-1.2550380909819183,0.389912032759361,-0.932273603340525,6,-0.6706129608183733,1,-0.8831505907785965,-1.1596923715319436,-0.6594307537576322,0,-1.1579030296753563,-0.4292901468837605,0.2856770558156722,0.21880726957482452,-0.6553111850858345,0.15731945906803824,-1.0820989427212115,-0.31702329580246624,-0.3345197101479087,-0.3552439905798167,-0.5750835929245423
1.220153972849939,2,0.043370941979657227,2,-0.890779723588977,-1.8266444635788122,2,-0.5207679798406734,-0.6391038496091666,1,-0.5217200411335899,1.792164480848073,-0.02544667403658987,7,-0.6706129608183733,1,0.3691674087291196,0.6030756997430482,0.14004405698357952,0,-0.8850184679723064,-0.4292901468837605,1.2111762779623128,-0.9455246264432461,0.1127744830147716,0.15731945906803824,0.3574353973694499,-0.8099533035552652,-0.6113636082013505,-0.03437845070127261,-0.5750835929245423
-0.08420273231318058,2,1.044469151979139,1,-0.15461882763631568,0.0999330154962399,5,-1.5564318954851988,0.279705596772716,0,-0.3750564311639242,0.389912032759361,0.8813802552673452,0,0.24111055585492935,0,0.7890147733418185,-0.8600330595114662,-0.6594307537576322,0,-0.6121339062692566,-0.4292901468837605,-0.6398221663309683,2.5474710616109655,0.7528458730986101,-0.61354589036535,0.3574353973694499,1.6546967352087296,2.710763168439951,3.1742769480841684,1.1270094572749418
-0.9537738690885937,2,-1.7171810825021898,1,1.8084768949041143,0.0999330154962399,1,-1.661809464008648,0.279705596772716,1,-0.8150472610729212,-1.012340415329351,-0.932273603340525,2,0.24111055585492935,2,-0.9252203165849296,-0.19216859941885722,0.9395188677247911,1,-0.3392493445662066,-0.4292901468837605,-0.6398221663309683,-0.9455246264432461,-0.6553111850858345,0.9281848085014265,0.3574353973694499,-0.48133329838673256,-0.6113636082013505,-0.6761095304583609,-0.2914014178912949
-0.08420273231318058,2,-1.2043031818128003,1,-0.27731231029509257,0.0999330154962399,1,1.0384907294047407,-1.557913295991049,1,0.50492522865407,0.389912032759361,-0.932273603340525,2,-0.6706129608183733,2,-0.9284074170248034,-0.4732487525916581,-0.2596933483870263,0,-1.1579030296753563,-0.4292901468837605,0.2856770558156722,-0.9455246264432461,0.49681731706507465,0.9281848085014265,0.3574353973694499,-0.48133329838673256,-0.3345197101479087,-0.3552439905798167,-0.2914014178912949
-0.7363810848947404,2,-1.157453758192135,0,-1.0134732062477538,0.0999330154962399,1,0.7750468080961176,0.279705596772716,1,-1.0105987410324755,0.389912032759361,-0.932273603340525,1,0.24111055585492935,0,-0.9175712755292328,0.15703513619542372,-1.0591681591282378,0,1.570942587355143,2.3294268625987633,-1.565321388477609,0.21880726957482452,-0.6553111850858345,0.15731945906803824,1.7969697374601115,-0.31702329580246624,-0.3345197101479087,-0.3552439905798167,-0.2914014178912949
1.220153972849939,2,1.0765240207722258,1,-1.0134732062477538,1.063221755033766,1,-0.5998011562332604,1.1985150431545986,0,-1.303925960971807,-1.012340415329351,1.7882071845712804,3,-1.582336477491676,1,1.9163984356064845,0.5186249777081555,1.738993678466003,0,-1.1579030296753563,-0.4292901468837605,-1.565321388477609,0.21880726957482452,1.2649029851656808,0.15731945906803824,-2.521633282811873,-0.6456433009709989,-0.6113636082013505,-0.6761095304583609,-0.5750835929245423
1.9810287175284256,2,1.2614559561169576,1,-0.890779723588977,0.0999330154962399,1,-0.8615985530337048,0.279705596772716,0,1.4826826284518413,0.389912032759361,1.7882071845712804,3,1.152834072528232,2,2.1834774524679026,1.2591170587507723,-0.2596933483870263,1,-0.6121339062692566,-0.4292901468837605,0.2856770558156722,-0.9455246264432461,2.41703148731659,-0.61354589036535,0.3574353973694499,-0.31702329580246624,-0.05767581209446695,-0.3552439905798167,-0.5750835929245423
1.9810287175284256,2,-0.2648489502615625,1,0.5815420683163456,1.063221755033766,3,-1.2748762045866076,0.279705596772716,1,-0.27728069118414705,1.792164480848073,2.6950341138752156,5,-0.6706129608183733,2,2.621809999631869,-0.13699412768939404,2.1387310838366087,0,-1.1579030296753563,-0.4292901468837605,1.2111762779623128,-0.9455246264432461,3.185117155417196,0.15731945906803824,0.3574353973694499,2.804866753298594,2.9876070664933927,-0.03437845070127261,3.112784682507673
-0.30159551650703387,2,1.3157026571514123,2,0.09076813768123806,1.063221755033766,1,0.04398992646468784,0.279705596772716,0,0.9938039285529556,0.389912032759361,-0.932273603340525,8,0.24111055585492935,1,-0.884425430954546,0.57675522470884,-0.6594307537576322,1,1.025173463949043,-0.4292901468837605,1.2111762779623128,0.21880726957482452,-1.295382575169673,-0.61354589036535,0.3574353973694499,-0.9742633061395315,-0.8882075062547923,-0.6761095304583609,-1.142447942991037
-0.7363810848947404,1,-1.1475907216404158,2,2.0538638602216683,1.063221755033766,2,-1.2007826017185572,0.279705596772716,0,-0.7172715210931442,-1.012340415329351,-0.02544667403658987,7,-1.582336477491676,2,0.06660534030377385,1.2181584585638494,0.9395188677247911,0,-0.06636478286315664,-0.4292901468837605,0.2856770558156722,-0.9455246264432461,-0.2712683510355315,1.6990501579348147,-1.0820989427212115,-0.15271329321819993,-0.3345197101479087,-0.6761095304583609,-0.8587657679577896
-0.19289912441010723,2,0.9976197283584736,2,-0.6453927582714232,0.0999330154962399,5,0.11808352933273815,1.1985150431545986,1,0.9449160585630672,0.389912032759361,0.8813802552673452,7,-1.582336477491676,2,0.6798034649354787,-0.560092245084206,-1.0591681591282378,1,1.843827149058193,2.3294268625987633,-1.565321388477609,-0.9455246264432461,-0.2712683510355315,-0.61354589036535,0.3574353973694499,0.17590671195033272,0.7728558820658583,0.6073526290558157,0.8433272822416945
1.872332325431499,1,0.6178928211172908,1,0.21346162034001492,1.063221755033766,3,0.8096238227678744,-0.6391038496091666,0,0.9938039285529556,0.389912032759361,1.7882071845712804,3,1.152834072528232,0,2.050256654081181,1.4277370004137744,0.14004405698357952,0,1.298058025652093,2.3294268625987633,-1.565321388477609,0.21880726957482452,1.9049743752495192,-0.61354589036535,0.3574353973694499,1.1617667274559307,1.3265436781727418,-0.3552439905798167,2.2617381574079314
0.5679756202683792,0,-1.5297833880195282,0,-0.890779723588977,2.026510494571292,3,0.3337782399041735,1.1985150431545986,1,0.6027009686338471,1.792164480848073,-0.02544667403658987,1,-1.582336477491676,1,-0.023483365463323476,-0.20469545652069962,1.738993678466003,0,0.2065197788398933,-0.4292901468837605,-1.565321388477609,0.21880726957482452,-0.14325407301876378,0.15731945906803824,1.7969697374601115,-0.48133329838673256,-0.3345197101479087,-0.6761095304583609,-0.2914014178912949
-0.845077476991667,2,-0.15142402991679363,1,-0.031925344977538815,2.026510494571292,4,-0.9439247784426495,-0.6391038496091666,1,-1.7928046608706927,-1.012340415329351,-0.932273603340525,2,1.152834072528232,2,-0.509834892588054,-0.9418095086819206,-1.0591681591282378,0,0.47940434054294323,-0.4292901468837605,0.2856770558156722,-0.9455246264432461,-0.9113397411193699,-0.61354589036535,0.3574353973694499,-0.6456433009709989,-0.6113636082013505,-0.03437845070127261,-0.5750835929245423
1.1114575807530125,2,0.38364570301396383,2,-0.6453927582714232,-0.8633557240412861,1,-0.04162934796061473,1.1985150431545986,0,0.7982524485934014,0.389912032759361,-0.02544667403658987,7,1.152834072528232,2,-0.47158968730956935,-0.8080958654600073,-0.6594307537576322,1,0.47940434054294323,-0.4292901468837605,0.2856770558156722,-0.9455246264432461,-0.2712683510355315,-2.1552765892321264,0.3574353973694499,0.34021671453459906,-1.165051404308234,-0.6761095304583609,0.8433272822416945
0.5679756202683792,1,-0.6026579521579394,2,2.0538638602216683,0.0999330154962399,2,-1.0278975283597733,0.279705596772716,0,0.50492522865407,0.389912032759361,1.7882071845712804,7,-0.6706129608183733,1,1.5175859338969522,0.07765145748262467,0.9395188677247911,0,-0.3392493445662066,-0.4292901468837605,1.2111762779623128,0.21880726957482452,1.5209315411992161,-0.61354589036535,1.7969697374601115,2.1476267429615286,-0.05767581209446695,0.6073526290558157,1.1270094572749418
-0.6276846927978138,2,-1.4730709278471439,1,-0.15461882763631568,0.0999330154962399,1,0.6663761905563104,-1.557913295991049,0,-1.5972531809111383,-1.012340415329351,-0.932273603340525,6,-0.6706129608183733,2,-1.0881873857438062,1.1189288601728504,-0.6594307537576322,0,-0.8850184679723064,-0.4292901468837605,0.2856770558156722,-0.9455246264432461,-1.295382575169673,0.15731945906803824,1.7969697374601115,-0.9742633061395315,-1.165051404308234,-0.6761095304583609,-1.142447942991037
1.5462431491407191,2,0.35159083422087695,1,-0.7680862409302001,0.0999330154962399,5,1.2475993419434606,-1.557913295991049,0,-0.6683836511032556,0.389912032759361,0.8813802552673452,3,0.24111055585492935,1,1.4306843285697286,1.2205512290215046,-0.2596933483870263,0,-1.1579030296753563,-0.4292901468837605,1.2111762779623128,-0.9455246264432461,0.49681731706507465,-0.61354589036535,0.3574353973694499,-0.8099533035552652,-0.6113636082013505,-0.03437845070127261,-0.5750835929245423
-0.41029190860396053,2,0.3022756514622818,1,-1.0134732062477538,2.026510494571292,3,-0.685420430658563,-1.557913295991049,0,1.3849068884720641,1.792164480848073,1.7882071845712804,5,0.24111055585492935,0,2.0825526052052346,1.1634062404445606,0.5397814623541853,0,1.025173463949043,-0.4292901468837605,0.2856770558156722,0.21880726957482452,-0.14325407301876378,-0.61354589036535,0.3574353973694499,-0.15271329321819993,-0.8882075062547923,-0.6761095304583609,0.2759629321751998
0.24188644397759934,2,-0.45964392215801336,1,-0.40000579295386945,-1.8266444635788122,3,1.702040106200836,1.1985150431545986,1,-1.2061502209920298,-1.012340415329351,0.8813802552673452,0,-1.582336477491676,1,0.7667050702627023,1.005624141442703,0.5397814623541853,0,-0.06636478286315664,-0.4292901468837605,-1.565321388477609,0.21880726957482452,-0.2712683510355315,1.6990501579348147,0.3574353973694499,0.011596709366066407,0.7728558820658583,-0.3552439905798167,0.8433272822416945
-1.7146486137670802,2,0.45515271801392676,1,-1.0134732062477538,-1.8266444635788122,5,0.16912578908628392,1.1985150431545986,0,0.16271013872485005,-1.012340415329351,-0.932273603340525,6,-0.6706129608183733,2,-0.9162964353532833,1.5501905473643687,-0.6594307537576322,1,-1.1579030296753563,-0.4292901468837605,0.2856770558156722,-0.9455246264432461,-1.1673682971529054,2.469915507368203,1.7969697374601115,-0.8099533035552652,-0.6113636082013505,-0.03437845070127261,-0.5750835929245423
-0.08420273231318058,2,1.4883057968064952,1,-0.40000579295386945,0.0999330154962399,1,-1.078939788113319,1.1985150431545986,1,-0.961710871042587,0.389912032759361,-0.932273603340525,2,1.152834072528232,1,-0.6740768019228801,0.8358781901525688,-1.0591681591282378,0,-1.1579030296753563,-0.4292901468837605,0.2856770558156722,0.21880726957482452,0.6248315950818424,0.9281848085014265,0.3574353973694499,1.326076730040197,2.433919270386509,2.5325458683270803,1.978055982374684
0.6766720123653059,2,0.32200172456571985,1,-0.40000579295386945,0.0999330154962399,3,0.6153339308027647,-1.557913295991049,0,0.3093737486945157,-1.012340415329351,-0.02544667403658987,6,0.24111055585492935,2,-0.48901250304754573,0.8009718917114799,-0.6594307537576322,1,-0.3392493445662066,-0.4292901468837605,-1.565321388477609,-0.9455246264432461,1.136888707148913,0.15731945906803824,-2.521633282811873,2.1476267429615286,0.7728558820658583,-0.3552439905798167,1.1270094572749418
1.3288503649468657,0,0.49953638249666243,1,1.072315998951453,1.063221755033766,1,-1.2402991899148508,1.1985150431545986,1,1.2382432785023985,0.389912032759361,-0.02544667403658987,4,1.152834072528232,0,0.08955246347086468,1.3344189525652181,-0.6594307537576322,1,-0.06636478286315664,-0.4292901468837605,-1.565321388477609,1.383139165592895,-0.5272969070690668,-2.1552765892321264,0.3574353973694499,0.011596709366066407,0.7728558820658583,-0.3552439905798167,0.8433272822416945
-1.0624702611855203,0,-0.26731470939949226,1,-0.031925344977538815,0.0999330154962399,3,-1.3341510868810478,1.1985150431545986,1,-0.47283217114370135,0.389912032759361,-0.932273603340525,6,-0.6706129608183733,0,-0.9260702100355627,-1.1741897454812666,1.339256273095397,0,0.7522889022459932,-0.4292901468837605,1.2111762779623128,0.21880726957482452,-0.6553111850858345,-1.3844112397987383,-2.521633282811873,-0.8099533035552652,-0.6113636082013505,-0.03437845070127261,-0.5750835929245423
-0.19289912441010723,2,-0.5336166962959061,1,1.9311703775628912,1.063221755033766,3,-0.023517578370646882,0.279705596772716,0,-0.47283217114370135,0.389912032759361,0.8813802552673452,0,0.24111055585492935,0,0.8510569952380269,-1.0327347860728215,-0.6594307537576322,1,-1.1579030296753563,-0.4292901468837605,0.2856770558156722,0.21880726957482452,0.6248315950818424,0.15731945906803824,-1.0820989427212115,1.4903867326244633,1.6033875762261836,2.5325458683270803,-0.8587657679577896
2.0897251096253524,1,0.26282350525540565,2,-0.40000579295386945,0.0999330154962399,1,-0.8171423913128746,0.279705596772716,0,0.9449160585630672,1.792164480848073,1.7882071845712804,7,-1.582336477491676,1,1.4510817713849204,0.5550795393865509,2.5384684892072147,0,-1.1579030296753563,-0.4292901468837605,1.2111762779623128,2.5474710616109655,3.185117155417196,-2.1552765892321264,-1.0820989427212115,0.011596709366066407,0.7728558820658583,1.569949248691448,0.8433272822416945
-0.7363810848947404,2,-1.4015639128471808,2,-0.15461882763631568,-0.8633557240412861,4,-0.07620636263237154,0.279705596772716,1,-0.2283928211942585,0.389912032759361,0.8813802552673452,7,0.24111055585492935,0,0.18729021029365894,-0.6101996734915757,0.9395188677247911,0,-1.1579030296753563,-0.4292901468837605,-1.565321388477609,0.21880726957482452,-0.14325407301876378,-0.61354589036535,1.7969697374601115,0.17590671195033272,-0.05767581209446695,1.569949248691448,0.8433272822416945
0.5679756202683792,2,0.6400846533586586,1,-0.031925344977538815,-0.8633557240412861,4,0.9331131608812915,1.1985150431545986,1,1.2871311484922872,-1.012340415329351,2.6950341138752156,3,1.152834072528232,2,2.8111237657603683,1.69600879407795,2.1387310838366087,0,1.843827149058193,2.3294268625987633,1.2111762779623128,-0.9455246264432461,1.6489458192159838,-0.61354589036535,0.3574353973694499,-0.9742633061395315,-1.165051404308234,-0.6761095304583609,-0.8587657679577896
-1.497255829573227,2,-1.20676894095073,1,0.09076813768123806,-1.8266444635788122,3,-0.4022182152517929,-1.557913295991049,1,0.6027009686338471,1.792164480848073,-0.932273603340525,6,0.24111055585492935,2,-0.6113971599386968,0.748471692846455,-0.6594307537576322,0,0.7522889022459932,-0.4292901468837605,1.2111762779623128,-0.9455246264432461,-1.1673682971529054,0.15731945906803824,0.3574353973694499,-0.8099533035552652,-0.6113636082013505,-0.6761095304583609,-0.5750835929245423
-1.2798630453793736,2,-1.0267685238818576,2,-0.031925344977538815,-0.8633557240412861,1,0.6762553376053838,-1.557913295991049,1,0.06493439874507291,-1.012340415329351,-0.932273603340525,8,-1.582336477491676,1,-0.42123350035956447,0.12241034016111775,0.14004405698357952,0,-0.8850184679723064,-0.4292901468837605,-1.565321388477609,-0.9455246264432461,-0.6553111850858345,-0.61354589036535,0.3574353973694499,-0.6456433009709989,-0.6113636082013505,-0.03437845070127261,-0.5750835929245423
-1.3885594374763002,2,1.6683062138753677,2,-0.6453927582714232,-1.8266444635788122,3,0.6861344846544571,1.1985150431545986,0,-1.2061502209920298,0.389912032759361,-0.02544667403658987,7,0.24111055585492935,1,-0.4718021606722276,0.12649212505947088,-0.6594307537576322,1,-0.8850184679723064,-0.4292901468837605,0.2856770558156722,1.383139165592895,-0.7833254631026022,0.15731945906803824,0.3574353973694499,-0.31702329580246624,-0.05767581209446695,-0.6761095304583609,-0.2914014178912949
-0.845077476991667,2,-0.4966303092269597,1,-0.031925344977538815,0.0999330154962399,1,0.8721917540786723,0.279705596772716,1,1.18935540851251,1.792164480848073,-0.932273603340525,6,0.24111055585492935,1,-0.8353440841804907,1.1349744973594802,1.339256273095397,0,0.7522889022459932,-0.4292901468837605,-1.565321388477609,1.383139165592895,-0.7833254631026022,-0.61354589036535,-1.0820989427212115,-0.9742633061395315,-1.165051404308234,-0.6761095304583609,-1.142447942991037
-0.845077476991667,2,-1.6727974180194543,2,2.1765573428804452,0.0999330154962399,2,-1.2271269938494196,-0.6391038496091666,0,-1.5483653109212498,0.389912032759361,0.8813802552673452,7,1.152834072528232,1,0.2669677212905021,1.437448833447787,-0.6594307537576322,0,1.843827149058193,2.3294268625987633,1.2111762779623128,2.5474710616109655,-0.14325407301876378,0.15731945906803824,-1.0820989427212115,0.5045267171188654,-0.05767581209446695,-0.3552439905798167,1.4106916323081893
-1.3885594374763002,2,0.033507905427938196,1,-1.0134732062477538,0.0999330154962399,3,-1.6189998267959969,-0.6391038496091666,1,-0.27728069118414705,0.389912032759361,-0.932273603340525,6,1.152834072528232,1,-0.8689148754804938,-1.5894057954861553,-0.2596933483870263,1,0.2065197788398933,-0.4292901468837605,-1.565321388477609,0.21880726957482452,-0.6553111850858345,-0.61354589036535,-1.0820989427212115,-0.8099533035552652,-1.165051404308234,-0.03437845070127261,-1.142447942991037
0.6766720123653059,2,-0.9478642314681054,2,1.9311703775628912,0.0999330154962399,3,0.07856694113644465,0.279705596772716,1,0.6027009686338471,-1.012340415329351,0.8813802552673452,7,1.152834072528232,0,0.9381710739279088,-1.272997090262091,0.9395188677247911,0,-0.6121339062692566,-0.4292901468837605,0.2856770558156722,0.21880726957482452,0.8808601511153777,1.6990501579348147,0.3574353973694499,-0.9742633061395315,-1.165051404308234,-0.6761095304583609,-1.142447942991037
-0.19289912441010723,2,0.5365227695656088,1,-0.40000579295386945,1.063221755033766,1,-0.5553449945124302,-0.6391038496091666,1,0.7493645786035128,-2.414592863418063,-0.02544667403658987,6,1.152834072528232,2,0.055981672170861425,0.7115948775578852,-0.6594307537576322,0,-0.6121339062692566,-0.4292901468837605,-0.6398221663309683,-0.9455246264432461,0.7528458730986101,0.15731945906803824,0.3574353973694499,1.6546967352087296,1.8802314742796253,2.8534114082056243,1.1270094572749418
-0.30159551650703387,2,-0.2352598406064054,2,2.299250825539222,0.0999330154962399,2,1.6575839444800056,1.1985150431545986,0,1.3849068884720641,-1.012340415329351,-0.02544667403658987,7,0.24111055585492935,1,0.07000491410630583,-0.7508101256796718,-0.6594307537576322,0,1.570942587355143,2.3294268625987633,1.2111762779623128,1.383139165592895,-0.39928262905229917,-0.61354589036535,0.3574353973694499,0.17590671195033272,0.7728558820658583,-0.3552439905798167,0.8433272822416945
-0.9537738690885937,2,1.490771555944425,1,0.9496225162926761,0.0999330154962399,5,1.5340946063665886,0.279705596772716,1,-1.6950289208909155,-1.012340415329351,-0.932273603340525,2,1.152834072528232,0,-0.8531918466437834,0.6286924187602989,0.9395188677247911,0,-0.8850184679723064,-0.4292901468837605,-1.565321388477609,0.21880726957482452,-0.6553111850858345,-0.61354589036535,-1.0820989427212115,-0.48133329838673256,-0.8882075062547923,-0.6761095304583609,-0.2914014178912949
1.5462431491407191,2,-0.41279449853734795,2,1.4403964469277837,1.063221755033766,2,-1.4955104886825796,0.279705596772716,1,0.2115980087147386,0.389912032759361,-0.02544667403658987,7,1.152834072528232,2,-0.2000487298323279,-0.8289270435619475,-1.0591681591282378,1,1.843827149058193,2.3294268625987633,1.2111762779623128,-0.9455246264432461,-0.0152397950019961,-0.61354589036535,-2.521633282811873,0.5045267171188654,0.7728558820658583,-0.3552439905798167,-1.142447942991037
-0.41029190860396053,2,-1.4360845407781975,2,0.09076813768123806,1.063221755033766,2,1.4748197240721481,-0.6391038496091666,1,-1.1572623510021414,0.389912032759361,-0.02544667403658987,7,0.24111055585492935,2,-0.19027495515004847,-0.5492544024230614,-0.6594307537576322,0,-0.3392493445662066,-0.4292901468837605,-0.6398221663309683,-0.9455246264432461,-0.14325407301876378,-0.61354589036535,-1.0820989427212115,0.5045267171188654,-0.05767581209446695,-0.6761095304583609,1.4106916323081893
2.4158142859161322,2,-1.1673167947438539,2,-0.7680862409302001,0.0999330154962399,1,0.37164830359228807,0.279705596772716,0,-0.9128230010526984,-1.012340415329351,-0.02544667403658987,7,1.152834072528232,2,-0.25741653775005496,0.30651291419718363,0.9395188677247911,0,0.47940434054294323,-0.4292901468837605,1.2111762779623128,-0.9455246264432461,0.2407887610315393,-0.61354589036535,0.3574353973694499,-0.15271329321819993,-0.8882075062547923,-0.6761095304583609,0.2759629321751998
0.8940647965591592,2,0.38117994387603404,2,-0.890779723588977,-0.8633557240412861,5,-0.4038647397599718,-0.6391038496091666,1,-1.0105987410324755,-2.414592863418063,-0.02544667403658987,8,0.24111055585492935,2,0.05300704509364595,-0.27084852211469884,-1.0591681591282378,0,-0.6121339062692566,-0.4292901468837605,-1.565321388477609,-0.9455246264432461,-0.2712683510355315,0.15731945906803824,0.3574353973694499,0.17590671195033272,0.7728558820658583,0.2864870891772715,-0.8587657679577896
-0.9537738690885937,2,1.665840454737438,2,0.4588485856575687,-0.8633557240412861,2,1.4896384446457582,1.1985150431545986,0,0.84714031858329,0.389912032759361,-0.02544667403658987,7,0.24111055585492935,2,0.7375962195785223,1.272347671869572,0.14004405698357952,1,-1.1579030296753563,-0.4292901468837605,1.2111762779623128,-0.9455246264432461,-0.6553111850858345,-2.1552765892321264,0.3574353973694499,-0.8099533035552652,-1.165051404308234,-0.03437845070127261,-0.5750835929245423
-1.8233450058640068,1,-0.07498549664097115,2,-0.031925344977538815,0.0999330154962399,2,0.08021346564462355,1.1985150431545986,0,-0.619495781113367,0.389912032759361,-0.932273603340525,8,1.152834072528232,2,-0.8625406746007465,0.4071500246220973,-0.6594307537576322,1,-0.3392493445662066,-0.4292901468837605,-0.6398221663309683,-0.9455246264432461,-1.1673682971529054,0.15731945906803824,0.3574353973694499,-0.8099533035552652,-0.6113636082013505,-0.6761095304583609,-0.5750835929245423
-0.5189883007008872,0,0.4354266449104887,2,2.0538638602216683,1.063221755033766,2,-1.1448007684404748,0.279705596772716,1,1.629346238421507,0.389912032759361,-0.02544667403658987,7,1.152834072528232,1,-0.40742273178677835,-0.3157481559965834,-1.0591681591282378,0,0.7522889022459932,-0.4292901468837605,-1.565321388477609,-0.9455246264432461,-0.9113397411193699,-0.61354589036535,0.3574353973694499,-0.6456433009709989,-0.6113636082013505,-0.03437845070127261,-0.5750835929245423
-0.30159551650703387,2,1.3477575259444992,1,1.19500948161023,-0.8633557240412861,3,-1.663455988516827,-0.6391038496091666,1,1.2871311484922872,0.389912032759361,-0.932273603340525,2,1.152834072528232,0,-0.7907246780222584,-0.7817753904257991,-1.0591681591282378,0,-1.1579030296753563,-0.4292901468837605,0.2856770558156722,0.21880726957482452,-1.0393540191361377,-0.61354589036535,0.3574353973694499,-0.8099533035552652,-0.6113636082013505,-0.3552439905798167,-0.5750835929245423
0.6766720123653059,1,-1.5149888331919497,1,0.09076813768123806,1.063221755033766,1,-0.9850878911471219,0.279705596772716,0,-1.646141050901027,0.389912032759361,-0.932273603340525,2,1.152834072528232,2,-0.8344941907298576,-0.5119553335243172,-1.0591681591282378,0,1.025173463949043,-0.4292901468837605,-1.565321388477609,-0.9455246264432461,-0.2712683510355315,1.6990501579348147,0.3574353973694499,0.17590671195033272,0.7728558820658583,-0.3552439905798167,0.8433272822416945
-0.5189883007008872,2,0.14693282577270705,1,-0.6453927582714232,0.0999330154962399,1,-0.3264780878755637,0.279705596772716,0,1.53157049844173,-1.012340415329351,-0.02544667403658987,4,0.24111055585492935,1,-0.0468554353557308,0.6772515839303622,-0.6594307537576322,0,-0.8850184679723064,-0.4292901468837605,0.2856770558156722,0.21880726957482452,0.36880303904830697,0.15731945906803824,0.3574353973694499,1.1617667274559307,2.433919270386509,1.2490837088129039,1.1270094572749418
0.350582836074526,2,-0.09964308802026872,2,-0.890779723588977,-0.8633557240412861,2,-0.843486783443737,1.1985150431545986,0,-1.0105987410324755,0.389912032759361,-0.02544667403658987,7,-0.6706129608183733,0,-0.14183102846396783,1.1598874603597733,1.738993678466003,0,-0.8850184679723064,-0.4292901468837605,0.2856770558156722,1.383139165592895,-0.39928262905229917,1.6990501579348147,0.3574353973694499,-0.31702329580246624,-0.05767581209446695,-0.3552439905798167,-0.2914014178912949
-1.171166653282447,2,0.2973441331864223,0,1.3177029642690068,-0.8633557240412861,3,1.3002881262051853,1.1985150431545986,0,0.11382226873496147,0.389912032759361,-0.932273603340525,1,-0.6706129608183733,1,-0.8997235130659399,-1.0448393895644896,-1.0591681591282378,1,-1.1579030296753563,-0.4292901468837605,0.2856770558156722,-0.9455246264432461,-0.6553111850858345,0.15731945906803824,0.3574353973694499,-0.31702329580246624,-0.8882075062547923,-0.3552439905798167,-0.007719242858047555
0.4592792281714526,2,-0.8245762745716175,1,0.5815420683163456,0.0999330154962399,1,-1.3193323663074379,-1.557913295991049,1,-0.5217200411335899,0.389912032759361,-0.932273603340525,6,0.24111055585492935,0,-0.8353440841804907,-1.3657521332970814,0.5397814623541853,0,-0.8850184679723064,-0.4292901468837605,-1.565321388477609,0.21880726957482452,0.2407887610315393,-0.61354589036535,0.3574353973694499,0.34021671453459906,1.0496997801193,-0.3552439905798167,1.1270094572749418
-0.19289912441010723,2,0.4502211997380673,1,-1.0134732062477538,1.063221755033766,3,0.23663329392161864,1.1985150431545986,1,-0.42394430115381276,-1.012340415329351,-0.932273603340525,2,0.24111055585492935,1,-0.8763514431735325,0.28540023368846046,1.339256273095397,0,-0.8850184679723064,-0.4292901468837605,-0.6398221663309683,0.21880726957482452,-0.14325407301876378,-0.61354589036535,0.3574353973694499,0.17590671195033272,-1.165051404308234,-0.3552439905798167,0.8433272822416945
-1.3885594374763002,0,-0.3116983738822279,1,0.21346162034001492,-0.8633557240412861,4,-1.6502837924513958,-1.557913295991049,0,1.4337947584619528,1.792164480848073,-0.02544667403658987,4,0.24111055585492935,0,-0.5038856384336231,-0.8558105234097216,-1.0591681591282378,0,0.7522889022459932,-0.4292901468837605,1.2111762779623128,0.21880726957482452,-0.7833254631026022,1.6990501579348147,-1.0820989427212115,-0.48133329838673256,-0.6113636082013505,-0.3552439905798167,-0.2914014178912949
1.7636359333345724,2,0.1691246580140749,2,-0.15461882763631568,0.0999330154962399,2,-0.21616094582757767,-1.557913295991049,1,0.3093737486945157,0.389912032759361,1.7882071845712804,7,1.152834072528232,1,1.1587184243671707,1.1931047443601646,0.9395188677247911,0,-0.3392493445662066,-0.4292901468837605,0.2856770558156722,0.21880726957482452,2.1610029312830545,0.15731945906803824,0.3574353973694499,-0.8099533035552652,-1.165051404308234,-0.03437845070127261,-0.5750835929245423
1.1114575807530125,2,0.9285784724964403,0,2.0538638602216683,1.063221755033766,1,0.9825088961266584,1.1985150431545986,0,1.53157049844173,0.389912032759361,2.6950341138752156,3,0.24111055585492935,1,2.8206850670799897,-1.2797531480248825,0.14004405698357952,0,-1.1579030296753563,-0.4292901468837605,0.2856770558156722,0.21880726957482452,2.032988653266287,-0.61354589036535,0.3574353973694499,-0.31702329580246624,-0.6113636082013505,-0.3552439905798167,-1.142447942991037
-0.6276846927978138,1,0.1839192128416534,1,0.7042355509751225,0.0999330154962399,3,0.2168749998234719,0.279705596772716,1,0.2604858787046272,0.389912032759361,-0.932273603340525,2,0.24111055585492935,1,-0.8015608195178291,-1.1371721789893054,-0.6594307537576322,0,-0.8850184679723064,-0.4292901468837605,0.2856770558156722,0.21880726957482452,-1.1673682971529054,1.6990501579348147,-1.0820989427212115,-0.8099533035552652,-0.6113636082013505,-0.03437845070127261,-0.5750835929245423
-0.30159551650703387,0,1.4192645409444622,2,0.09076813768123806,0.0999330154962399,1,1.227841047845314,1.1985150431545986,1,0.9938039285529556,0.389912032759361,-0.02544667403658987,7,0.24111055585492935,0,-0.5060103720602056,-0.2814048623690604,-0.6594307537576322,1,-0.3392493445662066,-0.4292901468837605,0.2856770558156722,0.21880726957482452,0.49681731706507465,0.15731945906803824,0.3574353973694499,1.326076730040197,2.710763168439951,-0.6761095304583609,0.8433272822416945
-0.41029190860396053,2,-0.6716992080199725,1,-1.0134732062477538,1.063221755033766,4,-0.4088043132845085,1.1985150431545986,1,-0.17950495120436993,0.389912032759361,-0.932273603340525,6,1.152834072528232,2,-0.7854128439558022,-1.2815829136689718,-0.6594307537576322,1,-0.6121339062692566,-0.4292901468837605,0.2856770558156722,-0.9455246264432461,-0.14325407301876378,-0.61354589036535,-1.0820989427212115,0.5045267171188654,1.3265436781727418,1.569949248691448,1.1270094572749418
-0.5189883007008872,2,0.003918795772781102,2,-1.0134732062477538,1.063221755033766,2,1.6262999788246066,0.279705596772716,0,-0.9128230010526984,0.389912032759361,0.8813802552673452,7,1.152834072528232,1,0.8582810895684074,1.3680584901757837,-0.6594307537576322,0,1.025173463949043,-0.4292901468837605,0.2856770558156722,1.383139165592895,0.36880303904830697,0.15731945906803824,0.3574353973694499,1.1617667274559307,1.6033875762261836,0.9282181689343597,0.8433272822416945
0.4592792281714526,2,-1.3226596204334287,1,-0.40000579295386945,0.0999330154962399,3,-0.11736947533684393,1.1985150431545986,1,-0.3750564311639242,0.389912032759361,-0.932273603340525,2,-1.582336477491676,2,-0.35302955094626676,-1.5754714263503982,-0.2596933483870263,1,-0.6121339062692566,-0.4292901468837605,0.2856770558156722,-0.9455246264432461,1.136888707148913,0.15731945906803824,0.3574353973694499,1.819006737792996,2.433919270386509,-0.03437845070127261,3.680149032574168
0.350582836074526,0,-0.8418365885371258,1,0.8269290336338992,-0.8633557240412861,1,0.5132494112956731,0.279705596772716,1,0.3582616186844043,0.389912032759361,-0.932273603340525,6,0.24111055585492935,0,-0.6031106987950251,-0.8135851623922753,2.5384684892072147,0,0.2065197788398933,-0.4292901468837605,-0.6398221663309683,0.21880726957482452,-0.6553111850858345,-2.1552765892321264,0.3574353973694499,-0.48133329838673256,-0.6113636082013505,-0.6761095304583609,-1.142447942991037
1.5462431491407191,2,-1.1993716635369407,1,-0.7680862409302001,0.0999330154962399,3,-1.268290106553892,1.1985150431545986,0,1.53157049844173,0.389912032759361,1.7882071845712804,0,-0.6706129608183733,2,1.561992866692526,-1.0021917749368687,0.14004405698357952,0,0.7522889022459932,-0.4292901468837605,0.2856770558156722,-0.9455246264432461,1.2649029851656808,2.469915507368203,0.3574353973694499,0.011596709366066407,0.7728558820658583,-0.3552439905798167,-1.142447942991037
1.9810287175284256,2,-1.3127965838817095,2,0.4588485856575687,1.063221755033766,2,0.5659381955573978,-1.557913295991049,1,0.8960281885731786,1.792164480848073,1.7882071845712804,7,0.24111055585492935,2,1.5537064055488543,-0.7087255158656169,1.339256273095397,1,0.47940434054294323,-0.4292901468837605,0.2856770558156722,-0.9455246264432461,1.6489458192159838,-0.61354589036535,-1.0820989427212115,1.9833167403772622,0.7728558820658583,0.2864870891772715,1.1270094572749418
1.6549395412376458,2,0.6252900985310801,1,-1.0134732062477538,-0.8633557240412861,1,-0.08608550968144492,1.1985150431545986,1,0.16271013872485005,0.389912032759361,1.7882071845712804,3,1.152834072528232,1,2.276965732037532,-0.06802603802756509,-0.2596933483870263,0,-0.06636478286315664,-0.4292901468837605,-0.6398221663309683,0.21880726957482452,1.9049743752495192,-0.61354589036535,-1.0820989427212115,0.34021671453459906,1.0496997801193,1.569949248691448,1.1270094572749418
1.872332325431499,2,-0.9922478959508411,0,1.19500948161023,1.063221755033766,3,-0.5438193229551779,0.279705596772716,1,1.0426917985428443,0.389912032759361,0.8813802552673452,1,-0.6706129608183733,1,0.9226605184538567,-1.0673595821071276,-0.2596933483870263,0,-0.06636478286315664,-0.4292901468837605,0.2856770558156722,0.21880726957482452,0.6248315950818424,-1.3844112397987383,1.7969697374601115,0.34021671453459906,0.7728558820658583,1.569949248691448,-0.8587657679577896
-1.497255829573227,2,-0.7210143907785677,1,1.3177029642690068,-1.8266444635788122,1,0.8310286413742,-1.557913295991049,1,1.4826826284518413,0.389912032759361,-0.02544667403658987,2,0.24111055585492935,2,-0.8733768160963171,1.477844428821144,-1.0591681591282378,0,-0.3392493445662066,-0.4292901468837605,-0.6398221663309683,-0.9455246264432461,-0.7833254631026022,-0.61354589036535,0.3574353973694499,-0.48133329838673256,-0.3345197101479087,-0.3552439905798167,-0.5750835929245423
-1.3885594374763002,2,-0.26731470939949226,1,1.6857834122453375,0.0999330154962399,3,-0.6409642689377327,-0.6391038496091666,1,1.0915796685327328,1.792164480848073,-0.932273603340525,6,1.152834072528232,1,-0.7771263828121305,1.0299740996294302,-0.6594307537576322,1,-1.1579030296753563,-0.4292901468837605,-0.6398221663309683,1.383139165592895,-0.6553111850858345,0.15731945906803824,0.3574353973694499,-0.15271329321819993,0.2191680859589748,-0.3552439905798167,-0.007719242858047555
-1.8233450058640068,2,0.013781832324500134,1,-0.7680862409302001,0.0999330154962399,1,0.27944293113426993,-1.557913295991049,1,0.9938039285529556,-1.012340415329351,-0.932273603340525,2,0.24111055585492935,2,-0.71168458711339,-0.20891799262244426,-0.6594307537576322,0,-0.8850184679723064,-0.4292901468837605,-1.565321388477609,-0.9455246264432461,-1.1673682971529054,-0.61354589036535,-1.0820989427212115,-0.8099533035552652,-0.6113636082013505,-0.3552439905798167,-0.5750835929245423
0.1331900518806727,2,0.5809064340483444,2,-0.7680862409302001,1.063221755033766,1,0.012705960809288826,-0.6391038496091666,1,-1.2061502209920298,0.389912032759361,-0.02544667403658987,7,1.152834072528232,2,0.10166344514238483,-1.313392685635448,2.1387310838366087,1,-0.8850184679723064,-0.4292901468837605,0.2856770558156722,-0.9455246264432461,1.0088744291321454,-1.3844112397987383,0.3574353973694499,-0.9742633061395315,-1.165051404308234,-0.6761095304583609,-1.142447942991037
-0.845077476991667,2,-0.331424446985666,1,0.7042355509751225,0.0999330154962399,1,-1.1233959498341493,0.279705596772716,1,-0.32616856117403564,0.389912032759361,-0.932273603340525,6,1.152834072528232,2,-0.8589286274355562,1.176777604766752,-0.6594307537576322,0,1.025173463949043,-0.4292901468837605,-1.565321388477609,-0.9455246264432461,-0.6553111850858345,-1.3844112397987383,0.3574353973694499,-0.15271329321819993,0.2191680859589748,-0.3552439905798167,0.2759629321751998
-0.08420273231318058,2,1.0321403562894902,2,-0.031925344977538815,1.063221755033766,1,-1.6486372679432169,0.279705596772716,1,0.7493645786035128,-1.012340415329351,-0.932273603340525,8,-1.582336477491676,2,-0.6322195494792051,-1.0311865228355153,1.738993678466003,0,2.1167117107612428,2.3294268625987633,-0.6398221663309683,-0.9455246264432461,-0.14325407301876378,0.9281848085014265,0.3574353973694499,-0.31702329580246624,-0.3345197101479087,-0.6761095304583609,-0.2914014178912949
-0.9537738690885937,2,0.9187154359447213,2,-0.7680862409302001,0.0999330154962399,3,1.3941400231713823,-0.6391038496091666,0,0.5538130986439586,0.389912032759361,-0.932273603340525,8,-0.6706129608183733,1,-0.7492923723039,-1.4948209868070756,-0.6594307537576322,0,1.025173463949043,-0.4292901468837605,1.2111762779623128,0.21880726957482452,-1.295382575169673,0.15731945906803824,0.3574353973694499,-0.9742633061395315,-1.165051404308234,-0.6761095304583609,-1.142447942991037
0.4592792281714526,0,-0.7160828725027082,1,-0.890779723588977,1.063221755033766,4,-0.6788343326258474,-1.557913295991049,0,-0.2283928211942585,-1.012340415329351,-0.02544667403658987,0,0.24111055585492935,2,0.09103977700947241,-1.7172078881656263,-0.2596933483870263,1,0.47940434054294323,-0.4292901468837605,-1.565321388477609,-0.9455246264432461,-0.14325407301876378,0.15731945906803824,0.3574353973694499,0.17590671195033272,0.7728558820658583,-0.6761095304583609,0.8433272822416945
1.872332325431499,2,-0.5311509371579763,1,1.5630899295865606,2.026510494571292,3,1.0483698764538143,-0.6391038496091666,0,1.18935540851251,0.389912032759361,1.7882071845712804,3,0.24111055585492935,1,2.346444521626779,0.6154618056414991,0.14004405698357952,0,2.6624808341673427,2.3294268625987633,0.2856770558156722,0.21880726957482452,3.185117155417196,2.469915507368203,0.3574353973694499,0.5045267171188654,1.0496997801193,0.6073526290558157,0.8433272822416945
-0.19289912441010723,2,1.2713189926686765,1,1.5630899295865606,0.0999330154962399,1,-1.065767592047888,-0.6391038496091666,0,0.2115980087147386,1.792164480848073,0.8813802552673452,3,-0.6706129608183733,0,1.1927141623924904,0.6738735550489665,1.738993678466003,0,0.7522889022459932,-0.4292901468837605,-0.6398221663309683,0.21880726957482452,-0.14325407301876378,2.469915507368203,-1.0820989427212115,0.011596709366066407,0.7728558820658583,1.2490837088129039,-0.5750835929245423
1.9810287175284256,2,-1.2758101968127633,1,-0.890779723588977,-0.8633557240412861,3,0.5066633132629575,1.1985150431545986,0,-0.42394430115381276,-2.414592863418063,2.6950341138752156,3,0.24111055585492935,1,2.7206101132679548,-1.0303420156151664,0.5397814623541853,0,-0.3392493445662066,-0.4292901468837605,1.2111762779623128,0.21880726957482452,1.5209315411992161,1.6990501579348147,0.3574353973694499,1.9833167403772622,1.3265436781727418,2.2116803284485362,1.978055982374684
-0.19289912441010723,1,-1.6111534395712104,1,-0.890779723588977,1.063221755033766,3,1.112584332272791,-1.557913295991049,1,0.6027009686338471,-1.012340415329351,-0.932273603340525,6,1.152834072528232,2,-0.3086226181506928,-0.04818011834936532,-1.0591681591282378,1,-0.3392493445662066,-0.4292901468837605,0.2856770558156722,-0.9455246264432461,-0.6553111850858345,-0.61354589036535,1.7969697374601115,-0.31702329580246624,-0.05767581209446695,-0.3552439905798167,-0.007719242858047555
-0.7363810848947404,1,-0.8270420337095473,1,-0.6453927582714232,0.0999330154962399,5,-0.8467798324600947,0.279705596772716,1,-1.303925960971807,0.389912032759361,-0.932273603340525,6,1.152834072528232,2,-0.8706146623817599,-1.5321200557058199,2.5384684892072147,1,2.1167117107612428,2.3294268625987633,0.2856770558156722,-0.9455246264432461,-1.0393540191361377,0.9281848085014265,0.3574353973694499,-0.9742633061395315,-1.165051404308234,-0.6761095304583609,-1.142447942991037
0.8940647965591592,0,0.6178928211172908,2,-0.031925344977538815,1.063221755033766,1,0.14607444597177938,-0.6391038496091666,0,-0.0817292112245928,-1.012340415329351,-0.02544667403658987,7,0.24111055585492935,1,-0.16775277870827415,0.5148246952165854,-0.6594307537576322,0,-0.6121339062692566,-0.4292901468837605,1.2111762779623128,0.21880726957482452,0.49681731706507465,-0.61354589036535,0.3574353973694499,1.326076730040197,1.6033875762261836,0.6073526290558157,2.2617381574079314
0.24188644397759934,0,-1.7122495642263305,1,-0.031925344977538815,0.0999330154962399,1,1.63617912587368,1.1985150431545986,1,0.9938039285529556,0.389912032759361,2.6950341138752156,3,1.152834072528232,2,2.7724536137565674,0.13930048456809627,-0.2596933483870263,0,-0.6121339062692566,-0.4292901468837605,0.2856770558156722,-0.9455246264432461,1.2649029851656808,0.15731945906803824,-1.0820989427212115,-0.15271329321819993,-1.165051404308234,-0.3552439905798167,-0.2914014178912949
-0.845077476991667,2,-1.6160849578470697,2,0.09076813768123806,-1.8266444635788122,2,-0.9307525823772184,1.1985150431545986,0,-1.3528138309616955,-1.012340415329351,-0.02544667403658987,7,-0.6706129608183733,0,0.4006134664025403,-0.3443206502850554,-0.6594307537576322,1,-0.3392493445662066,-0.4292901468837605,-1.565321388477609,1.383139165592895,-0.5272969070690668,-0.61354589036535,0.3574353973694499,0.011596709366066407,0.7728558820658583,-0.3552439905798167,0.8433272822416945
-1.171166653282447,1,0.29980989232435207,1,-1.0134732062477538,-1.8266444635788122,3,0.06539474507101349,-1.557913295991049,0,-0.03284134123470423,-1.012340415329351,-0.932273603340525,6,0.24111055585492935,0,-0.9296822572007529,1.541604723957488,-0.6594307537576322,0,-0.6121339062692566,-0.4292901468837605,0.2856770558156722,1.383139165592895,-0.7833254631026022,1.6990501579348147,0.3574353973694499,-0.31702329580246624,-0.3345197101479087,-0.3552439905798167,-0.2914014178912949
-0.845077476991667,1,-0.839370829399196,1,1.8084768949041143,-0.8633557240412861,1,1.38261435161413,1.1985150431545986,1,0.3093737486945157,-1.012340415329351,-0.932273603340525,6,1.152834072528232,2,-0.8378937645323896,0.06202807390616953,-0.6594307537576322,1,2.389596272464293,2.3294268625987633,-0.6398221663309683,-0.9455246264432461,-1.295382575169673,0.15731945906803824,-1.0820989427212115,-0.9742633061395315,-1.165051404308234,-0.3552439905798167,-1.142447942991037
0.6766720123653059,1,0.3885772212898233,1,2.299250825539222,0.0999330154962399,3,-1.411537738765456,-0.6391038496091666,0,0.2604858787046272,1.792164480848073,-0.932273603340525,6,0.24111055585492935,2,-0.34920503041841827,0.25021243284058853,0.5397814623541853,0,-0.8850184679723064,-0.4292901468837605,1.2111762779623128,-0.9455246264432461,0.8808601511153777,-0.61354589036535,0.3574353973694499,-0.6456433009709989,-0.6113636082013505,-0.3552439905798167,-0.5750835929245423
-1.3885594374763002,2,0.45515271801392676,1,0.9496225162926761,-0.8633557240412861,1,0.3140199458060267,1.1985150431545986,0,1.4826826284518413,0.389912032759361,-0.932273603340525,2,-0.6706129608183733,1,-0.8865501645811285,-1.5398613718923517,-0.6594307537576322,0,-0.6121339062692566,-0.4292901468837605,-1.565321388477609,0.21880726957482452,-1.295382575169673,0.15731945906803824,-2.521633282811873,-0.9742633061395315,-1.165051404308234,-0.6761095304583609,-1.142447942991037
-0.19289912441010723,2,-0.3190956512960172,1,0.09076813768123806,1.063221755033766,3,0.9199409648158604,-1.557913295991049,0,-0.7661593910830328,0.389912032759361,-0.02544667403658987,0,0.24111055585492935,2,-0.05110490260889577,-1.4200820978061957,0.14004405698357952,1,0.2065197788398933,-0.4292901468837605,0.2856770558156722,-0.9455246264432461,-0.14325407301876378,0.9281848085014265,0.3574353973694499,-0.31702329580246624,-0.6113636082013505,-0.6761095304583609,-0.007719242858047555
1.7636359333345724,2,0.9088523993930022,2,1.8084768949041143,1.063221755033766,1,1.5472668024320195,-1.557913295991049,1,-0.03284134123470423,0.389912032759361,0.8813802552673452,7,-1.582336477491676,2,0.8638053969975219,-1.1920651483119857,1.339256273095397,1,-0.6121339062692566,-0.4292901468837605,-0.6398221663309683,-0.9455246264432461,0.49681731706507465,-0.61354589036535,-1.0820989427212115,-0.8099533035552652,-0.6113636082013505,-0.03437845070127261,-0.5750835929245423
1.5462431491407191,2,-0.9059463261232995,1,-0.031925344977538815,1.063221755033766,1,-1.5020965867152951,1.1985150431545986,1,1.4337947584619528,0.389912032759361,-0.932273603340525,2,1.152834072528232,1,-0.915234068539992,0.6210918537771586,0.14004405698357952,0,2.1167117107612428,2.3294268625987633,-0.6398221663309683,1.383139165592895,-0.14325407301876378,0.9281848085014265,0.3574353973694499,-0.48133329838673256,-0.6113636082013505,-0.6761095304583609,-0.2914014178912949
0.6766720123653059,1,-0.5927949156062203,1,0.09076813768123806,1.063221755033766,1,-0.9554504499999018,0.279705596772716,0,0.7493645786035128,-1.012340415329351,-0.02544667403658987,2,0.24111055585492935,0,-0.23914382856144561,-1.1380166862096543,-0.6594307537576322,0,-1.1579030296753563,-0.4292901468837605,-0.6398221663309683,0.21880726957482452,-0.2712683510355315,0.15731945906803824,1.7969697374601115,0.34021671453459906,0.7728558820658583,-0.6761095304583609,-1.142447942991037
-1.497255829573227,2,-1.5766328116401938,1,-0.6453927582714232,-1.8266444635788122,3,1.163626592026337,0.279705596772716,0,-0.7661593910830328,0.389912032759361,-0.932273603340525,2,-0.6706129608183733,2,-0.6560165660969289,-0.20413245170713368,-0.6594307537576322,0,-0.6121339062692566,-0.4292901468837605,0.2856770558156722,-0.9455246264432461,-1.0393540191361377,0.15731945906803824,-2.521633282811873,-0.6456433009709989,-0.6113636082013505,-0.3552439905798167,-0.5750835929245423
0.4592792281714526,2,1.175154386289416,2,-0.890779723588977,2.026510494571292,1,-0.6640156120522374,-0.6391038496091666,0,1.18935540851251,0.389912032759361,1.7882071845712804,3,-1.582336477491676,1,2.1698791572577747,-1.2226081594479385,1.738993678466003,0,0.2065197788398933,-0.4292901468837605,-0.6398221663309683,0.21880726957482452,1.3929172631824485,-0.61354589036535,0.3574353973694499,1.819006737792996,3.2644509645468345,2.8534114082056243,1.1270094572749418
-0.41029190860396053,0,-0.12183492026163655,2,1.5630899295865606,-0.8633557240412861,2,-1.4296495083554237,0.279705596772716,1,1.3849068884720641,0.389912032759361,-0.02544667403658987,7,-0.6706129608183733,1,-0.050255009158262774,0.16435419877178106,-1.0591681591282378,0,-0.6121339062692566,-0.4292901468837605,-1.565321388477609,0.21880726957482452,-0.39928262905229917,-0.61354589036535,1.7969697374601115,0.011596709366066407,0.7728558820658583,-0.6761095304583609,0.8433272822416945
1.3288503649468657,2,1.715155637496033,1,-0.5226992756126463,1.063221755033766,5,0.7322371708834663,-1.557913295991049,1,1.4337947584619528,0.389912032759361,-0.02544667403658987,0,0.24111055585492935,1,0.05704403898415267,1.0164619841038474,-0.2596933483870263,0,-0.3392493445662066,-0.4292901468837605,-0.6398221663309683,0.21880726957482452,1.136888707148913,-2.1552765892321264,-1.0820989427212115,-0.6456433009709989,-0.6113636082013505,-0.3552439905798167,-0.5750835929245423
-0.41029190860396053,2,-0.5188221414683276,1,2.299250825539222,1.063221755033766,1,0.8573730335050623,-0.6391038496091666,1,0.6027009686338471,0.389912032759361,-0.02544667403658987,2,0.24111055585492935,1,-0.24976749669435802,1.2156249369028025,-0.6594307537576322,1,-0.8850184679723064,-0.4292901468837605,-0.6398221663309683,0.21880726957482452,0.49681731706507465,0.15731945906803824,0.3574353973694499,1.326076730040197,2.710763168439951,0.9282181689343597,0.8433272822416945
-0.19289912441010723,2,-0.12183492026163655,1,2.299250825539222,0.0999330154962399,1,0.9347596853894704,-0.6391038496091666,1,-1.0105987410324755,1.792164480848073,-0.02544667403658987,2,0.24111055585492935,1,-0.6322195494792051,1.5532870738389815,-0.6594307537576322,0,0.47940434054294323,-0.4292901468837605,1.2111762779623128,1.383139165592895,-0.14325407301876378,0.15731945906803824,-1.0820989427212115,0.5045267171188654,1.3265436781727418,1.2490837088129039,1.1270094572749418
0.4592792281714526,2,-0.8689599390543532,1,-0.5226992756126463,0.0999330154962399,1,1.2937020281724696,-0.6391038496091666,1,0.8960281885731786,1.792164480848073,-0.02544667403658987,0,-0.6706129608183733,2,0.10357570540630907,0.17139175894135544,0.14004405698357952,0,-0.8850184679723064,-0.4292901468837605,-1.565321388477609,-0.9455246264432461,-0.0152397950019961,0.15731945906803824,-2.521633282811873,-0.6456433009709989,-0.6113636082013505,-0.3552439905798167,-0.5750835929245423
-1.6059522216701536,1,1.125839203530821,1,-0.7680862409302001,1.063221755033766,1,0.2876755536751644,0.279705596772716,1,-0.9128230010526984,-1.012340415329351,-0.932273603340525,6,1.152834072528232,1,-0.7499297923918747,-1.4200820978061957,-1.0591681591282378,1,-1.1579030296753563,-0.4292901468837605,-0.6398221663309683,0.21880726957482452,-1.295382575169673,1.6990501579348147,0.3574353973694499,-1.138573308723798,-1.165051404308234,-0.6761095304583609,-1.142447942991037
-0.845077476991667,2,1.4266618183582513,1,0.4588485856575687,-0.8633557240412861,4,1.6872213856272258,1.1985150431545986,1,-1.0105987410324755,-1.012340415329351,-0.02544667403658987,2,-0.6706129608183733,1,-0.5009110113564076,1.3183733153785886,0.5397814623541853,1,-0.6121339062692566,-0.4292901468837605,-1.565321388477609,0.21880726957482452,-0.14325407301876378,-0.61354589036535,0.3574353973694499,-0.48133329838673256,-0.3345197101479087,-0.6761095304583609,-0.2914014178912949
1.4375467570437923,2,-1.3201938612954989,2,-0.031925344977538815,0.0999330154962399,2,0.9265270628485759,0.279705596772716,1,-0.3750564311639242,0.389912032759361,2.6950341138752156,3,0.24111055585492935,1,2.751206277490742,0.7328483092699998,0.5397814623541853,1,0.2065197788398933,-0.4292901468837605,0.2856770558156722,0.21880726957482452,2.032988653266287,-0.61354589036535,0.3574353973694499,-0.9742633061395315,-1.165051404308234,-0.6761095304583609,-1.142447942991037
